paper_id,source_record_id,reading_tier,case_id,condition_id,time_or_stage,spatial_location,parameter_group,parameter_name,reported_value,reported_unit,normalized_value,normalized_unit,value_status,definition,source_location,source_type,extraction_status,verification_status,notes,parameter_record_id,context_id,parameter_role,parameter_context,reference_frame,state_qualifier,event_id,interval_id,history_id,ratio_id,dimensionless_definition_id,process_relation_id,source_locator_id,sign_convention,missing_reason,schema_version
B011,B-H2-06,tier1,ALL,ALL,,,study_context,study_type,numerical,,,,reported,"Three-dimensional compressible LES of hydrogen and methane jets; nonreacting, single circular nozzle.","PDF p.1, Abstract",text,complete,verified,,PAR-B011-0001,CTX-B011-ALL,classification,,,,,,,,,,LOC-B011-0001,,,1.1
B011,B-H2-06,tier1,ALL,ALL,,,study_context,application_context,"NPR benchmark: pressure roles, underexpanded shock structure, Mach disk dimensions, shock-cell spacing, gas and ambient-pressure effects.",,,,reported,Pilot-role context,"PDF p.1, Abstract",text,complete,verified,,PAR-B011-0002,CTX-B011-ALL,descriptive_state,,,,,,,,,,LOC-B011-0001,,,1.1
B011,B-H2-06,tier1,ALL,ALL,,,injector_nozzle,nozzle_diameter,1.5,mm,0.0015,m,reported,Circular nozzle diameter D,"PDF p.6, numerical setup",text,complete,verified,,PAR-B011-0003,CTX-B011-ALL,model_input,,,,,,,,,,LOC-B011-0002,,,1.1
B011,B-H2-06,tier1,B011-C01,B011-C01,,,jet_global,NPR_reported,10,,,,reported,P0/P∞: upstream/nozzle total pressure over ambient static pressure,"PDF p.3, NPR definition",text,complete,verified,,PAR-B011-0004,CTX-B011-B011-C01,operating_condition,pressure_ratio,,,,,,RATIO-B011-001,,,LOC-B011-0003,,,1.1
B011,B-H2-06,tier1,B011-C01,B011-C01,,,ambient_conditions,ambient_pressure,98.37,kPa,98370.0,Pa,reported,Ambient static pressure P∞,"PDF p.6, case conditions",text,complete,verified,,PAR-B011-0005,CTX-B011-B011-C01,boundary_condition,,,,,,,,,,LOC-B011-0004,,,1.1
B011,B-H2-06,tier1,B011-C01,B011-C01,,,study_context,working_gas,H2,,,,reported,Jet gas species,"PDF p.6, case conditions",text,complete,verified,,PAR-B011-0006,CTX-B011-B011-C01,unknown,,,,,,,,,,LOC-B011-0004,,,1.1
B011,B-H2-06,tier1,B011-C02,B011-C02,,,jet_global,NPR_reported,10,,,,reported,P0/P∞: upstream/nozzle total pressure over ambient static pressure,"PDF p.3, NPR definition",text,complete,verified,,PAR-B011-0007,CTX-B011-B011-C02,operating_condition,pressure_ratio,,,,,,RATIO-B011-002,,,LOC-B011-0003,,,1.1
B011,B-H2-06,tier1,B011-C02,B011-C02,,,ambient_conditions,ambient_pressure,491.85,kPa,491850.0,Pa,reported,Ambient static pressure P∞,"PDF p.6, case conditions",text,complete,verified,,PAR-B011-0008,CTX-B011-B011-C02,boundary_condition,,,,,,,,,,LOC-B011-0004,,,1.1
B011,B-H2-06,tier1,B011-C02,B011-C02,,,study_context,working_gas,H2,,,,reported,Jet gas species,"PDF p.6, case conditions",text,complete,verified,,PAR-B011-0009,CTX-B011-B011-C02,unknown,,,,,,,,,,LOC-B011-0004,,,1.1
B011,B-H2-06,tier1,B011-C03,B011-C03,,,jet_global,NPR_reported,10,,,,reported,P0/P∞: upstream/nozzle total pressure over ambient static pressure,"PDF p.3, NPR definition",text,complete,verified,,PAR-B011-0010,CTX-B011-B011-C03,operating_condition,pressure_ratio,,,,,,RATIO-B011-003,,,LOC-B011-0003,,,1.1
B011,B-H2-06,tier1,B011-C03,B011-C03,,,ambient_conditions,ambient_pressure,983.7,kPa,983700.0,Pa,reported,Ambient static pressure P∞,"PDF p.6, case conditions",text,complete,verified,,PAR-B011-0011,CTX-B011-B011-C03,boundary_condition,,,,,,,,,,LOC-B011-0004,,,1.1
B011,B-H2-06,tier1,B011-C03,B011-C03,,,study_context,working_gas,H2,,,,reported,Jet gas species,"PDF p.6, case conditions",text,complete,verified,,PAR-B011-0012,CTX-B011-B011-C03,unknown,,,,,,,,,,LOC-B011-0004,,,1.1
B011,B-H2-06,tier1,B011-C04,B011-C04,,,jet_global,NPR_reported,8.5,,,,reported,P0/P∞: upstream/nozzle total pressure over ambient static pressure,"PDF p.3, NPR definition",text,complete,verified,,PAR-B011-0013,CTX-B011-B011-C04,operating_condition,pressure_ratio,,,,,,RATIO-B011-004,,,LOC-B011-0003,,,1.1
B011,B-H2-06,tier1,B011-C04,B011-C04,,,ambient_conditions,ambient_pressure,98.37,kPa,98370.0,Pa,reported,Ambient static pressure P∞,"PDF p.6, case conditions",text,complete,verified,,PAR-B011-0014,CTX-B011-B011-C04,boundary_condition,,,,,,,,,,LOC-B011-0004,,,1.1
B011,B-H2-06,tier1,B011-C04,B011-C04,,,study_context,working_gas,H2,,,,reported,Jet gas species,"PDF p.6, case conditions",text,complete,verified,,PAR-B011-0015,CTX-B011-B011-C04,unknown,,,,,,,,,,LOC-B011-0004,,,1.1
B011,B-H2-06,tier1,B011-C05,B011-C05,,,jet_global,NPR_reported,8.5,,,,reported,P0/P∞: upstream/nozzle total pressure over ambient static pressure,"PDF p.3, NPR definition",text,complete,verified,,PAR-B011-0016,CTX-B011-B011-C05,operating_condition,pressure_ratio,,,,,,RATIO-B011-005,,,LOC-B011-0003,,,1.1
B011,B-H2-06,tier1,B011-C05,B011-C05,,,ambient_conditions,ambient_pressure,98.37,kPa,98370.0,Pa,reported,Ambient static pressure P∞,"PDF p.6, case conditions",text,complete,verified,,PAR-B011-0017,CTX-B011-B011-C05,boundary_condition,,,,,,,,,,LOC-B011-0004,,,1.1
B011,B-H2-06,tier1,B011-C05,B011-C05,,,study_context,working_gas,CH4,,,,reported,Jet gas species,"PDF p.6, case conditions",text,complete,verified,,PAR-B011-0018,CTX-B011-B011-C05,unknown,,,,,,,,,,LOC-B011-0004,,,1.1
B011,B-H2-06,tier1,B011-C01,B011-C01,quasi-steady,,shock_structure,mach_disk_distance,3.09,mm,0.00309,m,reported,Quasi-steady axial distance from nozzle exit,"PDF p.7, validation",text,complete,verified,,PAR-B011-0019,CTX-B011-B011-C01,simulated_output,mach_disk,,quasi_steady,,,,,,,LOC-B011-0005,,,1.1
B011,B-H2-06,tier1,B011-C01,B011-C01,quasi-steady,,shock_structure,mach_disk_diameter,1.34,mm,0.00134,m,reported,Quasi-steady Mach-disk width,"PDF p.7, validation",text,complete,verified,,PAR-B011-0020,CTX-B011-B011-C01,simulated_output,mach_disk,,quasi_steady,,,,,,,LOC-B011-0005,,,1.1
B011,B-H2-06,tier1,B011-C01,B011-C01,,,jet_global,shock_cell_spacing,4.04,mm,0.00404,m,reported,Second shock-cell length,"PDF p.16, results",text,complete,verified,,PAR-B011-0021,CTX-B011-B011-C01,simulated_output,,,,,,,,,,LOC-B011-0006,,,1.1
C014,C-SD-07,tier1,ALL,ALL,,,study_context,study_type,experimental,,,,reported,Shock-tube experiment on single water or ethylene-glycol droplets in air or CO2; high-speed shadowgraphy.,"PDF p.1, Abstract",text,complete,verified,,PAR-C014-0001,CTX-C014-ALL,classification,,,,,,,,,,LOC-C014-0001,,,1.1
C014,C-SD-07,tier1,ALL,ALL,,,study_context,application_context,Mach-number versus Weber-number benchmark for shock-induced droplet breakup.,,,,reported,Pilot-role context,"PDF p.1, Abstract",text,complete,verified,,PAR-C014-0002,CTX-C014-ALL,descriptive_state,,,,,,,,,,LOC-C014-0001,,,1.1
C014,C-SD-07,tier1,C014-C01,C014-C01,,,dimensionless_numbers,We_reported,1060,,,,reported,ρg ug²d0/σ; post-shock gas density and velocity,"PDF p.5, Table 1",table,complete,verified,,PAR-C014-0003,CTX-C014-C014-C01,operating_condition,shock_droplet_loading,,,,,,,DIM-C014-001,,LOC-C014-0002,,,1.1
C014,C-SD-07,tier1,C014-C01,C014-C01,,,dimensionless_numbers,Oh_reported,0.042,,,,reported,μd/√(ρd d0 σ),"PDF p.5, Table 1",table,complete,verified,,PAR-C014-0004,CTX-C014-C014-C01,operating_condition,shock_droplet_loading,,,,,,,DIM-C014-002,,LOC-C014-0002,,,1.1
C014,C-SD-07,tier1,C014-C01,C014-C01,,,dimensionless_numbers,Re_reported,24000,,,,reported,ρg ug d0/μg; post-shock gas properties,"PDF p.5, Table 1",table,complete,verified,,PAR-C014-0005,CTX-C014-C014-C01,operating_condition,shock_droplet_loading,,,,,,,DIM-C014-003,,LOC-C014-0002,,,1.1
C014,C-SD-07,tier1,C014-C01,C014-C01,,,dimensionless_numbers,Mach,0.3,,,,reported,M∞: uniform post-shock freestream gas velocity/speed of sound,"PDF p.5, Table 1",table,complete,verified,,PAR-C014-0006,CTX-C014-C014-C01,operating_condition,post_shock_freestream,NV,,,,,,DIM-C014-004,,LOC-C014-0002,,,1.1
C014,C-SD-07,tier1,C014-C01,C014-C01,,,dimensionless_numbers,density_ratio,710,,,,reported,ρd/ρg,"PDF p.5, Table 1",table,complete,verified,,PAR-C014-0007,CTX-C014-C014-C01,reported_correlation,,,,,,,,,,LOC-C014-0002,,,1.1
C014,C-SD-07,tier1,C014-C01,C014-C01,,,dimensionless_numbers,viscosity_ratio,796,,,,reported,μd/μg,"PDF p.5, Table 1",table,complete,verified,,PAR-C014-0008,CTX-C014-C014-C01,reported_correlation,,,,,,,,,,LOC-C014-0002,,,1.1
C014,C-SD-07,tier1,C014-C02,C014-C02,,,dimensionless_numbers,We_reported,1056,,,,reported,ρg ug²d0/σ; post-shock gas density and velocity,"PDF p.5, Table 1",table,complete,verified,,PAR-C014-0009,CTX-C014-C014-C02,operating_condition,shock_droplet_loading,,,,,,,DIM-C014-005,,LOC-C014-0002,,,1.1
C014,C-SD-07,tier1,C014-C02,C014-C02,,,dimensionless_numbers,Oh_reported,0.044,,,,reported,μd/√(ρd d0 σ),"PDF p.5, Table 1",table,complete,verified,,PAR-C014-0010,CTX-C014-C014-C02,operating_condition,shock_droplet_loading,,,,,,,DIM-C014-006,,LOC-C014-0002,,,1.1
C014,C-SD-07,tier1,C014-C02,C014-C02,,,dimensionless_numbers,Re_reported,8600,,,,reported,ρg ug d0/μg; post-shock gas properties,"PDF p.5, Table 1",table,complete,verified,,PAR-C014-0011,CTX-C014-C014-C02,operating_condition,shock_droplet_loading,,,,,,,DIM-C014-007,,LOC-C014-0002,,,1.1
C014,C-SD-07,tier1,C014-C02,C014-C02,,,dimensionless_numbers,Mach,0.63,,,,reported,M∞: uniform post-shock freestream gas velocity/speed of sound,"PDF p.5, Table 1",table,complete,verified,,PAR-C014-0012,CTX-C014-C014-C02,operating_condition,post_shock_freestream,NV,,,,,,DIM-C014-008,,LOC-C014-0002,,,1.1
C014,C-SD-07,tier1,C014-C02,C014-C02,,,dimensionless_numbers,density_ratio,3600,,,,reported,ρd/ρg,"PDF p.5, Table 1",table,complete,verified,,PAR-C014-0013,CTX-C014-C014-C02,reported_correlation,,,,,,,,,,LOC-C014-0002,,,1.1
C014,C-SD-07,tier1,C014-C02,C014-C02,,,dimensionless_numbers,viscosity_ratio,697,,,,reported,μd/μg,"PDF p.5, Table 1",table,complete,verified,,PAR-C014-0014,CTX-C014-C014-C02,reported_correlation,,,,,,,,,,LOC-C014-0002,,,1.1
C014,C-SD-07,tier1,C014-C03,C014-C03,,,dimensionless_numbers,We_reported,1120,,,,reported,ρg ug²d0/σ; post-shock gas density and velocity,"PDF p.5, Table 1",table,complete,verified,,PAR-C014-0015,CTX-C014-C014-C03,operating_condition,shock_droplet_loading,,,,,,,DIM-C014-009,,LOC-C014-0002,,,1.1
C014,C-SD-07,tier1,C014-C03,C014-C03,,,dimensionless_numbers,Oh_reported,0.043,,,,reported,μd/√(ρd d0 σ),"PDF p.5, Table 1",table,complete,verified,,PAR-C014-0016,CTX-C014-C014-C03,operating_condition,shock_droplet_loading,,,,,,,DIM-C014-010,,LOC-C014-0002,,,1.1
C014,C-SD-07,tier1,C014-C03,C014-C03,,,dimensionless_numbers,Re_reported,5900,,,,reported,ρg ug d0/μg; post-shock gas properties,"PDF p.5, Table 1",table,complete,verified,,PAR-C014-0017,CTX-C014-C014-C03,operating_condition,shock_droplet_loading,,,,,,,DIM-C014-011,,LOC-C014-0002,,,1.1
C014,C-SD-07,tier1,C014-C03,C014-C03,,,dimensionless_numbers,Mach,0.83,,,,reported,M∞: uniform post-shock freestream gas velocity/speed of sound,"PDF p.5, Table 1",table,complete,verified,,PAR-C014-0018,CTX-C014-C014-C03,operating_condition,post_shock_freestream,NV,,,,,,DIM-C014-012,,LOC-C014-0002,,,1.1
C014,C-SD-07,tier1,C014-C03,C014-C03,,,dimensionless_numbers,density_ratio,7100,,,,reported,ρd/ρg,"PDF p.5, Table 1",table,complete,verified,,PAR-C014-0019,CTX-C014-C014-C03,reported_correlation,,,,,,,,,,LOC-C014-0002,,,1.1
C014,C-SD-07,tier1,C014-C03,C014-C03,,,dimensionless_numbers,viscosity_ratio,635,,,,reported,μd/μg,"PDF p.5, Table 1",table,complete,verified,,PAR-C014-0020,CTX-C014-C014-C03,reported_correlation,,,,,,,,,,LOC-C014-0002,,,1.1
C014,C-SD-07,tier1,C014-C04,C014-C04,,,dimensionless_numbers,We_reported,1050,,,,reported,ρg ug²d0/σ; post-shock gas density and velocity,"PDF p.5, Table 1",table,complete,verified,,PAR-C014-0021,CTX-C014-C014-C04,operating_condition,shock_droplet_loading,,,,,,,DIM-C014-013,,LOC-C014-0002,,,1.1
C014,C-SD-07,tier1,C014-C04,C014-C04,,,dimensionless_numbers,Oh_reported,0.044,,,,reported,μd/√(ρd d0 σ),"PDF p.5, Table 1",table,complete,verified,,PAR-C014-0022,CTX-C014-C014-C04,operating_condition,shock_droplet_loading,,,,,,,DIM-C014-014,,LOC-C014-0002,,,1.1
C014,C-SD-07,tier1,C014-C04,C014-C04,,,dimensionless_numbers,Re_reported,2600,,,,reported,ρg ug d0/μg; post-shock gas properties,"PDF p.5, Table 1",table,complete,verified,,PAR-C014-0023,CTX-C014-C014-C04,operating_condition,shock_droplet_loading,,,,,,,DIM-C014-015,,LOC-C014-0002,,,1.1
C014,C-SD-07,tier1,C014-C04,C014-C04,,,dimensionless_numbers,Mach,1.19,,,,reported,M∞: uniform post-shock freestream gas velocity/speed of sound,"PDF p.5, Table 1",table,complete,verified,,PAR-C014-0024,CTX-C014-C014-C04,operating_condition,post_shock_freestream,NV,,,,,,DIM-C014-016,,LOC-C014-0002,,,1.1
C014,C-SD-07,tier1,C014-C04,C014-C04,,,dimensionless_numbers,density_ratio,21000,,,,reported,ρd/ρg,"PDF p.5, Table 1",table,complete,verified,,PAR-C014-0025,CTX-C014-C014-C04,reported_correlation,,,,,,,,,,LOC-C014-0002,,,1.1
C014,C-SD-07,tier1,C014-C04,C014-C04,,,dimensionless_numbers,viscosity_ratio,508,,,,reported,μd/μg,"PDF p.5, Table 1",table,complete,verified,,PAR-C014-0026,CTX-C014-C014-C04,reported_correlation,,,,,,,,,,LOC-C014-0002,,,1.1
C014,C-SD-07,tier1,C014-C05,C014-C05,,,dimensionless_numbers,We_reported,1160,,,,reported,ρg ug²d0/σ; post-shock gas density and velocity,"PDF p.5, Table 1",table,complete,verified,,PAR-C014-0027,CTX-C014-C014-C05,operating_condition,shock_droplet_loading,,,,,,,DIM-C014-017,,LOC-C014-0002,,,1.1
C014,C-SD-07,tier1,C014-C05,C014-C05,,,dimensionless_numbers,Oh_reported,0.002,,,,reported,μd/√(ρd d0 σ),"PDF p.5, Table 1",table,complete,verified,,PAR-C014-0028,CTX-C014-C014-C05,operating_condition,shock_droplet_loading,,,,,,,DIM-C014-018,,LOC-C014-0002,,,1.1
C014,C-SD-07,tier1,C014-C05,C014-C05,,,dimensionless_numbers,Re_reported,9500,,,,reported,ρg ug d0/μg; post-shock gas properties,"PDF p.5, Table 1",table,complete,verified,,PAR-C014-0029,CTX-C014-C014-C05,operating_condition,shock_droplet_loading,,,,,,,DIM-C014-019,,LOC-C014-0002,,,1.1
C014,C-SD-07,tier1,C014-C05,C014-C05,,,dimensionless_numbers,Mach,0.83,,,,reported,M∞: uniform post-shock freestream gas velocity/speed of sound,"PDF p.5, Table 1",table,complete,verified,,PAR-C014-0030,CTX-C014-C014-C05,operating_condition,post_shock_freestream,NV,,,,,,DIM-C014-020,,LOC-C014-0002,,,1.1
C014,C-SD-07,tier1,C014-C05,C014-C05,,,dimensionless_numbers,density_ratio,4500,,,,reported,ρd/ρg,"PDF p.5, Table 1",table,complete,verified,,PAR-C014-0031,CTX-C014-C014-C05,reported_correlation,,,,,,,,,,LOC-C014-0002,,,1.1
C014,C-SD-07,tier1,C014-C05,C014-C05,,,dimensionless_numbers,viscosity_ratio,35,,,,reported,μd/μg,"PDF p.5, Table 1",table,complete,verified,,PAR-C014-0032,CTX-C014-C014-C05,reported_correlation,,,,,,,,,,LOC-C014-0002,,,1.1
C014,C-SD-07,tier1,C014-C06,C014-C06,,,dimensionless_numbers,We_reported,1100,,,,reported,ρg ug²d0/σ; post-shock gas density and velocity,"PDF p.5, Table 1",table,complete,verified,,PAR-C014-0033,CTX-C014-C014-C06,operating_condition,shock_droplet_loading,,,,,,,DIM-C014-021,,LOC-C014-0002,,,1.1
C014,C-SD-07,tier1,C014-C06,C014-C06,,,dimensionless_numbers,Oh_reported,0.044,,,,reported,μd/√(ρd d0 σ),"PDF p.5, Table 1",table,complete,verified,,PAR-C014-0034,CTX-C014-C014-C06,operating_condition,shock_droplet_loading,,,,,,,DIM-C014-022,,LOC-C014-0002,,,1.1
C014,C-SD-07,tier1,C014-C06,C014-C06,,,dimensionless_numbers,Re_reported,8800,,,,reported,ρg ug d0/μg; post-shock gas properties,"PDF p.5, Table 1",table,complete,verified,,PAR-C014-0035,CTX-C014-C014-C06,operating_condition,shock_droplet_loading,,,,,,,DIM-C014-023,,LOC-C014-0002,,,1.1
C014,C-SD-07,tier1,C014-C06,C014-C06,,,dimensionless_numbers,Mach,0.94,,,,reported,M∞: uniform post-shock freestream gas velocity/speed of sound,"PDF p.5, Table 1",table,complete,verified,,PAR-C014-0036,CTX-C014-C014-C06,operating_condition,post_shock_freestream,NV,,,,,,DIM-C014-024,,LOC-C014-0002,,,1.1
C014,C-SD-07,tier1,C014-C06,C014-C06,,,dimensionless_numbers,density_ratio,4700,,,,reported,ρd/ρg,"PDF p.5, Table 1",table,complete,verified,,PAR-C014-0037,CTX-C014-C014-C06,reported_correlation,,,,,,,,,,LOC-C014-0002,,,1.1
C014,C-SD-07,tier1,C014-C06,C014-C06,,,dimensionless_numbers,viscosity_ratio,802,,,,reported,μd/μg,"PDF p.5, Table 1",table,complete,verified,,PAR-C014-0038,CTX-C014-C014-C06,reported_correlation,,,,,,,,,,LOC-C014-0002,,,1.1
C014,C-SD-07,tier1,C014-C07,C014-C07,,,dimensionless_numbers,We_reported,1120,,,,reported,ρg ug²d0/σ; post-shock gas density and velocity,"PDF p.5, Table 1",table,complete,verified,,PAR-C014-0039,CTX-C014-C014-C07,operating_condition,shock_droplet_loading,,,,,,,DIM-C014-025,,LOC-C014-0002,,,1.1
C014,C-SD-07,tier1,C014-C07,C014-C07,,,dimensionless_numbers,Oh_reported,0.043,,,,reported,μd/√(ρd d0 σ),"PDF p.5, Table 1",table,complete,verified,,PAR-C014-0040,CTX-C014-C014-C07,operating_condition,shock_droplet_loading,,,,,,,DIM-C014-026,,LOC-C014-0002,,,1.1
C014,C-SD-07,tier1,C014-C07,C014-C07,,,dimensionless_numbers,Re_reported,5900,,,,reported,ρg ug d0/μg; post-shock gas properties,"PDF p.5, Table 1",table,complete,verified,,PAR-C014-0041,CTX-C014-C014-C07,operating_condition,shock_droplet_loading,,,,,,,DIM-C014-027,,LOC-C014-0002,,,1.1
C014,C-SD-07,tier1,C014-C07,C014-C07,,,dimensionless_numbers,Mach,1.19,,,,reported,M∞: uniform post-shock freestream gas velocity/speed of sound,"PDF p.5, Table 1",table,complete,verified,,PAR-C014-0042,CTX-C014-C014-C07,operating_condition,post_shock_freestream,NV,,,,,,DIM-C014-028,,LOC-C014-0002,,,1.1
C014,C-SD-07,tier1,C014-C07,C014-C07,,,dimensionless_numbers,density_ratio,9000,,,,reported,ρd/ρg,"PDF p.5, Table 1",table,complete,verified,,PAR-C014-0043,CTX-C014-C014-C07,reported_correlation,,,,,,,,,,LOC-C014-0002,,,1.1
C014,C-SD-07,tier1,C014-C07,C014-C07,,,dimensionless_numbers,viscosity_ratio,713,,,,reported,μd/μg,"PDF p.5, Table 1",table,complete,verified,,PAR-C014-0044,CTX-C014-C014-C07,reported_correlation,,,,,,,,,,LOC-C014-0002,,,1.1
C014,C-SD-07,tier1,C014-C08,C014-C08,,,dimensionless_numbers,We_reported,1080,,,,reported,ρg ug²d0/σ; post-shock gas density and velocity,"PDF p.5, Table 1",table,complete,verified,,PAR-C014-0045,CTX-C014-C014-C08,operating_condition,shock_droplet_loading,,,,,,,DIM-C014-029,,LOC-C014-0002,,,1.1
C014,C-SD-07,tier1,C014-C08,C014-C08,,,dimensionless_numbers,Oh_reported,0.002,,,,reported,μd/√(ρd d0 σ),"PDF p.5, Table 1",table,complete,verified,,PAR-C014-0046,CTX-C014-C014-C08,operating_condition,shock_droplet_loading,,,,,,,DIM-C014-030,,LOC-C014-0002,,,1.1
C014,C-SD-07,tier1,C014-C08,C014-C08,,,dimensionless_numbers,Re_reported,8600,,,,reported,ρg ug d0/μg; post-shock gas properties,"PDF p.5, Table 1",table,complete,verified,,PAR-C014-0047,CTX-C014-C014-C08,operating_condition,shock_droplet_loading,,,,,,,DIM-C014-031,,LOC-C014-0002,,,1.1
C014,C-SD-07,tier1,C014-C08,C014-C08,,,dimensionless_numbers,Mach,1.19,,,,reported,M∞: uniform post-shock freestream gas velocity/speed of sound,"PDF p.5, Table 1",table,complete,verified,,PAR-C014-0048,CTX-C014-C014-C08,operating_condition,post_shock_freestream,NV,,,,,,DIM-C014-032,,LOC-C014-0002,,,1.1
C014,C-SD-07,tier1,C014-C08,C014-C08,,,dimensionless_numbers,density_ratio,6100,,,,reported,ρd/ρg,"PDF p.5, Table 1",table,complete,verified,,PAR-C014-0049,CTX-C014-C014-C08,reported_correlation,,,,,,,,,,LOC-C014-0002,,,1.1
C014,C-SD-07,tier1,C014-C08,C014-C08,,,dimensionless_numbers,viscosity_ratio,39,,,,reported,μd/μg,"PDF p.5, Table 1",table,complete,verified,,PAR-C014-0050,CTX-C014-C014-C08,reported_correlation,,,,,,,,,,LOC-C014-0002,,,1.1
C016,C-SD-09,tier1,ALL,ALL,,,study_context,study_type,experimental,,,,reported,Shock-tube experiments with water droplets; synchronized shadowgraph/schlieren and top-view imaging.,"PDF p.1, Abstract",text,complete,verified,,PAR-C016-0001,CTX-C016-ALL,classification,,,,,,,,,,LOC-C016-0001,,,1.1
C016,C-SD-09,tier1,ALL,ALL,,,study_context,application_context,Core benchmark for the early wave-dominated stage and later aerodynamic breakup stage.,,,,reported,Pilot-role context,"PDF p.1, Abstract",text,complete,verified,,PAR-C016-0002,CTX-C016-ALL,descriptive_state,,,,,,,,,,LOC-C016-0001,,,1.1
C016,C-SD-09,tier1,C016-C01,C016-C01,,,shock_structure,M_s,1.12,,,,reported,Incident shock velocity divided by sound speed ahead of shock,"PDF p.8, definitions",text,complete,verified,,PAR-C016-0003,CTX-C016-C016-C01,operating_condition,incident_shock,NV,,,,,,DIM-C016-001,,LOC-C016-0002,,,1.1
C016,C-SD-09,tier1,C016-C01,C016-C01,,,dimensionless_numbers,We_reported,219,,,,reported,ρa Vi²Di/σ with post-shock induced airflow,"PDF p.13, Fig. 6 labels",figure,complete,verified,,PAR-C016-0004,CTX-C016-C016-C01,operating_condition,shock_droplet_loading,,,,,,,DIM-C016-002,,LOC-C016-0003,,,1.1
C016,C-SD-09,tier1,C016-C01,C016-C01,,,dimensionless_numbers,Re_reported,13000,,,,reported,ρa ViDi/μa with post-shock induced airflow,"PDF p.13, Fig. 6 labels",figure,complete,verified,,PAR-C016-0005,CTX-C016-C016-C01,operating_condition,shock_droplet_loading,,,,,,,DIM-C016-003,,LOC-C016-0003,,,1.1
C016,C-SD-09,tier1,C016-C01,C016-C01,,,droplet_initial,droplet_diameter_initial,2.5,mm,0.0025,m,reported,Initial water-droplet diameter Di,"PDF p.13, Fig. 6 labels",figure,complete,verified,,PAR-C016-0006,CTX-C016-C016-C01,initial_condition,,,,,,,,,,LOC-C016-0003,,,1.1
C016,C-SD-09,tier1,C016-C01,C016-C01,,,droplet_response,breakup_regime,SIE,,,,reported,Author breakup-mode label,"PDF p.13, Fig. 6",figure,complete,verified,,PAR-C016-0007,CTX-C016-C016-C01,descriptive_state,,,,,,,,,PROC-C016-001,LOC-C016-0004,,,1.1
C016,C-SD-09,tier1,C016-C02,C016-C02,,,shock_structure,M_s,1.3,,,,reported,Incident shock velocity divided by sound speed ahead of shock,"PDF p.8, definitions",text,complete,verified,,PAR-C016-0008,CTX-C016-C016-C02,operating_condition,incident_shock,NV,,,,,,DIM-C016-004,,LOC-C016-0002,,,1.1
C016,C-SD-09,tier1,C016-C02,C016-C02,,,dimensionless_numbers,We_reported,1600,,,,reported,ρa Vi²Di/σ with post-shock induced airflow,"PDF p.13, Fig. 6 labels",figure,complete,verified,,PAR-C016-0009,CTX-C016-C016-C02,operating_condition,shock_droplet_loading,,,,,,,DIM-C016-005,,LOC-C016-0003,,,1.1
C016,C-SD-09,tier1,C016-C02,C016-C02,,,dimensionless_numbers,Re_reported,40000,,,,reported,ρa ViDi/μa with post-shock induced airflow,"PDF p.13, Fig. 6 labels",figure,complete,verified,,PAR-C016-0010,CTX-C016-C016-C02,operating_condition,shock_droplet_loading,,,,,,,DIM-C016-006,,LOC-C016-0003,,,1.1
C016,C-SD-09,tier1,C016-C02,C016-C02,,,droplet_initial,droplet_diameter_initial,2.9,mm,0.0029,m,reported,Initial water-droplet diameter Di,"PDF p.13, Fig. 6 labels",figure,complete,verified,,PAR-C016-0011,CTX-C016-C016-C02,initial_condition,,,,,,,,,,LOC-C016-0003,,,1.1
C016,C-SD-09,tier1,C016-C02,C016-C02,,,droplet_response,breakup_regime,SIE,,,,reported,Author breakup-mode label,"PDF p.13, Fig. 6",figure,complete,verified,,PAR-C016-0012,CTX-C016-C016-C02,descriptive_state,,,,,,,,,PROC-C016-001,LOC-C016-0004,,,1.1
C016,C-SD-09,tier1,C016-C03,C016-C03,,,shock_structure,M_s,1.12,,,,reported,Incident shock velocity divided by sound speed ahead of shock,"PDF p.8, definitions",text,complete,verified,,PAR-C016-0013,CTX-C016-C016-C03,operating_condition,incident_shock,NV,,,,,,DIM-C016-007,,LOC-C016-0002,,,1.1
C016,C-SD-09,tier1,C016-C03,C016-C03,,,dimensionless_numbers,We_reported,44,,,,reported,ρa Vi²Di/σ with post-shock induced airflow,"PDF p.13, Fig. 6 labels",figure,complete,verified,,PAR-C016-0014,CTX-C016-C016-C03,operating_condition,shock_droplet_loading,,,,,,,DIM-C016-008,,LOC-C016-0003,,,1.1
C016,C-SD-09,tier1,C016-C03,C016-C03,,,dimensionless_numbers,Re_reported,2500,,,,reported,ρa ViDi/μa with post-shock induced airflow,"PDF p.13, Fig. 6 labels",figure,complete,verified,,PAR-C016-0015,CTX-C016-C016-C03,operating_condition,shock_droplet_loading,,,,,,,DIM-C016-009,,LOC-C016-0003,,,1.1
C016,C-SD-09,tier1,C016-C03,C016-C03,,,droplet_initial,droplet_diameter_initial,0.5,mm,0.0005,m,reported,Initial water-droplet diameter Di,"PDF p.13, Fig. 6 labels",figure,complete,verified,,PAR-C016-0016,CTX-C016-C016-C03,initial_condition,,,,,,,,,,LOC-C016-0003,,,1.1
C016,C-SD-09,tier1,C016-C03,C016-C03,,,droplet_response,breakup_regime,RTP,,,,reported,Author breakup-mode label,"PDF p.13, Fig. 6",figure,complete,verified,,PAR-C016-0017,CTX-C016-C016-C03,descriptive_state,,,,,,,,,PROC-C016-001,LOC-C016-0004,,,1.1
C016,C-SD-09,tier1,C016-C04,C016-C04,,,shock_structure,M_s,1.45,,,,reported,Incident shock velocity divided by sound speed ahead of shock,"PDF p.8, definitions",text,complete,verified,,PAR-C016-0018,CTX-C016-C016-C04,operating_condition,incident_shock,NV,,,,,,DIM-C016-010,,LOC-C016-0002,,,1.1
C016,C-SD-09,tier1,C016-C04,C016-C04,,,dimensionless_numbers,We_reported,795,,,,reported,ρa Vi²Di/σ with post-shock induced airflow,"PDF p.13, Fig. 6 labels",figure,complete,verified,,PAR-C016-0019,CTX-C016-C016-C04,operating_condition,shock_droplet_loading,,,,,,,DIM-C016-011,,LOC-C016-0003,,,1.1
C016,C-SD-09,tier1,C016-C04,C016-C04,,,dimensionless_numbers,Re_reported,12000,,,,reported,ρa ViDi/μa with post-shock induced airflow,"PDF p.13, Fig. 6 labels",figure,complete,verified,,PAR-C016-0020,CTX-C016-C016-C04,operating_condition,shock_droplet_loading,,,,,,,DIM-C016-012,,LOC-C016-0003,,,1.1
C016,C-SD-09,tier1,C016-C04,C016-C04,,,droplet_initial,droplet_diameter_initial,0.5,mm,0.0005,m,reported,Initial water-droplet diameter Di,"PDF p.13, Fig. 6 labels",figure,complete,verified,,PAR-C016-0021,CTX-C016-C016-C04,initial_condition,,,,,,,,,,LOC-C016-0003,,,1.1
C016,C-SD-09,tier1,C016-C04,C016-C04,,,droplet_response,breakup_regime,RTP,,,,reported,Author breakup-mode label,"PDF p.13, Fig. 6",figure,complete,verified,,PAR-C016-0022,CTX-C016-C016-C04,descriptive_state,,,,,,,,,PROC-C016-001,LOC-C016-0004,,,1.1
D003,D-IC-03,tier1,ALL,ALL,,,study_context,study_type,mixed,,,,reported,Schlieren/dynamic-pressure experiments plus a one-dimensional dilute two-phase transient model.,"PDF p.1, Abstract",text,complete,verified,,PAR-D003-0001,CTX-D003-ALL,classification,,,,,,,,,,LOC-D003-0001,,,1.1
D003,D-IC-03,tier1,ALL,ALL,,,study_context,application_context,Core loading-duration test for a jet-induced shock followed closely by an expansion wave.,,,,reported,Pilot-role context,"PDF p.1, Abstract",text,complete,verified,,PAR-D003-0002,CTX-D003-ALL,descriptive_state,,,,,,,,,,LOC-D003-0001,,,1.1
D003,D-IC-03,tier1,D003-E01,D003-E01,,,injection_conditions,injection_pressure,1600,bar,160000000,Pa,reported,Injection-pressure differential,"PDF p.3, Table 1",text,complete,verified,,PAR-D003-0003,CTX-D003-D003-E01,operating_condition,,,,,,,,,,LOC-D003-0002,,,1.1
D003,D-IC-03,tier1,D003-E01,D003-E01,,,injector_nozzle,nozzle_diameter,120,μm,0.00012,m,reported,Five-hole injector orifice diameter,"PDF p.3, Table 1",text,complete,verified,,PAR-D003-0004,CTX-D003-D003-E01,operating_condition,,,,,,,,,,LOC-D003-0002,,,1.1
D003,D-IC-03,tier1,D003-M01,D003-M01,,,shock_structure,shock_Mach_number,1.0005–1.1,,,,reported,Inferred in paper from measured pressure amplitude using shock relation,"PDF p.5, pressure analysis",text,complete,verified,,PAR-D003-0005,CTX-D003-D003-M01,operating_condition,incident_shock,NV,,,,,,DIM-D003-001,,LOC-D003-0003,,,1.1
D003,D-IC-03,tier1,D003-M01,D003-M01,shocked-state exposure,,shock_loading,loading_duration,60,μs,6e-05,s,reported,Duration of shocked gas state for the 50 μm modeled case; not front passage,"PDF p.9, response discussion",text,complete,verified,,PAR-D003-0006,CTX-D003-D003-M01,simulated_output,,,,,INT-D003-002,,,,,LOC-D003-0004,,,1.1
D003,D-IC-03,tier1,D003-M01,D003-M01,,,droplet_initial,droplet_diameter_initial,50,μm,5e-05,m,reported,Modeled initial diameter,"PDF p.9, response discussion",text,complete,verified,,PAR-D003-0007,CTX-D003-D003-M01,model_input,,,,,,,,,,LOC-D003-0004,,,1.1
D003,D-IC-03,tier1,D003-M01,D003-M01,,,droplet_response,aerodynamic_time,750,μs,0.00075,s,reported,Stokes response-time comparison for 50 μm droplet,"PDF p.9, response discussion",text,complete,verified,,PAR-D003-0008,CTX-D003-D003-M01,measured_output,,,,,,,,,PROC-D003-001,LOC-D003-0004,,,1.1
D003,D-IC-03,tier1,D003-M01,D003-M01,,,droplet_response,breakup_time,NA,,,,NA,Breakup disabled in model,"PDF p.6, model assumptions",text,complete,verified,,PAR-D003-0009,CTX-D003-D003-M01,simulated_output,,,,,,,,,PROC-D003-001,LOC-D003-0005,,Parameter is not physically or methodologically applicable: Breakup disabled in model,1.1
B013,B-H2-08,tier1,ALL,ALL,,,study_context,study_type,numerical,,,,reported,Three-dimensional compressible simulation with adaptive mesh refinement; nonreacting H2 jet into atmosphere.,"PDF p.1, Abstract",text,complete,verified,,PAR-B013-0001,CTX-B013-ALL,classification,,,,,,,,,,LOC-B013-0001,,,1.1
B013,B-H2-08,tier1,ALL,ALL,,,study_context,application_context,"Very-high-pressure starting-transient benchmark separating Mach-disk formation, trajectory, and stabilization.",,,,reported,Pilot-role context,"PDF p.1, Abstract",text,complete,verified,,PAR-B013-0002,CTX-B013-ALL,descriptive_state,,,,,,,,,,LOC-B013-0001,,,1.1
B013,B-H2-08,tier1,B013-C01,B013-C01,,,injector_nozzle,nozzle_diameter,0.2,mm,0.0002,m,reported,Circular orifice diameter,"PDF p.5, Table 1",text,complete,verified,,PAR-B013-0003,CTX-B013-B013-C01,model_input,,,,,,,,,,LOC-B013-0002,,,1.1
B013,B-H2-08,tier1,B013-C01,B013-C01,,,injection_conditions,stagnation_pressure,82,MPa,82000000,Pa,reported,Hydrogen storage pressure p0,"PDF p.5, Table 1",text,complete,verified,,PAR-B013-0004,CTX-B013-B013-C01,boundary_condition,,,,,,,,,,LOC-B013-0002,,,1.1
B013,B-H2-08,tier1,B013-C01,B013-C01,,,injection_conditions,injector_pressure,43.2,MPa,43200000,Pa,reported,Specified sonic-inlet pressure pe,"PDF p.5, Table 1",text,complete,verified,,PAR-B013-0005,CTX-B013-B013-C01,boundary_condition,,,,,,,,,,LOC-B013-0002,,,1.1
B013,B-H2-08,tier1,B013-C01,B013-C01,,,jet_global,NPR_reported,809.3,,,,reported,Reported storage-pressure/ambient ratio,"PDF p.14, Conclusions",text,complete,verified,,PAR-B013-0006,CTX-B013-B013-C01,operating_condition,pressure_ratio,,,,,,RATIO-B013-001,,,LOC-B013-0003,,,1.1
B013,B-H2-08,tier1,B013-C01,B013-C01,formation,,shock_structure,mach_disk_formation_time,19–22,μs,,,reported,First Mach-disk formation interval,"PDF p.11, transient results",text,complete,verified,,PAR-B013-0007,CTX-B013-B013-C01,simulated_output,mach_disk,,formation,EVT-B013-002,,HIST-B013-001,,,,LOC-B013-0004,,,1.1
B013,B-H2-08,tier1,B013-C01,B013-C01,37–42 μs; stabilized,,shock_structure,mach_disk_distance,3.8,mm,0.0038,m,reported,Later dynamically stable/oscillating axial position,"PDF p.12, Figs. 17–18",text,complete,verified,,PAR-B013-0008,CTX-B013-B013-C01,simulated_output,mach_disk,,stabilized,EVT-B013-003,,HIST-B013-001,,,,LOC-B013-0005,,,1.1
B029,B-E-09,tier1,ALL,ALL,,,study_context,study_type,mixed,,,,reported,Pressure measurement and schlieren experiment coupled with 3D LES of an underexpanded H2 jet.,"PDF p.1, Abstract",text,complete,verified,,PAR-B029-0001,CTX-B029-ALL,classification,,,,,,,,,,LOC-B029-0001,,,1.1
B029,B-E-09,tier1,ALL,ALL,,,study_context,application_context,Time-dependent injector pressure-building and dynamic-Mach-disk benchmark.,,,,reported,Pilot-role context,"PDF p.1, Abstract",text,complete,verified,,PAR-B029-0002,CTX-B029-ALL,descriptive_state,,,,,,,,,,LOC-B029-0001,,,1.1
B029,B-E-09,tier1,ALL,ALL,,,injector_nozzle,nozzle_diameter,0.5,mm,0.0005,m,reported,Single-hole nozzle diameter,"PDF p.3, Fig. 1",text,complete,verified,,PAR-B029-0003,CTX-B029-ALL,operating_condition,,,,,,,,,,LOC-B029-0002,,,1.1
B029,B-E-09,tier1,ALL,ALL,,,ambient_conditions,back_pressure,0.1,MPa,100000,Pa,reported,Background pressure p_b; pressure type not explicitly stated,"PDF p.3, method",text,complete,verified,,PAR-B029-0004,CTX-B029-ALL,operating_condition,,,,,,,,,,LOC-B029-0003,,,1.1
B029,B-E-09,tier1,ALL,ALL,,,jet_global,NPR_definition,p_in(t)/p_b,,,,reported,Internal injector pressure divided by background pressure; time dependent,"PDF p.3, definition",text,complete,verified,,PAR-B029-0005,CTX-B029-ALL,measured_output,pressure_ratio,,,,,,RATIO-B029-001,,,LOC-B029-0004,,,1.1
B029,B-E-09,tier1,B029-C01,B029-C01,,,injection_conditions,injector_pressure,time series rising to 9,MPa,,,reported,Measured internal injector pressure p_in(t),"PDF p.5, pressure trace",text,complete,verified,Curve not digitized.,PAR-B029-0006,CTX-B029-B029-C01,operating_condition,,,,,,HIST-B029-001,,,,LOC-B029-0005,,,1.1
B029,B-E-09,tier1,ALL,ALL,quasi-steady,,shock_structure,mach_disk_distance,4.21,mm,0.00421,m,reported,Stable mean distance H_disk,"PDF p.9, results",text,complete,verified,,PAR-B029-0007,CTX-B029-ALL,measured_output,mach_disk,,quasi_steady,,,,,,,LOC-B029-0006,,,1.1
B029,B-E-09,tier1,ALL,ALL,quasi-steady,,shock_structure,mach_disk_diameter,0.67,mm,0.00067,m,reported,Stable mean width W_disk,"PDF p.9, results",text,complete,verified,,PAR-B029-0008,CTX-B029-ALL,measured_output,mach_disk,,quasi_steady,,,,,,,LOC-B029-0006,,,1.1
B029,B-E-09,tier1,ALL,ALL,quasi-steady,,jet_global,potential_core_length,19.5,mm,0.0195,m,reported,Stable mean potential-core length,"PDF p.9, results",text,complete,verified,,PAR-B029-0009,CTX-B029-ALL,measured_output,,,,,,,,,,LOC-B029-0006,,,1.1
B029,B-E-09,tier1,B029-C01,B029-C01,,,shock_structure,mach_disk_motion,measured rise to 9 MPa,,,,reported,Pressure-build case and associated dynamic state,"PDF p.7, Table 3",text,complete,verified,,PAR-B029-0010,CTX-B029-B029-C01,measured_output,mach_disk,,motion,EVT-B029-002,,HIST-B029-003,,,,LOC-B029-0007,,,1.1
B029,B-E-09,tier1,B029-C01,B029-C01,turning,,shock_structure,mach_disk_formation_time,1.1,ms,0.0011,s,reported,Turning time of shock/core evolution for the stated pressure history,"PDF p.9, results",text,complete,verified,,PAR-B029-0011,CTX-B029-B029-C01,measured_output,mach_disk,,motion,EVT-B029-002,,HIST-B029-003,,,,LOC-B029-0006,,,1.1
B029,B-E-09,tier1,B029-C02,B029-C02,,,shock_structure,mach_disk_motion,accelerated rise,,,,reported,Pressure-build case and associated dynamic state,"PDF p.7, Table 3",text,complete,verified,,PAR-B029-0012,CTX-B029-B029-C02,measured_output,mach_disk,,motion,EVT-B029-004,,HIST-B029-006,,,,LOC-B029-0007,,,1.1
B029,B-E-09,tier1,B029-C02,B029-C02,turning,,shock_structure,mach_disk_formation_time,0.4,ms,0.0004,s,reported,Turning time of shock/core evolution for the stated pressure history,"PDF p.9, results",text,complete,verified,,PAR-B029-0013,CTX-B029-B029-C02,measured_output,mach_disk,,motion,EVT-B029-004,,HIST-B029-006,,,,LOC-B029-0006,,,1.1
B029,B-E-09,tier1,B029-C03,B029-C03,,,shock_structure,mach_disk_motion,constant 9 MPa,,,,reported,Pressure-build case and associated dynamic state,"PDF p.7, Table 3",text,complete,verified,,PAR-B029-0014,CTX-B029-B029-C03,measured_output,mach_disk,,motion,EVT-B029-006,,HIST-B029-009,,,,LOC-B029-0007,,,1.1
B029,B-E-09,tier1,B029-C03,B029-C03,turning,,shock_structure,mach_disk_formation_time,0.0,ms,0.0,s,reported,Turning time of shock/core evolution for the stated pressure history,"PDF p.9, results",text,complete,verified,,PAR-B029-0015,CTX-B029-B029-C03,measured_output,mach_disk,,motion,EVT-B029-006,,HIST-B029-009,,,,LOC-B029-0006,,,1.1
C031,C-PC-05,tier1,ALL,ALL,,,study_context,study_type,numerical,,,,reported,Three-dimensional conservative sharp-interface computation with real-fluid EOS and Hertz–Knudsen phase-change model.,"PDF p.1, Abstract",text,complete,verified,,PAR-C031-0001,CTX-C031-ALL,classification,,,,,,,,,,LOC-C031-0001,,,1.1
C031,C-PC-05,tier1,ALL,ALL,,,study_context,application_context,"3D hydrocarbon shock-droplet benchmark for real-fluid phase change, deformation, instability and mass flux.",,,,reported,Pilot-role context,"PDF p.1, Abstract",text,complete,verified,,PAR-C031-0002,CTX-C031-ALL,descriptive_state,,,,,,,,,,LOC-C031-0001,,,1.1
C031,C-PC-05,tier1,ALL,ALL,,,droplet_initial,fuel_species,n-dodecane,,,,reported,Single-component droplet and vapor,"PDF p.8, Table II",table,complete,verified,,PAR-C031-0003,CTX-C031-ALL,model_input,,,,,,,,,,LOC-C031-0002,,,1.1
C031,C-PC-05,tier1,ALL,ALL,,,droplet_initial,droplet_diameter_initial,4.8,mm,0.0048,m,reported,Initial droplet diameter D0,"PDF p.8, baseline case",text,complete,verified,,PAR-C031-0004,CTX-C031-ALL,model_input,,,,,,,,,,LOC-C031-0003,,,1.1
C031,C-PC-05,tier1,ALL,ALL,,,droplet_initial,droplet_temperature_initial,490,K,490,K,reported,Initial droplet temperature,"PDF p.8, Table II",text,complete,verified,,PAR-C031-0005,CTX-C031-ALL,model_input,,,,,,,,,,LOC-C031-0002,,,1.1
C031,C-PC-05,tier1,ALL,ALL,,,droplet_initial,liquid_density,593.5,kg/m3,593.5,kg/m3,reported,Reported model input at initial state,"PDF p.8, Table II",text,complete,verified,,PAR-C031-0006,CTX-C031-ALL,model_input,,,,,,,,,,LOC-C031-0002,,,1.1
C031,C-PC-05,tier1,ALL,ALL,,,droplet_initial,liquid_viscosity,0.000196,Pa s,0.000196,Pa s,reported,Reported model input,"PDF p.8, Table II",text,complete,verified,,PAR-C031-0007,CTX-C031-ALL,model_input,,,,,,,,,,LOC-C031-0002,,,1.1
C031,C-PC-05,tier1,ALL,ALL,,,droplet_initial,surface_tension,0.009,N/m,0.009,N/m,reported,Reported model input,"PDF p.8, Table II",text,complete,verified,,PAR-C031-0008,CTX-C031-ALL,model_input,weber_reference_component,,,,,,,,,LOC-C031-0002,,,1.1
C031,C-PC-05,tier1,ALL,ALL,,,dimensionless_numbers,We_reported,82500.0,,,,reported,ρgug²D0/σ using post-shock gas,"PDF p.8, baseline",text,complete,verified,,PAR-C031-0009,CTX-C031-ALL,operating_condition,shock_droplet_loading,,,,,,,DIM-C031-001,,LOC-C031-0004,,,1.1
C031,C-PC-05,tier1,ALL,ALL,,,dimensionless_numbers,Oh_reported,0.00123,,,,reported,μl/√(ρlD0σ),"PDF p.8, baseline",text,complete,verified,,PAR-C031-0010,CTX-C031-ALL,operating_condition,shock_droplet_loading,,,,,,,DIM-C031-002,,LOC-C031-0004,,,1.1
C031,C-PC-05,tier1,C031-C02,C031-C02,,,phase_change,phase_change_model,"Hertz–Knudsen; k_e=0.4, k_c=0.03",,,,reported,Evaporation-dominated coefficient set,"PDF p.6, model coefficients",text,complete,verified,,PAR-C031-0011,CTX-C031-C031-C02,calibrated_coefficient,,,,,,,,,PROC-C031-001,LOC-C031-0005,,,1.1
C031,C-PC-05,tier1,C031-C03,C031-C03,,,phase_change,phase_change_model,"Hertz–Knudsen; k_e=1.0, k_c=0.6",,,,reported,Condensation-dominated coefficient set,"PDF p.6, model coefficients",text,complete,verified,,PAR-C031-0012,CTX-C031-C031-C03,calibrated_coefficient,,,,,,,,,PROC-C031-001,LOC-C031-0005,,,1.1
C031,C-PC-05,tier1,C031-C01,C031-C01,,,shock_structure,incident_shock_Mach,1.47,,,,reported,Incident planar shock Mach,"PDF p.8, case definition",text,complete,verified,,PAR-C031-0013,CTX-C031-C031-C01,operating_condition,incident_shock,NV,,,,,,DIM-C031-003,,LOC-C031-0006,,,1.1
C031,C-PC-05,tier1,C031-C01,C031-C01,,,phase_change,vaporization_present,no,,,,reported,Whether phase-change model is active,"PDF p.8, case definition",text,complete,verified,,PAR-C031-0014,CTX-C031-C031-C01,simulated_output,,,,,,,,,PROC-C031-001,LOC-C031-0006,,,1.1
C031,C-PC-05,tier1,C031-C02,C031-C02,,,shock_structure,incident_shock_Mach,1.47,,,,reported,Incident planar shock Mach,"PDF p.8, case definition",text,complete,verified,,PAR-C031-0015,CTX-C031-C031-C02,operating_condition,incident_shock,NV,,,,,,DIM-C031-004,,LOC-C031-0006,,,1.1
C031,C-PC-05,tier1,C031-C02,C031-C02,,,phase_change,vaporization_present,yes,,,,reported,Whether phase-change model is active,"PDF p.8, case definition",text,complete,verified,,PAR-C031-0016,CTX-C031-C031-C02,simulated_output,,,,,,,,,PROC-C031-001,LOC-C031-0006,,,1.1
C031,C-PC-05,tier1,C031-C03,C031-C03,,,shock_structure,incident_shock_Mach,1.47,,,,reported,Incident planar shock Mach,"PDF p.8, case definition",text,complete,verified,,PAR-C031-0017,CTX-C031-C031-C03,operating_condition,incident_shock,NV,,,,,,DIM-C031-005,,LOC-C031-0006,,,1.1
C031,C-PC-05,tier1,C031-C03,C031-C03,,,phase_change,vaporization_present,yes,,,,reported,Whether phase-change model is active,"PDF p.8, case definition",text,complete,verified,,PAR-C031-0018,CTX-C031-C031-C03,simulated_output,,,,,,,,,PROC-C031-001,LOC-C031-0006,,,1.1
C031,C-PC-05,tier1,C031-C04,C031-C04,,,shock_structure,incident_shock_Mach,1.37,,,,reported,Incident planar shock Mach,"PDF p.18, case definition",text,complete,verified,,PAR-C031-0019,CTX-C031-C031-C04,operating_condition,incident_shock,NV,,,,,,DIM-C031-006,,LOC-C031-0007,,,1.1
C031,C-PC-05,tier1,C031-C04,C031-C04,,,phase_change,vaporization_present,yes,,,,reported,Whether phase-change model is active,"PDF p.8, case definition",text,complete,verified,,PAR-C031-0020,CTX-C031-C031-C04,simulated_output,,,,,,,,,PROC-C031-001,LOC-C031-0006,,,1.1
C031,C-PC-05,tier1,C031-C05,C031-C05,,,shock_structure,incident_shock_Mach,1.27,,,,reported,Incident planar shock Mach,"PDF p.18, case definition",text,complete,verified,,PAR-C031-0021,CTX-C031-C031-C05,operating_condition,incident_shock,NV,,,,,,DIM-C031-007,,LOC-C031-0007,,,1.1
C031,C-PC-05,tier1,C031-C05,C031-C05,,,phase_change,vaporization_present,yes,,,,reported,Whether phase-change model is active,"PDF p.8, case definition",text,complete,verified,,PAR-C031-0022,CTX-C031-C031-C05,simulated_output,,,,,,,,,PROC-C031-001,LOC-C031-0006,,,1.1
D017,D-DW-02,tier1,ALL,ALL,,,study_context,study_type,mixed,,,,reported,Liquid-fueled detonation experiment with PDPA initial characterization and planar Mie-scattering snapshots; reduced 0D model comparison.,"PDF p.1, Abstract",text,complete,verified,,PAR-D017-0001,CTX-D017-ALL,classification,,,,,,,,,,LOC-D017-0001,,,1.1
D017,D-DW-02,tier1,ALL,ALL,,,study_context,application_context,Micron-droplet detonation benchmark for concurrent breakup/evaporation and canonical-model transfer limits.,,,,reported,Pilot-role context,"PDF p.1, Abstract",text,complete,verified,,PAR-D017-0002,CTX-D017-ALL,descriptive_state,,,,,,,,,,LOC-D017-0001,,,1.1
D017,D-DW-02,tier1,ALL,ALL,,,mixing,equivalence_ratio,0.62 ± 0.09,,,,reported,Measured droplet-spray equivalence ratio,"PDF p.5, methods",text,complete,verified,,PAR-D017-0003,CTX-D017-ALL,measured_output,,,,,,,,,PROC-D017-001,LOC-D017-0002,,,1.1
D017,D-DW-02,tier1,ALL,ALL,,,rde_detonation,detonation_wave_velocity,1897.46 ± 59.80,m/s,,,reported,Measured mean wave speed,"PDF p.6, results",text,complete,verified,,PAR-D017-0004,CTX-D017-ALL,measured_output,,,,,,,,,PROC-D017-001,LOC-D017-0003,,,1.1
D017,D-DW-02,tier1,ALL,ALL,,,spray_initial,D10,5.5,μm,5.5e-06,m,reported,Number-mean diameter,"PDF p.4, Table 2",text,complete,verified,,PAR-D017-0005,CTX-D017-ALL,initial_condition,,,,,,,,,,LOC-D017-0004,,,1.1
D017,D-DW-02,tier1,ALL,ALL,,,spray_initial,D32,40.7,μm,4.07e-05,m,reported,Sauter mean diameter,"PDF p.4, Table 2",text,complete,verified,,PAR-D017-0006,CTX-D017-ALL,initial_condition,,,,,,,,,,LOC-D017-0004,,,1.1
D017,D-DW-02,tier1,ALL,ALL,,,spray_initial,polydispersity,"D10=5.5, D30=12.6, D32=40.7, D43=89.6 μm",,,,reported,Measured in-situ distribution statistics,"PDF p.4, Table 2",table,complete,verified,,PAR-D017-0007,CTX-D017-ALL,initial_condition,,,,,,,,,,LOC-D017-0004,,,1.1
D017,D-DW-02,tier1,ALL,ALL,,,phase_change,droplet_lifetime,10.88,mm,,,reported,Observed bulk survival distance behind detonation front,"PDF p.6, image processing",text,complete,verified,"Distance, not time; schema unit mismatch recorded.",PAR-D017-0008,CTX-D017-ALL,measured_output,,,,,,,,,PROC-D017-001,LOC-D017-0005,,,1.1
D017,D-DW-02,tier1,ALL,ALL,,,dimensionless_numbers,We_reported,O(10^4–10^5),,,,reported,ρg u_rel² d_p/σ at nominal post-shock conditions,"PDF p.1, Abstract",text,complete,verified,,PAR-D017-0009,CTX-D017-ALL,operating_condition,shock_droplet_loading,,,,,HIST-D017-001,,DIM-D017-001,,LOC-D017-0001,,,1.1
D017,D-DW-02,tier1,D017-D1,D017-D1,,,droplet_initial,droplet_diameter_initial,1,μm,1e-06,m,reported,Modeled parent diameter,"PDF p.8, model setup",text,complete,verified,,PAR-D017-0010,CTX-D017-D017-D1,model_input,,,,,,,,,,LOC-D017-0006,,,1.1
D017,D-DW-02,tier1,D017-D1,D017-D1,,,phase_change,droplet_lifetime,0.84,mm,,,reported,"Predicted extinction distance; deformation+evaporation, no breakup","PDF p.9, Table 4",table,complete,verified,,PAR-D017-0011,CTX-D017-D017-D1,simulated_output,,,,,,,,,PROC-D017-001,LOC-D017-0007,,,1.1
D017,D-DW-02,tier1,D017-D1,D017-D1,,,phase_change,droplet_lifetime,0.04,mm,,,reported,Predicted extinction distance; KH-RT breakup+evaporation,"PDF p.9, Table 4",table,complete,verified,,PAR-D017-0012,CTX-D017-D017-D1,simulated_output,,,,,,,,,PROC-D017-001,LOC-D017-0007,,,1.1
D017,D-DW-02,tier1,D017-D1,D017-D1,,,phase_change,droplet_lifetime,0.075,mm,,,reported,Predicted extinction distance; WERT49 breakup+evaporation,"PDF p.9, Table 4",table,complete,verified,,PAR-D017-0013,CTX-D017-D017-D1,simulated_output,,,,,,,,,PROC-D017-001,LOC-D017-0007,,,1.1
D017,D-DW-02,tier1,D017-D5,D017-D5,,,droplet_initial,droplet_diameter_initial,5,μm,4.9999999999999996e-06,m,reported,Modeled parent diameter,"PDF p.8, model setup",text,complete,verified,,PAR-D017-0014,CTX-D017-D017-D5,model_input,,,,,,,,,,LOC-D017-0006,,,1.1
D017,D-DW-02,tier1,D017-D5,D017-D5,,,phase_change,droplet_lifetime,13.32,mm,,,reported,"Predicted extinction distance; deformation+evaporation, no breakup","PDF p.9, Table 4",table,complete,verified,,PAR-D017-0015,CTX-D017-D017-D5,simulated_output,,,,,,,,,PROC-D017-001,LOC-D017-0007,,,1.1
D017,D-DW-02,tier1,D017-D5,D017-D5,,,phase_change,droplet_lifetime,0.12,mm,,,reported,Predicted extinction distance; KH-RT breakup+evaporation,"PDF p.9, Table 4",table,complete,verified,,PAR-D017-0016,CTX-D017-D017-D5,simulated_output,,,,,,,,,PROC-D017-001,LOC-D017-0007,,,1.1
D017,D-DW-02,tier1,D017-D5,D017-D5,,,phase_change,droplet_lifetime,0.41,mm,,,reported,Predicted extinction distance; WERT49 breakup+evaporation,"PDF p.9, Table 4",table,complete,verified,,PAR-D017-0017,CTX-D017-D017-D5,simulated_output,,,,,,,,,PROC-D017-001,LOC-D017-0007,,,1.1
D017,D-DW-02,tier1,D017-D10,D017-D10,,,droplet_initial,droplet_diameter_initial,10,μm,9.999999999999999e-06,m,reported,Modeled parent diameter,"PDF p.8, model setup",text,complete,verified,,PAR-D017-0018,CTX-D017-D017-D10,model_input,,,,,,,,,,LOC-D017-0006,,,1.1
D017,D-DW-02,tier1,D017-D10,D017-D10,,,phase_change,droplet_lifetime,37.05,mm,,,reported,"Predicted extinction distance; deformation+evaporation, no breakup","PDF p.9, Table 4",table,complete,verified,,PAR-D017-0019,CTX-D017-D017-D10,simulated_output,,,,,,,,,PROC-D017-001,LOC-D017-0007,,,1.1
D017,D-DW-02,tier1,D017-D10,D017-D10,,,phase_change,droplet_lifetime,0.32,mm,,,reported,Predicted extinction distance; KH-RT breakup+evaporation,"PDF p.9, Table 4",table,complete,verified,,PAR-D017-0020,CTX-D017-D017-D10,simulated_output,,,,,,,,,PROC-D017-001,LOC-D017-0007,,,1.1
D017,D-DW-02,tier1,D017-D10,D017-D10,,,phase_change,droplet_lifetime,0.93,mm,,,reported,Predicted extinction distance; WERT49 breakup+evaporation,"PDF p.9, Table 4",table,complete,verified,,PAR-D017-0021,CTX-D017-D017-D10,simulated_output,,,,,,,,,PROC-D017-001,LOC-D017-0007,,,1.1
D017,D-DW-02,tier1,D017-D15,D017-D15,,,droplet_initial,droplet_diameter_initial,15,μm,1.4999999999999999e-05,m,reported,Modeled parent diameter,"PDF p.8, model setup",text,complete,verified,,PAR-D017-0022,CTX-D017-D017-D15,model_input,,,,,,,,,,LOC-D017-0006,,,1.1
D017,D-DW-02,tier1,D017-D15,D017-D15,,,phase_change,droplet_lifetime,71.25,mm,,,reported,"Predicted extinction distance; deformation+evaporation, no breakup","PDF p.9, Table 4",table,complete,verified,,PAR-D017-0023,CTX-D017-D017-D15,simulated_output,,,,,,,,,PROC-D017-001,LOC-D017-0007,,,1.1
D017,D-DW-02,tier1,D017-D15,D017-D15,,,phase_change,droplet_lifetime,0.46,mm,,,reported,Predicted extinction distance; KH-RT breakup+evaporation,"PDF p.9, Table 4",table,complete,verified,,PAR-D017-0024,CTX-D017-D017-D15,simulated_output,,,,,,,,,PROC-D017-001,LOC-D017-0007,,,1.1
D017,D-DW-02,tier1,D017-D15,D017-D15,,,phase_change,droplet_lifetime,1.29,mm,,,reported,Predicted extinction distance; WERT49 breakup+evaporation,"PDF p.9, Table 4",table,complete,verified,,PAR-D017-0025,CTX-D017-D017-D15,simulated_output,,,,,,,,,PROC-D017-001,LOC-D017-0007,,,1.1
D017,D-DW-02,tier1,D017-D40,D017-D40,,,droplet_initial,droplet_diameter_initial,40,μm,3.9999999999999996e-05,m,reported,Modeled parent diameter,"PDF p.8, model setup",text,complete,verified,,PAR-D017-0026,CTX-D017-D017-D40,model_input,,,,,,,,,,LOC-D017-0006,,,1.1
D017,D-DW-02,tier1,D017-D40,D017-D40,,,phase_change,droplet_lifetime,>500,mm,,,reported,"Predicted extinction distance; deformation+evaporation, no breakup","PDF p.9, Table 4",table,complete,verified,,PAR-D017-0027,CTX-D017-D017-D40,simulated_output,,,,,,,,,PROC-D017-001,LOC-D017-0007,,,1.1
D017,D-DW-02,tier1,D017-D40,D017-D40,,,phase_change,droplet_lifetime,0.98,mm,,,reported,Predicted extinction distance; KH-RT breakup+evaporation,"PDF p.9, Table 4",table,complete,verified,,PAR-D017-0028,CTX-D017-D017-D40,simulated_output,,,,,,,,,PROC-D017-001,LOC-D017-0007,,,1.1
D017,D-DW-02,tier1,D017-D40,D017-D40,,,phase_change,droplet_lifetime,3.78,mm,,,reported,Predicted extinction distance; WERT49 breakup+evaporation,"PDF p.9, Table 4",table,complete,verified,,PAR-D017-0029,CTX-D017-D017-D40,simulated_output,,,,,,,,,PROC-D017-001,LOC-D017-0007,,,1.1
D017,D-DW-02,tier1,D017-D90,D017-D90,,,droplet_initial,droplet_diameter_initial,90,μm,8.999999999999999e-05,m,reported,Modeled parent diameter,"PDF p.8, model setup",text,complete,verified,,PAR-D017-0030,CTX-D017-D017-D90,model_input,,,,,,,,,,LOC-D017-0006,,,1.1
D017,D-DW-02,tier1,D017-D90,D017-D90,,,phase_change,droplet_lifetime,>500,mm,,,reported,"Predicted extinction distance; deformation+evaporation, no breakup","PDF p.9, Table 4",table,complete,verified,,PAR-D017-0031,CTX-D017-D017-D90,simulated_output,,,,,,,,,PROC-D017-001,LOC-D017-0007,,,1.1
D017,D-DW-02,tier1,D017-D90,D017-D90,,,phase_change,droplet_lifetime,2.25,mm,,,reported,Predicted extinction distance; KH-RT breakup+evaporation,"PDF p.9, Table 4",table,complete,verified,,PAR-D017-0032,CTX-D017-D017-D90,simulated_output,,,,,,,,,PROC-D017-001,LOC-D017-0007,,,1.1
D017,D-DW-02,tier1,D017-D90,D017-D90,,,phase_change,droplet_lifetime,8.76,mm,,,reported,Predicted extinction distance; WERT49 breakup+evaporation,"PDF p.9, Table 4",table,complete,verified,,PAR-D017-0033,CTX-D017-D017-D90,simulated_output,,,,,,,,,PROC-D017-001,LOC-D017-0007,,,1.1
D017,D-DW-02,tier1,D017-D120,D017-D120,,,droplet_initial,droplet_diameter_initial,120,μm,0.00011999999999999999,m,reported,Modeled parent diameter,"PDF p.8, model setup",text,complete,verified,,PAR-D017-0034,CTX-D017-D017-D120,model_input,,,,,,,,,,LOC-D017-0006,,,1.1
D017,D-DW-02,tier1,D017-D120,D017-D120,,,phase_change,droplet_lifetime,>500,mm,,,reported,"Predicted extinction distance; deformation+evaporation, no breakup","PDF p.9, Table 4",table,complete,verified,,PAR-D017-0035,CTX-D017-D017-D120,simulated_output,,,,,,,,,PROC-D017-001,LOC-D017-0007,,,1.1
D017,D-DW-02,tier1,D017-D120,D017-D120,,,phase_change,droplet_lifetime,2.97,mm,,,reported,Predicted extinction distance; KH-RT breakup+evaporation,"PDF p.9, Table 4",table,complete,verified,,PAR-D017-0036,CTX-D017-D017-D120,simulated_output,,,,,,,,,PROC-D017-001,LOC-D017-0007,,,1.1
D017,D-DW-02,tier1,D017-D120,D017-D120,,,phase_change,droplet_lifetime,11.96,mm,,,reported,Predicted extinction distance; WERT49 breakup+evaporation,"PDF p.9, Table 4",table,complete,verified,,PAR-D017-0037,CTX-D017-D017-D120,simulated_output,,,,,,,,,PROC-D017-001,LOC-D017-0007,,,1.1
A020,A-H2-03,tier1,ALL,ALL,,,study_context,study_type,experimental,,,,reported,Constant-volume combustion chamber experiment with high-speed schlieren and pressure-derived apparent heat-release rate.,"PDF p.1, Abstract",text,complete,verified,,PAR-A020-0001,CTX-A020-ALL,classification,,,,,,,,,,LOC-A020-0001,,,1.1
A020,A-H2-03,tier1,ALL,ALL,,,study_context,application_context,Multi-event injection sequence and ignition chronology benchmark.,,,,reported,Pilot-role context,"PDF p.1, Abstract",text,complete,verified,,PAR-A020-0002,CTX-A020-ALL,descriptive_state,,,,,,,,,,LOC-A020-0001,,,1.1
A020,A-H2-03,tier1,ALL,ALL,,,ambient_conditions,ambient_density,23.8,kg/m3,23.8,kg/m3,reported,CVCC charge density,"PDF p.2, Table 1",text,complete,verified,,PAR-A020-0003,CTX-A020-ALL,operating_condition,,,,,,,,,,LOC-A020-0002,,,1.1
A020,A-H2-03,tier1,ALL,ALL,,,injector_nozzle,nozzle_diameter,H2 0.58; n-heptane 0.105,mm,,,reported,Separate single-hole nozzle diameters,"PDF p.3, Table 2",text,complete,verified,,PAR-A020-0004,CTX-A020-ALL,operating_condition,,,,,,,,,,LOC-A020-0003,,,1.1
A020,A-H2-03,tier1,ALL,ALL,,,injection_conditions,injection_pressure,H2 reservoir 20; n-heptane rail 70,MPa,,,reported,Fuel-specific upstream/reservoir pressures,"PDF p.3, Table 2",text,complete,verified,,PAR-A020-0005,CTX-A020-ALL,operating_condition,,,,,,,,,,LOC-A020-0003,,,1.1
A020,A-H2-03,tier1,ALL,ALL,,,injection_conditions,injection_duration,H2 3.3; n-heptane 0.7,ms,,,reported,Hydraulic injection durations,"PDF p.3, Table 2",text,complete,verified,,PAR-A020-0006,CTX-A020-ALL,operating_condition,,,,,,,,,,LOC-A020-0003,,,1.1
A020,A-H2-03,tier1,ALL,ALL,,,study_context,geometry_type,Converging axes; 12°; intersect at 57.2 mm; overlap from ~28 mm,,,,reported,Injector/jet interaction geometry,"PDF p.4, Injection settings",text,complete,verified,,PAR-A020-0007,CTX-A020-ALL,descriptive_state,,,,,,,,,,LOC-A020-0004,,,1.1
A020,A-H2-03,tier1,ALL,ALL,,,shock_structure,shock_Mach_number,NA,,,,NA,No imposed shock,"PDF p.1, study configuration",text,complete,verified,,PAR-A020-0008,CTX-A020-ALL,operating_condition,unknown,NV,,,,,,DIM-A020-001,,LOC-A020-0005,,Parameter is not physically or methodologically applicable: No imposed shock,1.1
A020,A-H2-03,tier1,A020-C01,A020-C01,SOI-to-SOI dwell,,injection_conditions,injection_duration,0.07,ms,7.000000000000001e-05,s,reported,Actual-SOI separation; sequence=H2 then pilot,"PDF p.4, Table 3",text,complete,verified,,PAR-A020-0009,CTX-A020-A020-C01,operating_condition,,,,EVT-A020-002,INT-A020-001,,,,,LOC-A020-0006,positive = target SOI occurs after reference SOI,,1.1
A020,A-H2-03,tier1,A020-C01,A020-C01,,,ambient_conditions,ambient_temperature,890,K,890,K,reported,CVCC core temperature,"PDF p.4, Table 3",text,complete,verified,,PAR-A020-0010,CTX-A020-A020-C01,operating_condition,,,,,,,,,,LOC-A020-0006,,,1.1
A020,A-H2-03,tier1,A020-C01,A020-C01,,,ignition_combustion,gas_jet_pilot_interaction,H2 then pilot,,,,reported,Injection sequence and interacting-fuel order,"PDF p.7, definitions",text,complete,verified,,PAR-A020-0011,CTX-A020-A020-C01,measured_output,,,,,,,,,PROC-A020-001,LOC-A020-0007,,,1.1
A020,A-H2-03,tier1,A020-C02,A020-C02,SOI-to-SOI dwell,,injection_conditions,injection_duration,0.93,ms,0.00093,s,reported,Actual-SOI separation; sequence=pilot then H2,"PDF p.4, Table 3",text,complete,verified,,PAR-A020-0012,CTX-A020-A020-C02,operating_condition,,,,EVT-A020-004,INT-A020-002,,,,,LOC-A020-0006,positive = target SOI occurs after reference SOI,,1.1
A020,A-H2-03,tier1,A020-C02,A020-C02,,,ambient_conditions,ambient_temperature,890,K,890,K,reported,CVCC core temperature,"PDF p.4, Table 3",text,complete,verified,,PAR-A020-0013,CTX-A020-A020-C02,operating_condition,,,,,,,,,,LOC-A020-0006,,,1.1
A020,A-H2-03,tier1,A020-C02,A020-C02,,,ignition_combustion,gas_jet_pilot_interaction,pilot then H2,,,,reported,Injection sequence and interacting-fuel order,"PDF p.7, definitions",text,complete,verified,,PAR-A020-0014,CTX-A020-A020-C02,measured_output,,,,,,,,,PROC-A020-001,LOC-A020-0007,,,1.1
A020,A-H2-03,tier1,A020-C03,A020-C03,SOI-to-SOI dwell,,injection_conditions,injection_duration,1.93,ms,0.0019299999999999999,s,reported,Actual-SOI separation; sequence=pilot then H2,"PDF p.4, Table 3",text,complete,verified,,PAR-A020-0015,CTX-A020-A020-C03,operating_condition,,,,EVT-A020-006,INT-A020-003,,,,,LOC-A020-0006,positive = target SOI occurs after reference SOI,,1.1
A020,A-H2-03,tier1,A020-C03,A020-C03,,,ambient_conditions,ambient_temperature,890,K,890,K,reported,CVCC core temperature,"PDF p.4, Table 3",text,complete,verified,,PAR-A020-0016,CTX-A020-A020-C03,operating_condition,,,,,,,,,,LOC-A020-0006,,,1.1
A020,A-H2-03,tier1,A020-C03,A020-C03,,,ignition_combustion,gas_jet_pilot_interaction,pilot then H2,,,,reported,Injection sequence and interacting-fuel order,"PDF p.7, definitions",text,complete,verified,,PAR-A020-0017,CTX-A020-A020-C03,measured_output,,,,,,,,,PROC-A020-001,LOC-A020-0007,,,1.1
A020,A-H2-03,tier1,A020-C04,A020-C04,SOI-to-SOI dwell,,injection_conditions,injection_duration,2.93,ms,0.0029300000000000003,s,reported,Actual-SOI separation; sequence=pilot then H2,"PDF p.4, Table 3",text,complete,verified,,PAR-A020-0018,CTX-A020-A020-C04,operating_condition,,,,EVT-A020-008,INT-A020-004,,,,,LOC-A020-0006,positive = target SOI occurs after reference SOI,,1.1
A020,A-H2-03,tier1,A020-C04,A020-C04,,,ambient_conditions,ambient_temperature,890,K,890,K,reported,CVCC core temperature,"PDF p.4, Table 3",text,complete,verified,,PAR-A020-0019,CTX-A020-A020-C04,operating_condition,,,,,,,,,,LOC-A020-0006,,,1.1
A020,A-H2-03,tier1,A020-C04,A020-C04,,,ignition_combustion,gas_jet_pilot_interaction,pilot then H2,,,,reported,Injection sequence and interacting-fuel order,"PDF p.7, definitions",text,complete,verified,,PAR-A020-0020,CTX-A020-A020-C04,measured_output,,,,,,,,,PROC-A020-001,LOC-A020-0007,,,1.1
A020,A-H2-03,tier1,A020-C05,A020-C05,SOI-to-SOI dwell,,injection_conditions,injection_duration,1.07,ms,0.00107,s,reported,Actual-SOI separation; sequence=H2 then pilot,"PDF p.4, Table 3",text,complete,verified,,PAR-A020-0021,CTX-A020-A020-C05,operating_condition,,,,EVT-A020-010,INT-A020-005,,,,,LOC-A020-0006,positive = target SOI occurs after reference SOI,,1.1
A020,A-H2-03,tier1,A020-C05,A020-C05,,,ambient_conditions,ambient_temperature,890,K,890,K,reported,CVCC core temperature,"PDF p.4, Table 3",text,complete,verified,,PAR-A020-0022,CTX-A020-A020-C05,operating_condition,,,,,,,,,,LOC-A020-0006,,,1.1
A020,A-H2-03,tier1,A020-C05,A020-C05,,,ignition_combustion,gas_jet_pilot_interaction,H2 then pilot,,,,reported,Injection sequence and interacting-fuel order,"PDF p.7, definitions",text,complete,verified,,PAR-A020-0023,CTX-A020-A020-C05,measured_output,,,,,,,,,PROC-A020-001,LOC-A020-0007,,,1.1
A020,A-H2-03,tier1,A020-C06,A020-C06,SOI-to-SOI dwell,,injection_conditions,injection_duration,2.07,ms,0.00207,s,reported,Actual-SOI separation; sequence=H2 then pilot,"PDF p.4, Table 3",text,complete,verified,,PAR-A020-0024,CTX-A020-A020-C06,operating_condition,,,,EVT-A020-012,INT-A020-006,,,,,LOC-A020-0006,positive = target SOI occurs after reference SOI,,1.1
A020,A-H2-03,tier1,A020-C06,A020-C06,,,ambient_conditions,ambient_temperature,890,K,890,K,reported,CVCC core temperature,"PDF p.4, Table 3",text,complete,verified,,PAR-A020-0025,CTX-A020-A020-C06,operating_condition,,,,,,,,,,LOC-A020-0006,,,1.1
A020,A-H2-03,tier1,A020-C06,A020-C06,,,ignition_combustion,gas_jet_pilot_interaction,H2 then pilot,,,,reported,Injection sequence and interacting-fuel order,"PDF p.7, definitions",text,complete,verified,,PAR-A020-0026,CTX-A020-A020-C06,measured_output,,,,,,,,,PROC-A020-001,LOC-A020-0007,,,1.1
A020,A-H2-03,tier1,A020-C07,A020-C07,SOI-to-SOI dwell,,injection_conditions,injection_duration,3.07,ms,0.00307,s,reported,Actual-SOI separation; sequence=H2 then pilot,"PDF p.4, Table 3",text,complete,verified,,PAR-A020-0027,CTX-A020-A020-C07,operating_condition,,,,EVT-A020-014,INT-A020-007,,,,,LOC-A020-0006,positive = target SOI occurs after reference SOI,,1.1
A020,A-H2-03,tier1,A020-C07,A020-C07,,,ambient_conditions,ambient_temperature,890,K,890,K,reported,CVCC core temperature,"PDF p.4, Table 3",text,complete,verified,,PAR-A020-0028,CTX-A020-A020-C07,operating_condition,,,,,,,,,,LOC-A020-0006,,,1.1
A020,A-H2-03,tier1,A020-C07,A020-C07,,,ignition_combustion,gas_jet_pilot_interaction,H2 then pilot,,,,reported,Injection sequence and interacting-fuel order,"PDF p.7, definitions",text,complete,verified,,PAR-A020-0029,CTX-A020-A020-C07,measured_output,,,,,,,,,PROC-A020-001,LOC-A020-0007,,,1.1
A020,A-H2-03,tier1,A020-C08,A020-C08,SOI-to-SOI dwell,,injection_conditions,injection_duration,0.07,ms,7.000000000000001e-05,s,reported,Actual-SOI separation; sequence=H2 then pilot,"PDF p.4, Table 3",text,complete,verified,,PAR-A020-0030,CTX-A020-A020-C08,operating_condition,,,,EVT-A020-016,INT-A020-008,,,,,LOC-A020-0006,positive = target SOI occurs after reference SOI,,1.1
A020,A-H2-03,tier1,A020-C08,A020-C08,,,ambient_conditions,ambient_temperature,820,K,820,K,reported,CVCC core temperature,"PDF p.4, Table 3",text,complete,verified,,PAR-A020-0031,CTX-A020-A020-C08,operating_condition,,,,,,,,,,LOC-A020-0006,,,1.1
A020,A-H2-03,tier1,A020-C08,A020-C08,,,ignition_combustion,gas_jet_pilot_interaction,H2 then pilot,,,,reported,Injection sequence and interacting-fuel order,"PDF p.7, definitions",text,complete,verified,,PAR-A020-0032,CTX-A020-A020-C08,measured_output,,,,,,,,,PROC-A020-001,LOC-A020-0007,,,1.1
A020,A-H2-03,tier1,A020-C09,A020-C09,SOI-to-SOI dwell,,injection_conditions,injection_duration,0.07,ms,7.000000000000001e-05,s,reported,Actual-SOI separation; sequence=H2 then pilot,"PDF p.4, Table 3",text,complete,verified,,PAR-A020-0033,CTX-A020-A020-C09,operating_condition,,,,EVT-A020-018,INT-A020-009,,,,,LOC-A020-0006,positive = target SOI occurs after reference SOI,,1.1
A020,A-H2-03,tier1,A020-C09,A020-C09,,,ambient_conditions,ambient_temperature,780,K,780,K,reported,CVCC core temperature,"PDF p.4, Table 3",text,complete,verified,,PAR-A020-0034,CTX-A020-A020-C09,operating_condition,,,,,,,,,,LOC-A020-0006,,,1.1
A020,A-H2-03,tier1,A020-C09,A020-C09,,,ignition_combustion,gas_jet_pilot_interaction,H2 then pilot,,,,reported,Injection sequence and interacting-fuel order,"PDF p.7, definitions",text,complete,verified,,PAR-A020-0035,CTX-A020-A020-C09,measured_output,,,,,,,,,PROC-A020-001,LOC-A020-0007,,,1.1
A022,A-H2-05,tier1,ALL,ALL,,,study_context,study_type,experimental,,,,reported,CVCC experiment with schlieren and pressure-derived AHRR; H2 and n-heptane single-hole jets.,"PDF p.1, Abstract",text,complete,verified,,PAR-A022-0001,CTX-A022-ALL,classification,,,,,,,,,,LOC-A022-0001,,,1.1
A022,A-H2-05,tier1,ALL,ALL,,,study_context,application_context,Interaction-angle/jet-geometry and relative-momentum schema benchmark.,,,,reported,Pilot-role context,"PDF p.1, Abstract",text,complete,verified,,PAR-A022-0002,CTX-A022-ALL,descriptive_state,,,,,,,,,,LOC-A022-0001,,,1.1
A022,A-H2-05,tier1,ALL,ALL,,,injector_nozzle,nozzle_diameter,H2 0.51; n-heptane 0.105,mm,,,reported,Fuel-specific nozzle diameters,"PDF p.4, Table 2",text,complete,verified,,PAR-A022-0003,CTX-A022-ALL,operating_condition,,,,,,,,,,LOC-A022-0002,,,1.1
A022,A-H2-05,tier1,ALL,ALL,,,injection_conditions,injection_duration,H2 4.7; n-heptane 0.6,ms,,,reported,Hydraulic durations in main angle/O2 set,"PDF p.4, Table 2",text,complete,verified,,PAR-A022-0004,CTX-A022-ALL,operating_condition,,,,,,,,,,LOC-A022-0002,,,1.1
A022,A-H2-05,tier1,ALL,ALL,signed H2-to-pilot SOI interval,,injection_conditions,injection_duration,0.6,ms,0.0006,s,reported,Pilot SOI after H2 SOI,"PDF p.4, injection conditions",text,complete,verified,,PAR-A022-0005,CTX-A022-ALL,operating_condition,,,,EVT-A022-002,INT-A022-001,,,,,LOC-A022-0003,positive = pilot SOI occurs after hydrogen SOI,,1.1
A022,A-H2-05,tier1,ALL,ALL,,,mixing,mixing_rate,NR,,,,NR,Numeric relative jet momentum/mixing rate not reported,"PDF p.12, Sec. 3.4",text,complete,verified,,PAR-A022-0006,CTX-A022-ALL,measured_output,,,,,,,,,PROC-A022-001,LOC-A022-0004,,Checked source does not report the requested quantity: Numeric relative jet momentum/mixing rate not reported,1.1
A022,A-H2-05,tier1,ALL,ALL,,,shock_structure,shock_Mach_number,NA,,,,NA,No imposed shock,"PDF p.1, study configuration",text,complete,verified,,PAR-A022-0007,CTX-A022-ALL,operating_condition,unknown,NV,,,,,,DIM-A022-001,,LOC-A022-0005,,Parameter is not physically or methodologically applicable: No imposed shock,1.1
A022,A-H2-05,tier1,A022-C01,A022-C01,,,study_context,geometry_type,converging interaction angle 12°,,,,reported,Jet-axis interaction angle,"PDF p.3, Fig. 2 and Table 2",text,complete,verified,,PAR-A022-0008,CTX-A022-A022-C01,descriptive_state,jet_interaction_geometry,,,,,,,,,LOC-A022-0006,,,1.1
A022,A-H2-05,tier1,A022-C01,A022-C01,,,ambient_conditions,ambient_oxygen_fraction,15,vol%,0.15,fraction,reported,Post-preburn ambient oxygen volume fraction,"PDF p.3, Table 1",text,complete,verified,,PAR-A022-0009,CTX-A022-A022-C01,operating_condition,,,,,,,,,,LOC-A022-0007,,,1.1
A022,A-H2-05,tier1,A022-C01,A022-C01,,,mixing,entrainment,21,mm,0.021,m,reported,Predicted distance from H2 nozzle where jet cones begin to overlap,"PDF p.4, injection conditions",text,complete,verified,,PAR-A022-0010,CTX-A022-A022-C01,measured_output,jet_overlap,,,,,,,,PROC-A022-001,LOC-A022-0003,,,1.1
A022,A-H2-05,tier1,A022-C02,A022-C02,,,study_context,geometry_type,converging interaction angle 15°,,,,reported,Jet-axis interaction angle,"PDF p.3, Fig. 2 and Table 2",text,complete,verified,,PAR-A022-0011,CTX-A022-A022-C02,descriptive_state,jet_interaction_geometry,,,,,,,,,LOC-A022-0006,,,1.1
A022,A-H2-05,tier1,A022-C02,A022-C02,,,ambient_conditions,ambient_oxygen_fraction,15,vol%,0.15,fraction,reported,Post-preburn ambient oxygen volume fraction,"PDF p.3, Table 1",text,complete,verified,,PAR-A022-0012,CTX-A022-A022-C02,operating_condition,,,,,,,,,,LOC-A022-0007,,,1.1
A022,A-H2-05,tier1,A022-C02,A022-C02,,,mixing,entrainment,17,mm,0.017,m,reported,Predicted distance from H2 nozzle where jet cones begin to overlap,"PDF p.4, injection conditions",text,complete,verified,,PAR-A022-0013,CTX-A022-A022-C02,measured_output,jet_overlap,,,,,,,,PROC-A022-001,LOC-A022-0003,,,1.1
A022,A-H2-05,tier1,A022-C03,A022-C03,,,study_context,geometry_type,converging interaction angle 19°,,,,reported,Jet-axis interaction angle,"PDF p.3, Fig. 2 and Table 2",text,complete,verified,,PAR-A022-0014,CTX-A022-A022-C03,descriptive_state,jet_interaction_geometry,,,,,,,,,LOC-A022-0006,,,1.1
A022,A-H2-05,tier1,A022-C03,A022-C03,,,ambient_conditions,ambient_oxygen_fraction,15,vol%,0.15,fraction,reported,Post-preburn ambient oxygen volume fraction,"PDF p.3, Table 1",text,complete,verified,,PAR-A022-0015,CTX-A022-A022-C03,operating_condition,,,,,,,,,,LOC-A022-0007,,,1.1
A022,A-H2-05,tier1,A022-C03,A022-C03,,,mixing,entrainment,13,mm,0.013,m,reported,Predicted distance from H2 nozzle where jet cones begin to overlap,"PDF p.4, injection conditions",text,complete,verified,,PAR-A022-0016,CTX-A022-A022-C03,measured_output,jet_overlap,,,,,,,,PROC-A022-001,LOC-A022-0003,,,1.1
A022,A-H2-05,tier1,A022-C04,A022-C04,,,study_context,geometry_type,converging interaction angle 15°,,,,reported,Jet-axis interaction angle,"PDF p.3, Fig. 2 and Table 2",text,complete,verified,,PAR-A022-0017,CTX-A022-A022-C04,descriptive_state,jet_interaction_geometry,,,,,,,,,LOC-A022-0006,,,1.1
A022,A-H2-05,tier1,A022-C04,A022-C04,,,ambient_conditions,ambient_oxygen_fraction,21,vol%,0.21,fraction,reported,Post-preburn ambient oxygen volume fraction,"PDF p.3, Table 1",text,complete,verified,,PAR-A022-0018,CTX-A022-A022-C04,operating_condition,,,,,,,,,,LOC-A022-0007,,,1.1
A022,A-H2-05,tier1,A022-C05,A022-C05,,,study_context,geometry_type,converging interaction angle 15°,,,,reported,Jet-axis interaction angle,"PDF p.3, Fig. 2 and Table 2",text,complete,verified,,PAR-A022-0019,CTX-A022-A022-C05,descriptive_state,jet_interaction_geometry,,,,,,,,,LOC-A022-0006,,,1.1
A022,A-H2-05,tier1,A022-C05,A022-C05,,,ambient_conditions,ambient_oxygen_fraction,10,vol%,0.1,fraction,reported,Post-preburn ambient oxygen volume fraction,"PDF p.3, Table 1",text,complete,verified,,PAR-A022-0020,CTX-A022-A022-C05,operating_condition,,,,,,,,,,LOC-A022-0007,,,1.1
A016,A-NG-16,tier1,ALL,ALL,,,study_context,study_type,numerical,,,,reported,3D engine LES in CONVERGE with DMD and detailed chemistry; auxiliary CHEMKIN pathway calculations.,"PDF p.1, Abstract",text,complete,verified,,PAR-A016-0001,CTX-A016-ALL,classification,,,,,,,,,,LOC-A016-0001,,,1.1
A016,A-NG-16,tier1,ALL,ALL,,,study_context,application_context,LES evidence-chain test from jet interaction through vortex/heat/radical transport to ignition and combustion.,,,,reported,Pilot-role context,"PDF p.1, Abstract",text,complete,verified,,PAR-A016-0002,CTX-A016-ALL,descriptive_state,,,,,,,,,,LOC-A016-0001,,,1.1
A016,A-NG-16,tier1,ALL,ALL,,,injection_conditions,injection_pressure,diesel 30; natural gas 28,MPa,,,reported,Fuel-specific HPDI pressures,"PDF p.4, CFD model",text,complete,verified,,PAR-A016-0003,CTX-A016-ALL,boundary_condition,,,,,,,,,,LOC-A016-0002,,,1.1
A016,A-NG-16,tier1,ALL,ALL,,,numerical_method,numerical_scheme,LES dynamic-structure + SAGE detailed chemistry + DMD,,,,reported,3D CFD and modal-analysis framework,"PDF p.3, model",text,complete,verified,,PAR-A016-0004,CTX-A016-ALL,model_input,,,,,,,,,,LOC-A016-0003,,,1.1
A016,A-NG-16,tier1,ALL,ALL,,,ignition_combustion,combustion_mode,pilot-ignited nonpremixed dual-fuel,,,,reported,Diesel pilot initiates methane combustion,"PDF p.4, model",text,complete,verified,,PAR-A016-0005,CTX-A016-ALL,descriptive_state,,,,,,,,,PROC-A016-001,LOC-A016-0004,,,1.1
A016,A-NG-16,tier1,ALL,ALL,,,shock_structure,shock_Mach_number,NA,,,,NA,No imposed shock,"PDF p.1, study configuration",text,complete,verified,,PAR-A016-0006,CTX-A016-ALL,operating_condition,unknown,NV,,,,,,DIM-A016-001,,LOC-A016-0005,,Parameter is not physically or methodologically applicable: No imposed shock,1.1
A016,A-NG-16,tier1,A016-C01,A016-C01,,,study_context,geometry_type,intersection angle β=4°,,,,reported,β=natural-gas angle minus diesel angle,"PDF p.9, Table 5",text,complete,verified,,PAR-A016-0007,CTX-A016-A016-C01,descriptive_state,jet_interaction_geometry,,,,,,,,,LOC-A016-0006,,,1.1
A016,A-NG-16,tier1,A016-C01,A016-C01,,,mixing,entrainment,qualitative vortex entrainment,,,,reported,DMD-resolved interaction of methane jet with diesel active products,"PDF p.9, Figs. 15–17",text,complete,verified,,PAR-A016-0008,CTX-A016-A016-C01,simulated_output,,,,,,,,,PROC-A016-001,LOC-A016-0007,,,1.1
A016,A-NG-16,tier1,A016-C02,A016-C02,,,study_context,geometry_type,intersection angle β=2°,,,,reported,β=natural-gas angle minus diesel angle,"PDF p.9, Table 5",text,complete,verified,,PAR-A016-0009,CTX-A016-A016-C02,descriptive_state,jet_interaction_geometry,,,,,,,,,LOC-A016-0006,,,1.1
A016,A-NG-16,tier1,A016-C02,A016-C02,,,mixing,entrainment,qualitative vortex entrainment,,,,reported,DMD-resolved interaction of methane jet with diesel active products,"PDF p.9, Figs. 15–17",text,complete,verified,,PAR-A016-0010,CTX-A016-A016-C02,simulated_output,,,,,,,,,PROC-A016-001,LOC-A016-0007,,,1.1
A016,A-NG-16,tier1,A016-C03,A016-C03,,,study_context,geometry_type,intersection angle β=0°,,,,reported,β=natural-gas angle minus diesel angle,"PDF p.9, Table 5",text,complete,verified,,PAR-A016-0011,CTX-A016-A016-C03,descriptive_state,jet_interaction_geometry,,,,,,,,,LOC-A016-0006,,,1.1
A016,A-NG-16,tier1,A016-C03,A016-C03,,,mixing,entrainment,qualitative vortex entrainment,,,,reported,DMD-resolved interaction of methane jet with diesel active products,"PDF p.9, Figs. 15–17",text,complete,verified,,PAR-A016-0012,CTX-A016-A016-C03,simulated_output,,,,,,,,,PROC-A016-001,LOC-A016-0007,,,1.1
A016,A-NG-16,tier1,A016-C04,A016-C04,,,study_context,geometry_type,intersection angle β=-2°,,,,reported,β=natural-gas angle minus diesel angle,"PDF p.9, Table 5",text,complete,verified,,PAR-A016-0013,CTX-A016-A016-C04,descriptive_state,jet_interaction_geometry,,,,,,,,,LOC-A016-0006,,,1.1
A016,A-NG-16,tier1,A016-C04,A016-C04,,,mixing,entrainment,qualitative vortex entrainment,,,,reported,DMD-resolved interaction of methane jet with diesel active products,"PDF p.9, Figs. 15–17",text,complete,verified,,PAR-A016-0014,CTX-A016-A016-C04,simulated_output,,,,,,,,,PROC-A016-001,LOC-A016-0007,,,1.1
A016,A-NG-16,tier1,A016-C05,A016-C05,,,study_context,geometry_type,intersection angle β=-4°,,,,reported,β=natural-gas angle minus diesel angle,"PDF p.9, Table 5",text,complete,verified,,PAR-A016-0015,CTX-A016-A016-C05,descriptive_state,jet_interaction_geometry,,,,,,,,,LOC-A016-0006,,,1.1
A016,A-NG-16,tier1,A016-C05,A016-C05,,,mixing,entrainment,qualitative vortex entrainment,,,,reported,DMD-resolved interaction of methane jet with diesel active products,"PDF p.9, Figs. 15–17",text,complete,verified,,PAR-A016-0016,CTX-A016-A016-C05,simulated_output,,,,,,,,,PROC-A016-001,LOC-A016-0007,,,1.1
A016,A-NG-16,tier1,A016-C02,A016-C02,,,ignition_combustion,combustion_phasing,β=2° optimum at tested point,,,,reported,Reported operating-point-specific optimum,"PDF p.12, Conclusions",text,complete,verified,,PAR-A016-0017,CTX-A016-A016-C02,simulated_output,,,,,,,,,PROC-A016-001,LOC-A016-0008,,,1.1
A016,A-NG-16,tier1,A016-C02,A016-C02,,,ignition_combustion,heat_release_rate,CO reduced 44.9%,,,,reported,Reported combustion/emission consequence,"PDF p.12, Conclusions",text,complete,verified,,PAR-A016-0018,CTX-A016-A016-C02,simulated_output,,,,,,,,,PROC-A016-001,LOC-A016-0008,,,1.1
D009,D-RDE-04,tier1,ALL,ALL,,,study_context,study_type,mixed,,,,reported,Analytical stability criterion plus 2D Eulerian–Lagrangian reactive simulations of kerosene droplets and hot air.,"PDF p.1, Abstract",text,complete,verified,,PAR-D009-0001,CTX-D009-ALL,classification,,,,,,,,,,LOC-D009-0001,,,1.1
D009,D-RDE-04,tier1,ALL,ALL,,,study_context,application_context,RDE characteristic-scale ratio and propagation-stability benchmark.,,,,reported,Pilot-role context,"PDF p.1, Abstract",text,complete,verified,,PAR-D009-0002,CTX-D009-ALL,descriptive_state,,,,,,,,,,LOC-D009-0001,,,1.1
D009,D-RDE-04,tier1,ALL,ALL,,,rde_detonation,droplet_detonation_interaction,Δ=L_E/L_D,,,,reported,Evaporation distance divided by detonation-front height,"PDF p.3, Eq. 6",equation,complete,verified,,PAR-D009-0003,CTX-D009-ALL,measured_output,,,,,,,,,PROC-D009-001,LOC-D009-0002,,,1.1
D009,D-RDE-04,tier1,ALL,ALL,,,dimensionless_numbers,reported_value,Δ=(κ/(L_y/u_D)) d0²,,,,reported,Author analytical relation under stated assumptions,"PDF p.3, Eq. 10",equation,complete,verified,,PAR-D009-0004,CTX-D009-ALL,reported_correlation,,,,,,,,,,LOC-D009-0003,,,1.1
D009,D-RDE-04,tier1,ALL,ALL,,,spray_initial,volume_fraction,<1.26×10^-4,,,,reported,Dilute-phase assumption,"PDF p.2, assumptions",text,complete,verified,,PAR-D009-0005,CTX-D009-ALL,initial_condition,,,,,,,,,,LOC-D009-0004,,,1.1
D009,D-RDE-04,tier1,D009-B2,D009-B2,,,droplet_initial,droplet_diameter_initial,2,μm,2e-06,m,reported,Uniform initial droplet diameter,"PDF p.10, Table 2",text,complete,verified,,PAR-D009-0006,CTX-D009-D009-B2,initial_condition,,,,,,,,,,LOC-D009-0005,,,1.1
D009,D-RDE-04,tier1,D009-B2,D009-B2,,,mixing,equivalence_ratio,0,,,,reported,Pre-evaporation equivalence ratio φ_pre,"PDF p.10, Table 2",text,complete,verified,,PAR-D009-0007,CTX-D009-D009-B2,measured_output,,,,,,,,,PROC-D009-001,LOC-D009-0005,,,1.1
D009,D-RDE-04,tier1,D009-B2,D009-B2,,,rde_detonation,L_E_over_L_D,0.13,,,,reported,Droplet evaporation distance divided by detonation height,"PDF p.12, Table 3",text,complete,verified,Parameter name is a Pilot schema gap.,PAR-D009-0008,CTX-D009-D009-B2,measured_output,rde_characteristic_scale,,,,,,RATIO-D009-001,,PROC-D009-001,LOC-D009-0006,,,1.1
D009,D-RDE-04,tier1,D009-B2,D009-B2,,,rde_detonation,detonation_wave_velocity,1728,m/s,1728,m/s,reported,Mean rotating-detonation wave velocity,"PDF p.12, Tables 3–4",text,complete,verified,,PAR-D009-0009,CTX-D009-D009-B2,measured_output,,,,,,,,,PROC-D009-001,LOC-D009-0007,,,1.1
D009,D-RDE-04,tier1,D009-B3,D009-B3,,,droplet_initial,droplet_diameter_initial,3,μm,3e-06,m,reported,Uniform initial droplet diameter,"PDF p.10, Table 2",text,complete,verified,,PAR-D009-0010,CTX-D009-D009-B3,initial_condition,,,,,,,,,,LOC-D009-0005,,,1.1
D009,D-RDE-04,tier1,D009-B3,D009-B3,,,mixing,equivalence_ratio,0,,,,reported,Pre-evaporation equivalence ratio φ_pre,"PDF p.10, Table 2",text,complete,verified,,PAR-D009-0011,CTX-D009-D009-B3,measured_output,,,,,,,,,PROC-D009-001,LOC-D009-0005,,,1.1
D009,D-RDE-04,tier1,D009-B3,D009-B3,,,rde_detonation,L_E_over_L_D,0.31,,,,reported,Droplet evaporation distance divided by detonation height,"PDF p.12, Table 3",text,complete,verified,Parameter name is a Pilot schema gap.,PAR-D009-0012,CTX-D009-D009-B3,measured_output,rde_characteristic_scale,,,,,,RATIO-D009-002,,PROC-D009-001,LOC-D009-0006,,,1.1
D009,D-RDE-04,tier1,D009-B3,D009-B3,,,rde_detonation,detonation_wave_velocity,1696,m/s,1696,m/s,reported,Mean rotating-detonation wave velocity,"PDF p.12, Tables 3–4",text,complete,verified,,PAR-D009-0013,CTX-D009-D009-B3,measured_output,,,,,,,,,PROC-D009-001,LOC-D009-0007,,,1.1
D009,D-RDE-04,tier1,D009-B4,D009-B4,,,droplet_initial,droplet_diameter_initial,4,μm,4e-06,m,reported,Uniform initial droplet diameter,"PDF p.10, Table 2",text,complete,verified,,PAR-D009-0014,CTX-D009-D009-B4,initial_condition,,,,,,,,,,LOC-D009-0005,,,1.1
D009,D-RDE-04,tier1,D009-B4,D009-B4,,,mixing,equivalence_ratio,0,,,,reported,Pre-evaporation equivalence ratio φ_pre,"PDF p.10, Table 2",text,complete,verified,,PAR-D009-0015,CTX-D009-D009-B4,measured_output,,,,,,,,,PROC-D009-001,LOC-D009-0005,,,1.1
D009,D-RDE-04,tier1,D009-B4,D009-B4,,,rde_detonation,L_E_over_L_D,0.55,,,,reported,Droplet evaporation distance divided by detonation height,"PDF p.12, Table 3",text,complete,verified,Parameter name is a Pilot schema gap.,PAR-D009-0016,CTX-D009-D009-B4,measured_output,rde_characteristic_scale,,,,,,RATIO-D009-003,,PROC-D009-001,LOC-D009-0006,,,1.1
D009,D-RDE-04,tier1,D009-B4,D009-B4,,,rde_detonation,detonation_wave_velocity,1618,m/s,1618,m/s,reported,Mean rotating-detonation wave velocity,"PDF p.12, Tables 3–4",text,complete,verified,,PAR-D009-0017,CTX-D009-D009-B4,measured_output,,,,,,,,,PROC-D009-001,LOC-D009-0007,,,1.1
D009,D-RDE-04,tier1,D009-B5,D009-B5,,,droplet_initial,droplet_diameter_initial,5,μm,4.9999999999999996e-06,m,reported,Uniform initial droplet diameter,"PDF p.10, Table 2",text,complete,verified,,PAR-D009-0018,CTX-D009-D009-B5,initial_condition,,,,,,,,,,LOC-D009-0005,,,1.1
D009,D-RDE-04,tier1,D009-B5,D009-B5,,,mixing,equivalence_ratio,0,,,,reported,Pre-evaporation equivalence ratio φ_pre,"PDF p.10, Table 2",text,complete,verified,,PAR-D009-0019,CTX-D009-D009-B5,measured_output,,,,,,,,,PROC-D009-001,LOC-D009-0005,,,1.1
D009,D-RDE-04,tier1,D009-B5,D009-B5,,,rde_detonation,L_E_over_L_D,0.84,,,,reported,Droplet evaporation distance divided by detonation height,"PDF p.12, Table 3",text,complete,verified,Parameter name is a Pilot schema gap.,PAR-D009-0020,CTX-D009-D009-B5,measured_output,rde_characteristic_scale,,,,,,RATIO-D009-004,,PROC-D009-001,LOC-D009-0006,,,1.1
D009,D-RDE-04,tier1,D009-C4,D009-C4,,,droplet_initial,droplet_diameter_initial,5,μm,4.9999999999999996e-06,m,reported,Uniform initial droplet diameter,"PDF p.10, Table 2",text,complete,verified,,PAR-D009-0021,CTX-D009-D009-C4,initial_condition,,,,,,,,,,LOC-D009-0005,,,1.1
D009,D-RDE-04,tier1,D009-C4,D009-C4,,,mixing,equivalence_ratio,0.4,,,,reported,Pre-evaporation equivalence ratio φ_pre,"PDF p.10, Table 2",text,complete,verified,,PAR-D009-0022,CTX-D009-D009-C4,measured_output,,,,,,,,,PROC-D009-001,LOC-D009-0005,,,1.1
D009,D-RDE-04,tier1,D009-C4,D009-C4,,,rde_detonation,detonation_wave_velocity,1686,m/s,1686,m/s,reported,Mean rotating-detonation wave velocity,"PDF p.12, Tables 3–4",text,complete,verified,,PAR-D009-0023,CTX-D009-D009-C4,measured_output,,,,,,,,,PROC-D009-001,LOC-D009-0007,,,1.1
D009,D-RDE-04,tier1,D009-C5,D009-C5,,,droplet_initial,droplet_diameter_initial,5,μm,4.9999999999999996e-06,m,reported,Uniform initial droplet diameter,"PDF p.10, Table 2",text,complete,verified,,PAR-D009-0024,CTX-D009-D009-C5,initial_condition,,,,,,,,,,LOC-D009-0005,,,1.1
D009,D-RDE-04,tier1,D009-C5,D009-C5,,,mixing,equivalence_ratio,0.5,,,,reported,Pre-evaporation equivalence ratio φ_pre,"PDF p.10, Table 2",text,complete,verified,,PAR-D009-0025,CTX-D009-D009-C5,measured_output,,,,,,,,,PROC-D009-001,LOC-D009-0005,,,1.1
D009,D-RDE-04,tier1,D009-C5,D009-C5,,,rde_detonation,detonation_wave_velocity,1701,m/s,1701,m/s,reported,Mean rotating-detonation wave velocity,"PDF p.12, Tables 3–4",text,complete,verified,,PAR-D009-0026,CTX-D009-D009-C5,measured_output,,,,,,,,,PROC-D009-001,LOC-D009-0007,,,1.1
D009,D-RDE-04,tier1,D009-C6,D009-C6,,,droplet_initial,droplet_diameter_initial,5,μm,4.9999999999999996e-06,m,reported,Uniform initial droplet diameter,"PDF p.10, Table 2",text,complete,verified,,PAR-D009-0027,CTX-D009-D009-C6,initial_condition,,,,,,,,,,LOC-D009-0005,,,1.1
D009,D-RDE-04,tier1,D009-C6,D009-C6,,,mixing,equivalence_ratio,0.6,,,,reported,Pre-evaporation equivalence ratio φ_pre,"PDF p.10, Table 2",text,complete,verified,,PAR-D009-0028,CTX-D009-D009-C6,measured_output,,,,,,,,,PROC-D009-001,LOC-D009-0005,,,1.1
D009,D-RDE-04,tier1,D009-C6,D009-C6,,,rde_detonation,detonation_wave_velocity,1711,m/s,1711,m/s,reported,Mean rotating-detonation wave velocity,"PDF p.12, Tables 3–4",text,complete,verified,,PAR-D009-0029,CTX-D009-D009-C6,measured_output,,,,,,,,,PROC-D009-001,LOC-D009-0007,,,1.1
C014,C-SD-07,tier1,C014-C01,C014-C01,,,shock_structure,post_shock_velocity,NV,,,,NV,post-shock gas velocity referenced by the reported We definition,"PDF p.5, Table 1",table,partial,issue,Schema 1.1 reference component for PAR-C014-0003; no numeric value was added.,PAR-C014-0051,CTX-C014-C014-C01,measured_input,post_shock_freestream,NV,,,,,,,,LOC-C014-0002,,"The reported We definition identifies this component, but a standalone numeric value is not verified in the existing Pilot extraction.",1.1
C014,C-SD-07,tier1,C014-C01,C014-C01,,,shock_structure,post_shock_density,NV,,,,NV,post-shock gas density referenced by the reported We definition,"PDF p.5, Table 1",table,partial,issue,Schema 1.1 reference component for PAR-C014-0003; no numeric value was added.,PAR-C014-0052,CTX-C014-C014-C01,measured_input,post_shock_freestream,,,,,,,,,LOC-C014-0002,,"The reported We definition identifies this component, but a standalone numeric value is not verified in the existing Pilot extraction.",1.1
C014,C-SD-07,tier1,C014-C01,C014-C01,,,droplet_initial,droplet_diameter_initial,NV,,,,NV,droplet length scale referenced by the reported We definition,"PDF p.5, Table 1",table,partial,issue,Schema 1.1 reference component for PAR-C014-0003; no numeric value was added.,PAR-C014-0053,CTX-C014-C014-C01,measured_input,weber_reference_component,,,,,,,,,LOC-C014-0002,,"The reported We definition identifies this component, but a standalone numeric value is not verified in the existing Pilot extraction.",1.1
C014,C-SD-07,tier1,C014-C01,C014-C01,,,droplet_initial,surface_tension,NV,,,,NV,surface tension referenced by the reported We definition,"PDF p.5, Table 1",table,partial,issue,Schema 1.1 reference component for PAR-C014-0003; no numeric value was added.,PAR-C014-0054,CTX-C014-C014-C01,measured_input,weber_reference_component,,,,,,,,,LOC-C014-0002,,"The reported We definition identifies this component, but a standalone numeric value is not verified in the existing Pilot extraction.",1.1
C014,C-SD-07,tier1,C014-C02,C014-C02,,,shock_structure,post_shock_velocity,NV,,,,NV,post-shock gas velocity referenced by the reported We definition,"PDF p.5, Table 1",table,partial,issue,Schema 1.1 reference component for PAR-C014-0009; no numeric value was added.,PAR-C014-0055,CTX-C014-C014-C02,measured_input,post_shock_freestream,NV,,,,,,,,LOC-C014-0002,,"The reported We definition identifies this component, but a standalone numeric value is not verified in the existing Pilot extraction.",1.1
C014,C-SD-07,tier1,C014-C02,C014-C02,,,shock_structure,post_shock_density,NV,,,,NV,post-shock gas density referenced by the reported We definition,"PDF p.5, Table 1",table,partial,issue,Schema 1.1 reference component for PAR-C014-0009; no numeric value was added.,PAR-C014-0056,CTX-C014-C014-C02,measured_input,post_shock_freestream,,,,,,,,,LOC-C014-0002,,"The reported We definition identifies this component, but a standalone numeric value is not verified in the existing Pilot extraction.",1.1
C014,C-SD-07,tier1,C014-C02,C014-C02,,,droplet_initial,droplet_diameter_initial,NV,,,,NV,droplet length scale referenced by the reported We definition,"PDF p.5, Table 1",table,partial,issue,Schema 1.1 reference component for PAR-C014-0009; no numeric value was added.,PAR-C014-0057,CTX-C014-C014-C02,measured_input,weber_reference_component,,,,,,,,,LOC-C014-0002,,"The reported We definition identifies this component, but a standalone numeric value is not verified in the existing Pilot extraction.",1.1
C014,C-SD-07,tier1,C014-C02,C014-C02,,,droplet_initial,surface_tension,NV,,,,NV,surface tension referenced by the reported We definition,"PDF p.5, Table 1",table,partial,issue,Schema 1.1 reference component for PAR-C014-0009; no numeric value was added.,PAR-C014-0058,CTX-C014-C014-C02,measured_input,weber_reference_component,,,,,,,,,LOC-C014-0002,,"The reported We definition identifies this component, but a standalone numeric value is not verified in the existing Pilot extraction.",1.1
C014,C-SD-07,tier1,C014-C03,C014-C03,,,shock_structure,post_shock_velocity,NV,,,,NV,post-shock gas velocity referenced by the reported We definition,"PDF p.5, Table 1",table,partial,issue,Schema 1.1 reference component for PAR-C014-0015; no numeric value was added.,PAR-C014-0059,CTX-C014-C014-C03,measured_input,post_shock_freestream,NV,,,,,,,,LOC-C014-0002,,"The reported We definition identifies this component, but a standalone numeric value is not verified in the existing Pilot extraction.",1.1
C014,C-SD-07,tier1,C014-C03,C014-C03,,,shock_structure,post_shock_density,NV,,,,NV,post-shock gas density referenced by the reported We definition,"PDF p.5, Table 1",table,partial,issue,Schema 1.1 reference component for PAR-C014-0015; no numeric value was added.,PAR-C014-0060,CTX-C014-C014-C03,measured_input,post_shock_freestream,,,,,,,,,LOC-C014-0002,,"The reported We definition identifies this component, but a standalone numeric value is not verified in the existing Pilot extraction.",1.1
C014,C-SD-07,tier1,C014-C03,C014-C03,,,droplet_initial,droplet_diameter_initial,NV,,,,NV,droplet length scale referenced by the reported We definition,"PDF p.5, Table 1",table,partial,issue,Schema 1.1 reference component for PAR-C014-0015; no numeric value was added.,PAR-C014-0061,CTX-C014-C014-C03,measured_input,weber_reference_component,,,,,,,,,LOC-C014-0002,,"The reported We definition identifies this component, but a standalone numeric value is not verified in the existing Pilot extraction.",1.1
C014,C-SD-07,tier1,C014-C03,C014-C03,,,droplet_initial,surface_tension,NV,,,,NV,surface tension referenced by the reported We definition,"PDF p.5, Table 1",table,partial,issue,Schema 1.1 reference component for PAR-C014-0015; no numeric value was added.,PAR-C014-0062,CTX-C014-C014-C03,measured_input,weber_reference_component,,,,,,,,,LOC-C014-0002,,"The reported We definition identifies this component, but a standalone numeric value is not verified in the existing Pilot extraction.",1.1
C014,C-SD-07,tier1,C014-C04,C014-C04,,,shock_structure,post_shock_velocity,NV,,,,NV,post-shock gas velocity referenced by the reported We definition,"PDF p.5, Table 1",table,partial,issue,Schema 1.1 reference component for PAR-C014-0021; no numeric value was added.,PAR-C014-0063,CTX-C014-C014-C04,measured_input,post_shock_freestream,NV,,,,,,,,LOC-C014-0002,,"The reported We definition identifies this component, but a standalone numeric value is not verified in the existing Pilot extraction.",1.1
C014,C-SD-07,tier1,C014-C04,C014-C04,,,shock_structure,post_shock_density,NV,,,,NV,post-shock gas density referenced by the reported We definition,"PDF p.5, Table 1",table,partial,issue,Schema 1.1 reference component for PAR-C014-0021; no numeric value was added.,PAR-C014-0064,CTX-C014-C014-C04,measured_input,post_shock_freestream,,,,,,,,,LOC-C014-0002,,"The reported We definition identifies this component, but a standalone numeric value is not verified in the existing Pilot extraction.",1.1
C014,C-SD-07,tier1,C014-C04,C014-C04,,,droplet_initial,droplet_diameter_initial,NV,,,,NV,droplet length scale referenced by the reported We definition,"PDF p.5, Table 1",table,partial,issue,Schema 1.1 reference component for PAR-C014-0021; no numeric value was added.,PAR-C014-0065,CTX-C014-C014-C04,measured_input,weber_reference_component,,,,,,,,,LOC-C014-0002,,"The reported We definition identifies this component, but a standalone numeric value is not verified in the existing Pilot extraction.",1.1
C014,C-SD-07,tier1,C014-C04,C014-C04,,,droplet_initial,surface_tension,NV,,,,NV,surface tension referenced by the reported We definition,"PDF p.5, Table 1",table,partial,issue,Schema 1.1 reference component for PAR-C014-0021; no numeric value was added.,PAR-C014-0066,CTX-C014-C014-C04,measured_input,weber_reference_component,,,,,,,,,LOC-C014-0002,,"The reported We definition identifies this component, but a standalone numeric value is not verified in the existing Pilot extraction.",1.1
C014,C-SD-07,tier1,C014-C05,C014-C05,,,shock_structure,post_shock_velocity,NV,,,,NV,post-shock gas velocity referenced by the reported We definition,"PDF p.5, Table 1",table,partial,issue,Schema 1.1 reference component for PAR-C014-0027; no numeric value was added.,PAR-C014-0067,CTX-C014-C014-C05,measured_input,post_shock_freestream,NV,,,,,,,,LOC-C014-0002,,"The reported We definition identifies this component, but a standalone numeric value is not verified in the existing Pilot extraction.",1.1
C014,C-SD-07,tier1,C014-C05,C014-C05,,,shock_structure,post_shock_density,NV,,,,NV,post-shock gas density referenced by the reported We definition,"PDF p.5, Table 1",table,partial,issue,Schema 1.1 reference component for PAR-C014-0027; no numeric value was added.,PAR-C014-0068,CTX-C014-C014-C05,measured_input,post_shock_freestream,,,,,,,,,LOC-C014-0002,,"The reported We definition identifies this component, but a standalone numeric value is not verified in the existing Pilot extraction.",1.1
C014,C-SD-07,tier1,C014-C05,C014-C05,,,droplet_initial,droplet_diameter_initial,NV,,,,NV,droplet length scale referenced by the reported We definition,"PDF p.5, Table 1",table,partial,issue,Schema 1.1 reference component for PAR-C014-0027; no numeric value was added.,PAR-C014-0069,CTX-C014-C014-C05,measured_input,weber_reference_component,,,,,,,,,LOC-C014-0002,,"The reported We definition identifies this component, but a standalone numeric value is not verified in the existing Pilot extraction.",1.1
C014,C-SD-07,tier1,C014-C05,C014-C05,,,droplet_initial,surface_tension,NV,,,,NV,surface tension referenced by the reported We definition,"PDF p.5, Table 1",table,partial,issue,Schema 1.1 reference component for PAR-C014-0027; no numeric value was added.,PAR-C014-0070,CTX-C014-C014-C05,measured_input,weber_reference_component,,,,,,,,,LOC-C014-0002,,"The reported We definition identifies this component, but a standalone numeric value is not verified in the existing Pilot extraction.",1.1
C014,C-SD-07,tier1,C014-C06,C014-C06,,,shock_structure,post_shock_velocity,NV,,,,NV,post-shock gas velocity referenced by the reported We definition,"PDF p.5, Table 1",table,partial,issue,Schema 1.1 reference component for PAR-C014-0033; no numeric value was added.,PAR-C014-0071,CTX-C014-C014-C06,measured_input,post_shock_freestream,NV,,,,,,,,LOC-C014-0002,,"The reported We definition identifies this component, but a standalone numeric value is not verified in the existing Pilot extraction.",1.1
C014,C-SD-07,tier1,C014-C06,C014-C06,,,shock_structure,post_shock_density,NV,,,,NV,post-shock gas density referenced by the reported We definition,"PDF p.5, Table 1",table,partial,issue,Schema 1.1 reference component for PAR-C014-0033; no numeric value was added.,PAR-C014-0072,CTX-C014-C014-C06,measured_input,post_shock_freestream,,,,,,,,,LOC-C014-0002,,"The reported We definition identifies this component, but a standalone numeric value is not verified in the existing Pilot extraction.",1.1
C014,C-SD-07,tier1,C014-C06,C014-C06,,,droplet_initial,droplet_diameter_initial,NV,,,,NV,droplet length scale referenced by the reported We definition,"PDF p.5, Table 1",table,partial,issue,Schema 1.1 reference component for PAR-C014-0033; no numeric value was added.,PAR-C014-0073,CTX-C014-C014-C06,measured_input,weber_reference_component,,,,,,,,,LOC-C014-0002,,"The reported We definition identifies this component, but a standalone numeric value is not verified in the existing Pilot extraction.",1.1
C014,C-SD-07,tier1,C014-C06,C014-C06,,,droplet_initial,surface_tension,NV,,,,NV,surface tension referenced by the reported We definition,"PDF p.5, Table 1",table,partial,issue,Schema 1.1 reference component for PAR-C014-0033; no numeric value was added.,PAR-C014-0074,CTX-C014-C014-C06,measured_input,weber_reference_component,,,,,,,,,LOC-C014-0002,,"The reported We definition identifies this component, but a standalone numeric value is not verified in the existing Pilot extraction.",1.1
C014,C-SD-07,tier1,C014-C07,C014-C07,,,shock_structure,post_shock_velocity,NV,,,,NV,post-shock gas velocity referenced by the reported We definition,"PDF p.5, Table 1",table,partial,issue,Schema 1.1 reference component for PAR-C014-0039; no numeric value was added.,PAR-C014-0075,CTX-C014-C014-C07,measured_input,post_shock_freestream,NV,,,,,,,,LOC-C014-0002,,"The reported We definition identifies this component, but a standalone numeric value is not verified in the existing Pilot extraction.",1.1
C014,C-SD-07,tier1,C014-C07,C014-C07,,,shock_structure,post_shock_density,NV,,,,NV,post-shock gas density referenced by the reported We definition,"PDF p.5, Table 1",table,partial,issue,Schema 1.1 reference component for PAR-C014-0039; no numeric value was added.,PAR-C014-0076,CTX-C014-C014-C07,measured_input,post_shock_freestream,,,,,,,,,LOC-C014-0002,,"The reported We definition identifies this component, but a standalone numeric value is not verified in the existing Pilot extraction.",1.1
C014,C-SD-07,tier1,C014-C07,C014-C07,,,droplet_initial,droplet_diameter_initial,NV,,,,NV,droplet length scale referenced by the reported We definition,"PDF p.5, Table 1",table,partial,issue,Schema 1.1 reference component for PAR-C014-0039; no numeric value was added.,PAR-C014-0077,CTX-C014-C014-C07,measured_input,weber_reference_component,,,,,,,,,LOC-C014-0002,,"The reported We definition identifies this component, but a standalone numeric value is not verified in the existing Pilot extraction.",1.1
C014,C-SD-07,tier1,C014-C07,C014-C07,,,droplet_initial,surface_tension,NV,,,,NV,surface tension referenced by the reported We definition,"PDF p.5, Table 1",table,partial,issue,Schema 1.1 reference component for PAR-C014-0039; no numeric value was added.,PAR-C014-0078,CTX-C014-C014-C07,measured_input,weber_reference_component,,,,,,,,,LOC-C014-0002,,"The reported We definition identifies this component, but a standalone numeric value is not verified in the existing Pilot extraction.",1.1
C014,C-SD-07,tier1,C014-C08,C014-C08,,,shock_structure,post_shock_velocity,NV,,,,NV,post-shock gas velocity referenced by the reported We definition,"PDF p.5, Table 1",table,partial,issue,Schema 1.1 reference component for PAR-C014-0045; no numeric value was added.,PAR-C014-0079,CTX-C014-C014-C08,measured_input,post_shock_freestream,NV,,,,,,,,LOC-C014-0002,,"The reported We definition identifies this component, but a standalone numeric value is not verified in the existing Pilot extraction.",1.1
C014,C-SD-07,tier1,C014-C08,C014-C08,,,shock_structure,post_shock_density,NV,,,,NV,post-shock gas density referenced by the reported We definition,"PDF p.5, Table 1",table,partial,issue,Schema 1.1 reference component for PAR-C014-0045; no numeric value was added.,PAR-C014-0080,CTX-C014-C014-C08,measured_input,post_shock_freestream,,,,,,,,,LOC-C014-0002,,"The reported We definition identifies this component, but a standalone numeric value is not verified in the existing Pilot extraction.",1.1
C014,C-SD-07,tier1,C014-C08,C014-C08,,,droplet_initial,droplet_diameter_initial,NV,,,,NV,droplet length scale referenced by the reported We definition,"PDF p.5, Table 1",table,partial,issue,Schema 1.1 reference component for PAR-C014-0045; no numeric value was added.,PAR-C014-0081,CTX-C014-C014-C08,measured_input,weber_reference_component,,,,,,,,,LOC-C014-0002,,"The reported We definition identifies this component, but a standalone numeric value is not verified in the existing Pilot extraction.",1.1
C014,C-SD-07,tier1,C014-C08,C014-C08,,,droplet_initial,surface_tension,NV,,,,NV,surface tension referenced by the reported We definition,"PDF p.5, Table 1",table,partial,issue,Schema 1.1 reference component for PAR-C014-0045; no numeric value was added.,PAR-C014-0082,CTX-C014-C014-C08,measured_input,weber_reference_component,,,,,,,,,LOC-C014-0002,,"The reported We definition identifies this component, but a standalone numeric value is not verified in the existing Pilot extraction.",1.1
C016,C-SD-09,tier1,C016-C01,C016-C01,,,shock_structure,post_shock_velocity,NV,,,,NV,post-shock gas velocity referenced by the reported We definition,"PDF p.13, Fig. 6 labels",figure,partial,issue,Schema 1.1 reference component for PAR-C016-0004; no numeric value was added.,PAR-C016-0023,CTX-C016-C016-C01,measured_input,post_shock_freestream,NV,,,,,,,,LOC-C016-0003,,"The reported We definition identifies this component, but a standalone numeric value is not verified in the existing Pilot extraction.",1.1
C016,C-SD-09,tier1,C016-C01,C016-C01,,,shock_structure,post_shock_density,NV,,,,NV,post-shock gas density referenced by the reported We definition,"PDF p.13, Fig. 6 labels",figure,partial,issue,Schema 1.1 reference component for PAR-C016-0004; no numeric value was added.,PAR-C016-0024,CTX-C016-C016-C01,measured_input,post_shock_freestream,,,,,,,,,LOC-C016-0003,,"The reported We definition identifies this component, but a standalone numeric value is not verified in the existing Pilot extraction.",1.1
C016,C-SD-09,tier1,C016-C01,C016-C01,,,droplet_initial,surface_tension,NV,,,,NV,surface tension referenced by the reported We definition,"PDF p.13, Fig. 6 labels",figure,partial,issue,Schema 1.1 reference component for PAR-C016-0004; no numeric value was added.,PAR-C016-0025,CTX-C016-C016-C01,measured_input,weber_reference_component,,,,,,,,,LOC-C016-0003,,"The reported We definition identifies this component, but a standalone numeric value is not verified in the existing Pilot extraction.",1.1
C016,C-SD-09,tier1,C016-C02,C016-C02,,,shock_structure,post_shock_velocity,NV,,,,NV,post-shock gas velocity referenced by the reported We definition,"PDF p.13, Fig. 6 labels",figure,partial,issue,Schema 1.1 reference component for PAR-C016-0009; no numeric value was added.,PAR-C016-0026,CTX-C016-C016-C02,measured_input,post_shock_freestream,NV,,,,,,,,LOC-C016-0003,,"The reported We definition identifies this component, but a standalone numeric value is not verified in the existing Pilot extraction.",1.1
C016,C-SD-09,tier1,C016-C02,C016-C02,,,shock_structure,post_shock_density,NV,,,,NV,post-shock gas density referenced by the reported We definition,"PDF p.13, Fig. 6 labels",figure,partial,issue,Schema 1.1 reference component for PAR-C016-0009; no numeric value was added.,PAR-C016-0027,CTX-C016-C016-C02,measured_input,post_shock_freestream,,,,,,,,,LOC-C016-0003,,"The reported We definition identifies this component, but a standalone numeric value is not verified in the existing Pilot extraction.",1.1
C016,C-SD-09,tier1,C016-C02,C016-C02,,,droplet_initial,surface_tension,NV,,,,NV,surface tension referenced by the reported We definition,"PDF p.13, Fig. 6 labels",figure,partial,issue,Schema 1.1 reference component for PAR-C016-0009; no numeric value was added.,PAR-C016-0028,CTX-C016-C016-C02,measured_input,weber_reference_component,,,,,,,,,LOC-C016-0003,,"The reported We definition identifies this component, but a standalone numeric value is not verified in the existing Pilot extraction.",1.1
C016,C-SD-09,tier1,C016-C03,C016-C03,,,shock_structure,post_shock_velocity,NV,,,,NV,post-shock gas velocity referenced by the reported We definition,"PDF p.13, Fig. 6 labels",figure,partial,issue,Schema 1.1 reference component for PAR-C016-0014; no numeric value was added.,PAR-C016-0029,CTX-C016-C016-C03,measured_input,post_shock_freestream,NV,,,,,,,,LOC-C016-0003,,"The reported We definition identifies this component, but a standalone numeric value is not verified in the existing Pilot extraction.",1.1
C016,C-SD-09,tier1,C016-C03,C016-C03,,,shock_structure,post_shock_density,NV,,,,NV,post-shock gas density referenced by the reported We definition,"PDF p.13, Fig. 6 labels",figure,partial,issue,Schema 1.1 reference component for PAR-C016-0014; no numeric value was added.,PAR-C016-0030,CTX-C016-C016-C03,measured_input,post_shock_freestream,,,,,,,,,LOC-C016-0003,,"The reported We definition identifies this component, but a standalone numeric value is not verified in the existing Pilot extraction.",1.1
C016,C-SD-09,tier1,C016-C03,C016-C03,,,droplet_initial,surface_tension,NV,,,,NV,surface tension referenced by the reported We definition,"PDF p.13, Fig. 6 labels",figure,partial,issue,Schema 1.1 reference component for PAR-C016-0014; no numeric value was added.,PAR-C016-0031,CTX-C016-C016-C03,measured_input,weber_reference_component,,,,,,,,,LOC-C016-0003,,"The reported We definition identifies this component, but a standalone numeric value is not verified in the existing Pilot extraction.",1.1
C016,C-SD-09,tier1,C016-C04,C016-C04,,,shock_structure,post_shock_velocity,NV,,,,NV,post-shock gas velocity referenced by the reported We definition,"PDF p.13, Fig. 6 labels",figure,partial,issue,Schema 1.1 reference component for PAR-C016-0019; no numeric value was added.,PAR-C016-0032,CTX-C016-C016-C04,measured_input,post_shock_freestream,NV,,,,,,,,LOC-C016-0003,,"The reported We definition identifies this component, but a standalone numeric value is not verified in the existing Pilot extraction.",1.1
C016,C-SD-09,tier1,C016-C04,C016-C04,,,shock_structure,post_shock_density,NV,,,,NV,post-shock gas density referenced by the reported We definition,"PDF p.13, Fig. 6 labels",figure,partial,issue,Schema 1.1 reference component for PAR-C016-0019; no numeric value was added.,PAR-C016-0033,CTX-C016-C016-C04,measured_input,post_shock_freestream,,,,,,,,,LOC-C016-0003,,"The reported We definition identifies this component, but a standalone numeric value is not verified in the existing Pilot extraction.",1.1
C016,C-SD-09,tier1,C016-C04,C016-C04,,,droplet_initial,surface_tension,NV,,,,NV,surface tension referenced by the reported We definition,"PDF p.13, Fig. 6 labels",figure,partial,issue,Schema 1.1 reference component for PAR-C016-0019; no numeric value was added.,PAR-C016-0034,CTX-C016-C016-C04,measured_input,weber_reference_component,,,,,,,,,LOC-C016-0003,,"The reported We definition identifies this component, but a standalone numeric value is not verified in the existing Pilot extraction.",1.1
C031,C-PC-05,tier1,ALL,ALL,,,shock_structure,post_shock_velocity,NV,,,,NV,post-shock gas velocity referenced by the reported We definition,"PDF p.8, baseline",text,partial,issue,Schema 1.1 reference component for PAR-C031-0009; no numeric value was added.,PAR-C031-0023,CTX-C031-ALL,model_input,post_shock_freestream,NV,,,,,,,,LOC-C031-0004,,"The reported We definition identifies this component, but a standalone numeric value is not verified in the existing Pilot extraction.",1.1
C031,C-PC-05,tier1,ALL,ALL,,,shock_structure,post_shock_density,NV,,,,NV,post-shock gas density referenced by the reported We definition,"PDF p.8, baseline",text,partial,issue,Schema 1.1 reference component for PAR-C031-0009; no numeric value was added.,PAR-C031-0024,CTX-C031-ALL,model_input,post_shock_freestream,,,,,,,,,LOC-C031-0004,,"The reported We definition identifies this component, but a standalone numeric value is not verified in the existing Pilot extraction.",1.1
D017,D-DW-02,tier1,ALL,ALL,,,shock_structure,post_shock_velocity,NV,,,,NV,post-shock gas velocity referenced by the reported We definition,"PDF p.1, Abstract",text,partial,issue,Schema 1.1 reference component for PAR-D017-0009; no numeric value was added.,PAR-D017-0038,CTX-D017-ALL,unknown,post_shock_freestream,NV,,,,,,,,LOC-D017-0001,,"The reported We definition identifies this component, but a standalone numeric value is not verified in the existing Pilot extraction.",1.1
D017,D-DW-02,tier1,ALL,ALL,,,shock_structure,post_shock_density,NV,,,,NV,post-shock gas density referenced by the reported We definition,"PDF p.1, Abstract",text,partial,issue,Schema 1.1 reference component for PAR-D017-0009; no numeric value was added.,PAR-D017-0039,CTX-D017-ALL,unknown,post_shock_freestream,,,,,,,,,LOC-D017-0001,,"The reported We definition identifies this component, but a standalone numeric value is not verified in the existing Pilot extraction.",1.1
D017,D-DW-02,tier1,ALL,ALL,,,droplet_initial,droplet_diameter_initial,NV,,,,NV,droplet length scale referenced by the reported We definition,"PDF p.1, Abstract",text,partial,issue,Schema 1.1 reference component for PAR-D017-0009; no numeric value was added.,PAR-D017-0040,CTX-D017-ALL,unknown,weber_reference_component,,,,,,,,,LOC-D017-0001,,"The reported We definition identifies this component, but a standalone numeric value is not verified in the existing Pilot extraction.",1.1
D017,D-DW-02,tier1,ALL,ALL,,,droplet_initial,surface_tension,NV,,,,NV,surface tension referenced by the reported We definition,"PDF p.1, Abstract",text,partial,issue,Schema 1.1 reference component for PAR-D017-0009; no numeric value was added.,PAR-D017-0041,CTX-D017-ALL,unknown,weber_reference_component,,,,,,,,,LOC-D017-0001,,"The reported We definition identifies this component, but a standalone numeric value is not verified in the existing Pilot extraction.",1.1
D009,D-RDE-04,tier1,D009-B2,D009-B2,,,characteristic_scales,evaporation_length,NV,,,,NV,L_E: droplet evaporation distance used as the numerator of Δ,"PDF p.12, Table 3",text,partial,issue,Schema 1.1 operand for PAR-D009-0008; the ratio is reported but the standalone operand value is not verified in Phase 6 extraction.,PAR-D009-0030,CTX-D009-D009-B2,unknown,rde_characteristic_scale,,,,,,,,,LOC-D009-0006,,"The operand is physically defined by the source, but a standalone numeric value is not verified in the existing Pilot extraction.",1.1
D009,D-RDE-04,tier1,D009-B2,D009-B2,,,characteristic_scales,detonation_characteristic_length,NV,,,,NV,L_D: detonation-front height used as the denominator of Δ,"PDF p.12, Table 3",text,partial,issue,Schema 1.1 operand for PAR-D009-0008; the ratio is reported but the standalone operand value is not verified in Phase 6 extraction.,PAR-D009-0031,CTX-D009-D009-B2,unknown,rde_characteristic_scale,,,,,,,,,LOC-D009-0006,,"The operand is physically defined by the source, but a standalone numeric value is not verified in the existing Pilot extraction.",1.1
D009,D-RDE-04,tier1,D009-B3,D009-B3,,,characteristic_scales,evaporation_length,NV,,,,NV,L_E: droplet evaporation distance used as the numerator of Δ,"PDF p.12, Table 3",text,partial,issue,Schema 1.1 operand for PAR-D009-0012; the ratio is reported but the standalone operand value is not verified in Phase 6 extraction.,PAR-D009-0032,CTX-D009-D009-B3,unknown,rde_characteristic_scale,,,,,,,,,LOC-D009-0006,,"The operand is physically defined by the source, but a standalone numeric value is not verified in the existing Pilot extraction.",1.1
D009,D-RDE-04,tier1,D009-B3,D009-B3,,,characteristic_scales,detonation_characteristic_length,NV,,,,NV,L_D: detonation-front height used as the denominator of Δ,"PDF p.12, Table 3",text,partial,issue,Schema 1.1 operand for PAR-D009-0012; the ratio is reported but the standalone operand value is not verified in Phase 6 extraction.,PAR-D009-0033,CTX-D009-D009-B3,unknown,rde_characteristic_scale,,,,,,,,,LOC-D009-0006,,"The operand is physically defined by the source, but a standalone numeric value is not verified in the existing Pilot extraction.",1.1
D009,D-RDE-04,tier1,D009-B4,D009-B4,,,characteristic_scales,evaporation_length,NV,,,,NV,L_E: droplet evaporation distance used as the numerator of Δ,"PDF p.12, Table 3",text,partial,issue,Schema 1.1 operand for PAR-D009-0016; the ratio is reported but the standalone operand value is not verified in Phase 6 extraction.,PAR-D009-0034,CTX-D009-D009-B4,unknown,rde_characteristic_scale,,,,,,,,,LOC-D009-0006,,"The operand is physically defined by the source, but a standalone numeric value is not verified in the existing Pilot extraction.",1.1
D009,D-RDE-04,tier1,D009-B4,D009-B4,,,characteristic_scales,detonation_characteristic_length,NV,,,,NV,L_D: detonation-front height used as the denominator of Δ,"PDF p.12, Table 3",text,partial,issue,Schema 1.1 operand for PAR-D009-0016; the ratio is reported but the standalone operand value is not verified in Phase 6 extraction.,PAR-D009-0035,CTX-D009-D009-B4,unknown,rde_characteristic_scale,,,,,,,,,LOC-D009-0006,,"The operand is physically defined by the source, but a standalone numeric value is not verified in the existing Pilot extraction.",1.1
D009,D-RDE-04,tier1,D009-B5,D009-B5,,,characteristic_scales,evaporation_length,NV,,,,NV,L_E: droplet evaporation distance used as the numerator of Δ,"PDF p.12, Table 3",text,partial,issue,Schema 1.1 operand for PAR-D009-0020; the ratio is reported but the standalone operand value is not verified in Phase 6 extraction.,PAR-D009-0036,CTX-D009-D009-B5,unknown,rde_characteristic_scale,,,,,,,,,LOC-D009-0006,,"The operand is physically defined by the source, but a standalone numeric value is not verified in the existing Pilot extraction.",1.1
D009,D-RDE-04,tier1,D009-B5,D009-B5,,,characteristic_scales,detonation_characteristic_length,NV,,,,NV,L_D: detonation-front height used as the denominator of Δ,"PDF p.12, Table 3",text,partial,issue,Schema 1.1 operand for PAR-D009-0020; the ratio is reported but the standalone operand value is not verified in Phase 6 extraction.,PAR-D009-0037,CTX-D009-D009-B5,unknown,rde_characteristic_scale,,,,,,,,,LOC-D009-0006,,"The operand is physically defined by the source, but a standalone numeric value is not verified in the existing Pilot extraction.",1.1
A022,A-H2-05,tier1,A022-C01,A022-C01,,,interaction_geometry,interaction_angle,12,deg,,,reported,Jet-axis interaction angle,"PDF p.3, Fig. 2 and Table 2",text,complete,verified,Atomized from preserved composite record PAR-A022-0008.,PAR-A022-0021,CTX-A022-A022-C01,experimental_control,jet_interaction_geometry,,,,,,,,,LOC-A022-0006,,,1.1
A022,A-H2-05,tier1,A022-C02,A022-C02,,,interaction_geometry,interaction_angle,15,deg,,,reported,Jet-axis interaction angle,"PDF p.3, Fig. 2 and Table 2",text,complete,verified,Atomized from preserved composite record PAR-A022-0011.,PAR-A022-0022,CTX-A022-A022-C02,experimental_control,jet_interaction_geometry,,,,,,,,,LOC-A022-0006,,,1.1
A022,A-H2-05,tier1,A022-C03,A022-C03,,,interaction_geometry,interaction_angle,19,deg,,,reported,Jet-axis interaction angle,"PDF p.3, Fig. 2 and Table 2",text,complete,verified,Atomized from preserved composite record PAR-A022-0014.,PAR-A022-0023,CTX-A022-A022-C03,experimental_control,jet_interaction_geometry,,,,,,,,,LOC-A022-0006,,,1.1
A022,A-H2-05,tier1,A022-C04,A022-C04,,,interaction_geometry,interaction_angle,15,deg,,,reported,Jet-axis interaction angle,"PDF p.3, Fig. 2 and Table 2",text,complete,verified,Atomized from preserved composite record PAR-A022-0017.,PAR-A022-0024,CTX-A022-A022-C04,experimental_control,jet_interaction_geometry,,,,,,,,,LOC-A022-0006,,,1.1
A022,A-H2-05,tier1,A022-C05,A022-C05,,,interaction_geometry,interaction_angle,15,deg,,,reported,Jet-axis interaction angle,"PDF p.3, Fig. 2 and Table 2",text,complete,verified,Atomized from preserved composite record PAR-A022-0019.,PAR-A022-0025,CTX-A022-A022-C05,experimental_control,jet_interaction_geometry,,,,,,,,,LOC-A022-0006,,,1.1
A016,A-NG-16,tier1,A016-C01,A016-C01,,,interaction_geometry,interaction_angle,4,deg,,,reported,β=natural-gas angle minus diesel angle,"PDF p.9, Table 5",text,complete,verified,Atomized from preserved composite record PAR-A016-0007.,PAR-A016-0019,CTX-A016-A016-C01,model_input,jet_interaction_geometry,,,,,,,,,LOC-A016-0006,,,1.1
A016,A-NG-16,tier1,A016-C02,A016-C02,,,interaction_geometry,interaction_angle,2,deg,,,reported,β=natural-gas angle minus diesel angle,"PDF p.9, Table 5",text,complete,verified,Atomized from preserved composite record PAR-A016-0009.,PAR-A016-0020,CTX-A016-A016-C02,model_input,jet_interaction_geometry,,,,,,,,,LOC-A016-0006,,,1.1
A016,A-NG-16,tier1,A016-C03,A016-C03,,,interaction_geometry,interaction_angle,0,deg,,,reported,β=natural-gas angle minus diesel angle,"PDF p.9, Table 5",text,complete,verified,Atomized from preserved composite record PAR-A016-0011.,PAR-A016-0021,CTX-A016-A016-C03,model_input,jet_interaction_geometry,,,,,,,,,LOC-A016-0006,,,1.1
A016,A-NG-16,tier1,A016-C04,A016-C04,,,interaction_geometry,interaction_angle,-2,deg,,,reported,β=natural-gas angle minus diesel angle,"PDF p.9, Table 5",text,complete,verified,Atomized from preserved composite record PAR-A016-0013.,PAR-A016-0022,CTX-A016-A016-C04,model_input,jet_interaction_geometry,,,,,,,,,LOC-A016-0006,,,1.1
A016,A-NG-16,tier1,A016-C05,A016-C05,,,interaction_geometry,interaction_angle,-4,deg,,,reported,β=natural-gas angle minus diesel angle,"PDF p.9, Table 5",text,complete,verified,Atomized from preserved composite record PAR-A016-0015.,PAR-A016-0023,CTX-A016-A016-C05,model_input,jet_interaction_geometry,,,,,,,,,LOC-A016-0006,,,1.1
A022,A-H2-05,tier1,A022-C01,A022-C01,,,interaction_geometry,overlap_start_distance,21,mm,,,reported,Predicted distance from H2 nozzle where jet cones begin to overlap,"PDF p.4, injection conditions",text,complete,verified,Atomized from preserved composite record PAR-A022-0010.,PAR-A022-0026,CTX-A022-A022-C01,reported_correlation,jet_overlap,,,,,,,,,LOC-A022-0003,,,1.1
A022,A-H2-05,tier1,A022-C02,A022-C02,,,interaction_geometry,overlap_start_distance,17,mm,,,reported,Predicted distance from H2 nozzle where jet cones begin to overlap,"PDF p.4, injection conditions",text,complete,verified,Atomized from preserved composite record PAR-A022-0013.,PAR-A022-0027,CTX-A022-A022-C02,reported_correlation,jet_overlap,,,,,,,,,LOC-A022-0003,,,1.1
A022,A-H2-05,tier1,A022-C03,A022-C03,,,interaction_geometry,overlap_start_distance,13,mm,,,reported,Predicted distance from H2 nozzle where jet cones begin to overlap,"PDF p.4, injection conditions",text,complete,verified,Atomized from preserved composite record PAR-A022-0016.,PAR-A022-0028,CTX-A022-A022-C03,reported_correlation,jet_overlap,,,,,,,,,LOC-A022-0003,,,1.1
A022,A-H2-05,tier1,ALL,ALL,,,interaction_geometry,relative_momentum_ratio,NR,,,,NR,Numeric relative jet momentum ratio is not reported and cannot be constructed from the available Pilot inputs.,"PDF p.12, Sec. 3.4",text,complete,verified,No derived value created during migration.,PAR-A022-0029,CTX-A022-ALL,unknown,jet_interaction_geometry,,,,,,,,,LOC-A022-0004,,The checked source discusses relative momentum qualitatively but does not report a numeric ratio or all inputs required for an approved derivation.,1.1
C031,C-PC-05,tier1,ALL,ALL,,,process_context,mass_flux_sign_convention,NV,,,,NV,Direction assigned to positive and negative interface mass flux in the plotted history.,"PDF p.19, Fig. 16",figure,partial,issue,No sign direction was inferred from the plotted curve.,PAR-C031-0025,CTX-C031-ALL,unknown,interface_mass_flux,,,,,HIST-C031-001,,,PROC-C031-001,LOC-C031-0009,NV,The existing Pilot extraction does not verify the source paper's positive/negative interface-flux direction.,1.1
B004,B-T-04,tier1,ALL,ALL,,,study_context,study_type,review,,,,reported,Review of axisymmetric free underexpanded jets in a quiescent medium.,"PDF p.1, Abstract",text,complete,verified,Review-secondary record; not primary experimental evidence.,PAR-B004-0001,CTX-B004-ALL-ALL,classification,review_secondary,,,,,,,,,LOC-B004-0001,,,1.1
B004,B-T-04,tier1,ALL,ALL,,,study_context,application_context,near-field shock structure and far-field similarity of free underexpanded jets,,,,reported,Scope declared by review authors.,"PDF p.1, Abstract",text,complete,verified,Review framework.,PAR-B004-0002,CTX-B004-ALL-ALL,classification,review_secondary,,,,,,,,,LOC-B004-0001,,,1.1
B004,B-T-04,tier1,ALL,ALL,,,jet_global,NPR_definition,eta_0 = P_0/P_infinity,,,,reported,Total/stagnation pressure divided by ambient pressure.,"PDF p.3, Eqs. (1)-(4)",equation,complete,verified,Definition only; no paper-specific primary value.,PAR-B004-0003,CTX-B004-ALL-ALL,classification,review_secondary,,,,,,,,,LOC-B004-0002,,,1.1
B004,B-T-04,tier1,ALL,ALL,,,jet_global,NPR_definition,eta_e = P_e/P_infinity,,,,reported,Nozzle-exit static pressure divided by ambient pressure.,"PDF p.3, Eqs. (1)-(4)",equation,complete,verified,Definition only; not interchangeable with eta_0.,PAR-B004-0004,CTX-B004-ALL-ALL,classification,review_secondary,,,,,,,,,LOC-B004-0002,,,1.1
B004,B-T-04,tier1,ALL,ALL,,,shock_structure,wave_type,moderately underexpanded: diamond/X cells; highly underexpanded: barrel shock with Mach disk; very highly underexpanded: first-cell-dominated unique barrel,,,,reported,Review taxonomy depends on whether reflection is regular or singular and on pressure-ratio definition.,"PDF p.5, Section 3.2, Figs. 5-7",text,complete,verified,Threshold ranges are secondary synthesis and definition-dependent.,PAR-B004-0005,CTX-B004-ALL-ALL,classification,review_secondary,,,,,,,,,LOC-B004-0003,,,1.1
B004,B-T-04,tier1,ALL,ALL,,,dimensionless_numbers,definition,"L_MD/D_e = 0.645497*sqrt(eta_0) for a convergent nozzle; alternative exit-ratio form includes M_e, gamma, and eta_e",,,,reported,Review-retained correlation for Mach-disk position.,"PDF p.7, Section 4.1.1, Eqs. (5)-(8)",equation,complete,verified,Review meta-analysis; do not treat as a new primary experiment.,PAR-B004-0006,CTX-B004-ALL-ALL,reported_correlation,review_secondary,,quasi_steady,,,,,,,LOC-B004-0004,,,1.1
B004,B-T-04,tier1,ALL,ALL,,,dimensionless_numbers,definition,Mach-disk diameter requires pressure-range- and nozzle-geometry-dependent correlations,,,,reported,No single correlation is retained across nozzle types and pressure ratios.,"PDF p.9, Section 4.1.2, Eqs. (9)-(12)",text,complete,verified,Review explicitly reports unresolved scatter and missing gamma/nozzle-angle effects.,PAR-B004-0007,CTX-B004-ALL-ALL,reported_correlation,review_secondary,,quasi_steady,,,,,,,LOC-B004-0005,,,1.1
B004,B-T-04,tier1,ALL,ALL,,,jet_global,potential_core_length,NV,,,,NV,Reliable universal quantitative expression for total potential-core length.,"PDF p.24, Section 8",text,complete,verified,"Source-level review limitation, not a Schema gap.",PAR-B004-0008,CTX-B004-ALL-ALL,unknown,review_secondary,,,,,,,,,LOC-B004-0008,,The review concludes that available evidence is insufficient for a reliable quantitative expression.,1.1
B004,B-T-04,tier1,ALL,ALL,,,dimensionless_numbers,definition,far-field variables show hyperbolic decay and can be represented using an equivalent/notional nozzle,,,,reported,Review-level synthesis of far-field behavior.,"PDF p.22, Section 5.3",text,complete,verified,Choice of notional-nozzle model and decay constants remains unsettled.,PAR-B004-0009,CTX-B004-ALL-ALL,classification,review_secondary,,,,,,,,,LOC-B004-0007,,,1.1
B009,B-H2-04,tier1,ALL,ALL,,,study_context,study_type,numerical,,,,reported,LES of underexpanded gas jets.,"PDF p.1, Abstract",text,complete,verified,Primary numerical study.,PAR-B009-0001,CTX-B009-ALL-ALL,classification,underexpanded_jet,,,,,,,,,LOC-B009-0001,,,1.1
B009,B-H2-04,tier1,ALL,ALL,,,injector_nozzle,nozzle_diameter,1.5,mm,0.0015,m,reported,Converging-nozzle exit diameter.,"PDF p.5, Simulation setup",text,complete,verified,Common to all five cases.,PAR-B009-0002,CTX-B009-ALL-ALL,model_input,nozzle_exit,,,,,,,,,LOC-B009-0003,,,1.1
B009,B-H2-04,tier1,ALL,ALL,,,ambient_conditions,ambient_pressure,98.37,kPa,98370,Pa,reported,Low-pressure chamber static pressure.,"PDF p.5, Simulation setup",text,complete,verified,Common to all cases.,PAR-B009-0003,CTX-B009-ALL-ALL,boundary_condition,ambient_static,,,,,,,,,LOC-B009-0003,,,1.1
B009,B-H2-04,tier1,ALL,ALL,,,ambient_conditions,ambient_temperature,296,K,296,K,reported,Low-pressure chamber temperature.,"PDF p.5, Simulation setup",text,complete,verified,Common to all cases.,PAR-B009-0004,CTX-B009-ALL-ALL,boundary_condition,ambient,,,,,,,,,LOC-B009-0003,,,1.1
B009,B-H2-04,tier1,ALL,ALL,,,injection_conditions,stagnation_temperature,295.4,K,295.4,K,reported,High-pressure tank temperature.,"PDF p.5, Simulation setup",text,complete,verified,Common to all cases.,PAR-B009-0005,CTX-B009-ALL-ALL,boundary_condition,storage_stagnation,,,,,,,,,LOC-B009-0003,,,1.1
B009,B-H2-04,tier1,ALL,ALL,,,numerical_method,mesh_resolution,0.03,mm,3e-5,m,reported,"Near-nozzle and in-nozzle refined cell size, approximately D/50.","PDF p.6, grid description and Table 1",text,complete,verified,Approximately 13.5 million cells total.,PAR-B009-0006,CTX-B009-ALL-ALL,model_input,near_nozzle,,,,,,,,,LOC-B009-0004,,,1.1
B009,B-H2-04,tier1,B009-H2-NPR8.5,B009-H2-NPR8.5,,,study_context,working_gas,hydrogen,,,,reported,Injected gas for case.,"PDF p.1, Abstract",text,complete,verified,Case-specific.,PAR-B009-0007,CTX-B009-B009-H2-NPR8.5-B009-H2-NPR8.5,model_input,injected_gas,,,,,,,,,LOC-B009-0001,,,1.1
B009,B-H2-04,tier1,B009-H2-NPR10,B009-H2-NPR10,,,study_context,working_gas,hydrogen,,,,reported,Injected gas for case.,"PDF p.1, Abstract",text,complete,verified,Case-specific.,PAR-B009-0008,CTX-B009-B009-H2-NPR10-B009-H2-NPR10,model_input,injected_gas,,,,,,,,,LOC-B009-0001,,,1.1
B009,B-H2-04,tier1,B009-H2-NPR30,B009-H2-NPR30,,,study_context,working_gas,hydrogen,,,,reported,Injected gas for case.,"PDF p.1, Abstract",text,complete,verified,Case-specific.,PAR-B009-0009,CTX-B009-B009-H2-NPR30-B009-H2-NPR30,model_input,injected_gas,,,,,,,,,LOC-B009-0001,,,1.1
B009,B-H2-04,tier1,B009-H2-NPR70,B009-H2-NPR70,,,study_context,working_gas,hydrogen,,,,reported,Injected gas for case.,"PDF p.1, Abstract",text,complete,verified,Case-specific.,PAR-B009-0010,CTX-B009-B009-H2-NPR70-B009-H2-NPR70,model_input,injected_gas,,,,,,,,,LOC-B009-0001,,,1.1
B009,B-H2-04,tier1,B009-CH4-NPR8.5,B009-CH4-NPR8.5,,,study_context,working_gas,methane,,,,reported,Injected gas for case.,"PDF p.1, Abstract",text,complete,verified,Case-specific.,PAR-B009-0011,CTX-B009-B009-CH4-NPR8.5-B009-CH4-NPR8.5,model_input,injected_gas,,,,,,,,,LOC-B009-0001,,,1.1
B009,B-H2-04,tier1,B009-H2-NPR8.5,B009-H2-NPR8.5,,,jet_global,NPR_reported,8.5,1,8.5,1,reported,P0/P_infinity: nozzle total pressure to ambient static pressure.,"PDF p.1, Abstract",text,complete,verified,Case-defining NPR.,PAR-B009-0012,CTX-B009-B009-H2-NPR8.5-B009-H2-NPR8.5,experimental_control,storage_to_ambient,,,,,,RATIO-B009-001,,,LOC-B009-0001,,,1.1
B009,B-H2-04,tier1,B009-H2-NPR10,B009-H2-NPR10,,,jet_global,NPR_reported,10,1,10,1,reported,P0/P_infinity: nozzle total pressure to ambient static pressure.,"PDF p.1, Abstract",text,complete,verified,Case-defining NPR.,PAR-B009-0013,CTX-B009-B009-H2-NPR10-B009-H2-NPR10,experimental_control,storage_to_ambient,,,,,,RATIO-B009-002,,,LOC-B009-0001,,,1.1
B009,B-H2-04,tier1,B009-H2-NPR30,B009-H2-NPR30,,,jet_global,NPR_reported,30,1,30,1,reported,P0/P_infinity: nozzle total pressure to ambient static pressure.,"PDF p.1, Abstract",text,complete,verified,Case-defining NPR.,PAR-B009-0014,CTX-B009-B009-H2-NPR30-B009-H2-NPR30,experimental_control,storage_to_ambient,,,,,,RATIO-B009-003,,,LOC-B009-0001,,,1.1
B009,B-H2-04,tier1,B009-H2-NPR70,B009-H2-NPR70,,,jet_global,NPR_reported,70,1,70,1,reported,P0/P_infinity: nozzle total pressure to ambient static pressure.,"PDF p.1, Abstract",text,complete,verified,Case-defining NPR.,PAR-B009-0015,CTX-B009-B009-H2-NPR70-B009-H2-NPR70,experimental_control,storage_to_ambient,,,,,,RATIO-B009-004,,,LOC-B009-0001,,,1.1
B009,B-H2-04,tier1,B009-CH4-NPR8.5,B009-CH4-NPR8.5,,,jet_global,NPR_reported,8.5,1,8.5,1,reported,P0/P_infinity: nozzle total pressure to ambient static pressure.,"PDF p.1, Abstract",text,complete,verified,Case-defining NPR.,PAR-B009-0016,CTX-B009-B009-CH4-NPR8.5-B009-CH4-NPR8.5,experimental_control,storage_to_ambient,,,,,,RATIO-B009-005,,,LOC-B009-0001,,,1.1
B009,B-H2-04,tier1,B009-H2-NPR8.5,B009-H2-NPR8.5,,,shock_structure,mach_disk_distance,2.78,mm,,,reported,Axial Mach-disk height from nozzle exit at semi-steady condition.,"PDF p.12, Table 3",table,complete,verified,Table 3.,PAR-B009-0017,CTX-B009-B009-H2-NPR8.5-B009-H2-NPR8.5,simulated_output,local_jet,injector_fixed,quasi_steady,,,,,,,LOC-B009-0006,,,1.1
B009,B-H2-04,tier1,B009-H2-NPR10,B009-H2-NPR10,,,shock_structure,mach_disk_distance,3.09,mm,,,reported,Axial Mach-disk height from nozzle exit at semi-steady condition.,"PDF p.12, Table 3",table,complete,verified,Table 3.,PAR-B009-0018,CTX-B009-B009-H2-NPR10-B009-H2-NPR10,simulated_output,local_jet,injector_fixed,quasi_steady,,,,,,,LOC-B009-0006,,,1.1
B009,B-H2-04,tier1,B009-H2-NPR30,B009-H2-NPR30,,,shock_structure,mach_disk_distance,5.65,mm,,,reported,Axial Mach-disk height from nozzle exit at semi-steady condition.,"PDF p.12, Table 3",table,complete,verified,Table 3.,PAR-B009-0019,CTX-B009-B009-H2-NPR30-B009-H2-NPR30,simulated_output,local_jet,injector_fixed,quasi_steady,,,,,,,LOC-B009-0006,,,1.1
B009,B-H2-04,tier1,B009-H2-NPR70,B009-H2-NPR70,,,shock_structure,mach_disk_distance,8.72,mm,,,reported,Axial Mach-disk height from nozzle exit at semi-steady condition.,"PDF p.12, Table 3",table,complete,verified,Table 3.,PAR-B009-0020,CTX-B009-B009-H2-NPR70-B009-H2-NPR70,simulated_output,local_jet,injector_fixed,quasi_steady,,,,,,,LOC-B009-0006,,,1.1
B009,B-H2-04,tier1,B009-CH4-NPR8.5,B009-CH4-NPR8.5,,,shock_structure,mach_disk_distance,2.85,mm,,,reported,Axial Mach-disk height from nozzle exit at semi-steady condition.,"PDF p.12, Table 3",table,complete,verified,Table 3.,PAR-B009-0021,CTX-B009-B009-CH4-NPR8.5-B009-CH4-NPR8.5,simulated_output,local_jet,injector_fixed,quasi_steady,,,,,,,LOC-B009-0006,,,1.1
B009,B-H2-04,tier1,B009-H2-NPR8.5,B009-H2-NPR8.5,,,shock_structure,mach_disk_diameter,1.091,mm,,,reported,Transverse Mach-disk width at semi-steady condition.,"PDF p.12, Table 3",table,complete,verified,Table 3.,PAR-B009-0022,CTX-B009-B009-H2-NPR8.5-B009-H2-NPR8.5,simulated_output,local_jet,injector_fixed,quasi_steady,,,,,,,LOC-B009-0006,,,1.1
B009,B-H2-04,tier1,B009-H2-NPR10,B009-H2-NPR10,,,shock_structure,mach_disk_diameter,1.34,mm,,,reported,Transverse Mach-disk width at semi-steady condition.,"PDF p.12, Table 3",table,complete,verified,Table 3.,PAR-B009-0023,CTX-B009-B009-H2-NPR10-B009-H2-NPR10,simulated_output,local_jet,injector_fixed,quasi_steady,,,,,,,LOC-B009-0006,,,1.1
B009,B-H2-04,tier1,B009-H2-NPR30,B009-H2-NPR30,,,shock_structure,mach_disk_diameter,3.37,mm,,,reported,Transverse Mach-disk width at semi-steady condition.,"PDF p.12, Table 3",table,complete,verified,Table 3.,PAR-B009-0024,CTX-B009-B009-H2-NPR30-B009-H2-NPR30,simulated_output,local_jet,injector_fixed,quasi_steady,,,,,,,LOC-B009-0006,,,1.1
B009,B-H2-04,tier1,B009-H2-NPR70,B009-H2-NPR70,,,shock_structure,mach_disk_diameter,NA,mm,,,NA,Transverse Mach-disk width at semi-steady condition.,"PDF p.12, Table 3",table,complete,verified,Table 3.,PAR-B009-0025,CTX-B009-B009-H2-NPR70-B009-H2-NPR70,simulated_output,local_jet,injector_fixed,quasi_steady,,,,,,,LOC-B009-0006,,Table 3 reports no downstream cell and no measurable Mach-disk width for this extreme case.,1.1
B009,B-H2-04,tier1,B009-CH4-NPR8.5,B009-CH4-NPR8.5,,,shock_structure,mach_disk_diameter,1.218,mm,,,reported,Transverse Mach-disk width at semi-steady condition.,"PDF p.12, Table 3",table,complete,verified,Table 3.,PAR-B009-0026,CTX-B009-B009-CH4-NPR8.5-B009-CH4-NPR8.5,simulated_output,local_jet,injector_fixed,quasi_steady,,,,,,,LOC-B009-0006,,,1.1
B009,B-H2-04,tier1,B009-H2-NPR8.5,B009-H2-NPR8.5,,,dimensionless_numbers,definition,reflected-shock angle 28.5 deg,deg,,,reported,Reflected shock angle at triple point; the schema has no dedicated reflected-shock-angle parameter.,"PDF p.12, Table 3",table,complete,verified,Stored as a definition-valued shock-structure record rather than misclassifying the angle as curvature.,PAR-B009-0027,CTX-B009-B009-H2-NPR8.5-B009-H2-NPR8.5,simulated_output,reflected_shock,jet_axis,,,,,,,,LOC-B009-0006,,,1.1
B009,B-H2-04,tier1,B009-H2-NPR10,B009-H2-NPR10,,,dimensionless_numbers,definition,reflected-shock angle 28.0 deg,deg,,,reported,Reflected shock angle at triple point; the schema has no dedicated reflected-shock-angle parameter.,"PDF p.12, Table 3",table,complete,verified,Stored as a definition-valued shock-structure record rather than misclassifying the angle as curvature.,PAR-B009-0028,CTX-B009-B009-H2-NPR10-B009-H2-NPR10,simulated_output,reflected_shock,jet_axis,,,,,,,,LOC-B009-0006,,,1.1
B009,B-H2-04,tier1,B009-H2-NPR30,B009-H2-NPR30,,,dimensionless_numbers,definition,reflected-shock angle 28.0 deg,deg,,,reported,Reflected shock angle at triple point; the schema has no dedicated reflected-shock-angle parameter.,"PDF p.12, Table 3",table,complete,verified,Stored as a definition-valued shock-structure record rather than misclassifying the angle as curvature.,PAR-B009-0029,CTX-B009-B009-H2-NPR30-B009-H2-NPR30,simulated_output,reflected_shock,jet_axis,,,,,,,,LOC-B009-0006,,,1.1
B009,B-H2-04,tier1,B009-CH4-NPR8.5,B009-CH4-NPR8.5,,,dimensionless_numbers,definition,reflected-shock angle 28.5 deg,deg,,,reported,Reflected shock angle at triple point; the schema has no dedicated reflected-shock-angle parameter.,"PDF p.12, Table 3",table,complete,verified,Stored as a definition-valued shock-structure record rather than misclassifying the angle as curvature.,PAR-B009-0030,CTX-B009-B009-CH4-NPR8.5-B009-CH4-NPR8.5,simulated_output,reflected_shock,jet_axis,,,,,,,,LOC-B009-0006,,,1.1
B009,B-H2-04,tier1,ALL,ALL,,,jet_global,jet_Mach_number,1.1,1,1.1,1,reported,Approximate nozzle-exit Mach number at semi-steady conditions.,"PDF p.19, Summary and conclusions",text,complete,verified,Across studied jets.,PAR-B009-0031,CTX-B009-ALL-ALL,simulated_output,jet_exit,injector_fixed,,,,,,DIM-B009-001,,LOC-B009-0007,,,1.1
B009,B-H2-04,tier1,ALL,ALL,,0.2D upstream of nozzle exit,jet_global,jet_Mach_number,1.3,1,1.3,1,reported,Approximate maximum in-nozzle Mach number at 0.2D upstream.,"PDF p.19, Summary and conclusions",text,complete,verified,Across studied jets at semi-steady condition.,PAR-B009-0032,CTX-B009-ALL-ALL,simulated_output,local_jet,injector_fixed,,,,,,DIM-B009-002,,LOC-B009-0007,,,1.1
B028,B-E-08,tier1,ALL,ALL,,,study_context,study_type,mixed,,,,reported,CVCC experiment plus near-field LES and far-field RANS.,"PDF p.1, Abstract",text,complete,verified,Primary mixed-method study.,PAR-B028-0001,CTX-B028-ALL-ALL,classification,hydrogen_direct_injection,,,,,,,,,LOC-B028-0001,,,1.1
B028,B-E-08,tier1,ALL,ALL,,,study_context,working_gas,hydrogen,,,,reported,Injected gas.,"PDF p.1, Abstract",text,complete,verified,All cases.,PAR-B028-0002,CTX-B028-ALL-ALL,model_input,injected_gas,,,,,,,,,LOC-B028-0001,,,1.1
B028,B-E-08,tier1,ALL,ALL,,,experimental_method,facility_type,constant-volume combustion vessel,,,,reported,Optically accessible CVCC.,"PDF p.2, Section 2.1",text,complete,verified,Schlieren visualization.,PAR-B028-0003,CTX-B028-ALL-ALL,classification,experimental_facility,,,,,,,,,LOC-B028-0002,,,1.1
B028,B-E-08,tier1,ALL,ALL,,,experimental_method,schlieren,yes,,,,reported,Z-type schlieren system.,"PDF p.2, Section 2.1",text,complete,verified,High-speed imaging.,PAR-B028-0004,CTX-B028-ALL-ALL,measured_input,diagnostic,,,,,,,,,LOC-B028-0002,,,1.1
B028,B-E-08,tier1,ALL,ALL,,,experimental_method,sampling_rate,10000,Hz,10000,Hz,reported,Schlieren image acquisition frequency.,"PDF p.2, Section 2.1",text,complete,verified,Exposure 10 us.,PAR-B028-0005,CTX-B028-ALL-ALL,experimental_control,diagnostic,,,,,,,,,LOC-B028-0002,,,1.1
B028,B-E-08,tier1,B028-NPR5,B028-NPR5,,,jet_global,NPR_reported,5,1,5,1,reported,Reported injection-pressure/ambient-pressure ratio.,"PDF p.6, Table 1",table,complete,verified,Pressure pair 20/4 bar.,PAR-B028-0006,CTX-B028-B028-NPR5-B028-NPR5,experimental_control,injection_to_ambient,,,,,,RATIO-B028-001,,,LOC-B028-0004,,,1.1
B028,B-E-08,tier1,B028-NPR10,B028-NPR10,,,jet_global,NPR_reported,10,1,10,1,reported,Reported injection-pressure/ambient-pressure ratio.,"PDF p.6, Table 1",table,complete,verified,Pressure pair 50/5 bar.,PAR-B028-0007,CTX-B028-B028-NPR10-B028-NPR10,experimental_control,injection_to_ambient,,,,,,RATIO-B028-002,,,LOC-B028-0004,,,1.1
B028,B-E-08,tier1,B028-NPR15,B028-NPR15,,,jet_global,NPR_reported,15,1,15,1,reported,Reported injection-pressure/ambient-pressure ratio.,"PDF p.6, Table 1",table,complete,verified,Pressure pair 90/6 bar.,PAR-B028-0008,CTX-B028-B028-NPR15-B028-NPR15,experimental_control,injection_to_ambient,,,,,,RATIO-B028-003,,,LOC-B028-0004,,,1.1
B028,B-E-08,tier1,B028-NPR20,B028-NPR20,,,jet_global,NPR_reported,20,1,20,1,reported,Reported injection-pressure/ambient-pressure ratio.,"PDF p.6, Table 1",table,complete,verified,Pressure pair 60/3 bar.,PAR-B028-0009,CTX-B028-B028-NPR20-B028-NPR20,experimental_control,injection_to_ambient,,,,,,RATIO-B028-004,,,LOC-B028-0004,,,1.1
B028,B-E-08,tier1,B028-NPR40,B028-NPR40,,,jet_global,NPR_reported,40,1,40,1,reported,Reported injection-pressure/ambient-pressure ratio.,"PDF p.6, Table 1",table,complete,verified,Pressure pair 80/2 bar.,PAR-B028-0010,CTX-B028-B028-NPR40-B028-NPR40,experimental_control,injection_to_ambient,,,,,,RATIO-B028-005,,,LOC-B028-0004,,,1.1
B028,B-E-08,tier1,B028-NPR100,B028-NPR100,,,jet_global,NPR_reported,100,1,100,1,reported,Reported injection-pressure/ambient-pressure ratio.,"PDF p.6, Table 1",table,complete,verified,Pressure pair 100/1 bar.,PAR-B028-0011,CTX-B028-B028-NPR100-B028-NPR100,experimental_control,injection_to_ambient,,,,,,RATIO-B028-006,,,LOC-B028-0004,,,1.1
B028,B-E-08,tier1,B028-NPR5,B028-NPR5,,,injection_conditions,injection_pressure,20,bar,,,reported,Table 1 injection pressure; pressure reference type not separately stated in table.,"PDF p.6, Table 1",table,complete,verified,Stored as reported; no gauge/absolute assumption for standalone pressure.,PAR-B028-0012,CTX-B028-B028-NPR5-B028-NPR5,experimental_control,injection_supply,,,,,,,,,LOC-B028-0004,,,1.1
B028,B-E-08,tier1,B028-NPR10,B028-NPR10,,,injection_conditions,injection_pressure,50,bar,,,reported,Table 1 injection pressure; pressure reference type not separately stated in table.,"PDF p.6, Table 1",table,complete,verified,Stored as reported; no gauge/absolute assumption for standalone pressure.,PAR-B028-0013,CTX-B028-B028-NPR10-B028-NPR10,experimental_control,injection_supply,,,,,,,,,LOC-B028-0004,,,1.1
B028,B-E-08,tier1,B028-NPR15,B028-NPR15,,,injection_conditions,injection_pressure,90,bar,,,reported,Table 1 injection pressure; pressure reference type not separately stated in table.,"PDF p.6, Table 1",table,complete,verified,Stored as reported; no gauge/absolute assumption for standalone pressure.,PAR-B028-0014,CTX-B028-B028-NPR15-B028-NPR15,experimental_control,injection_supply,,,,,,,,,LOC-B028-0004,,,1.1
B028,B-E-08,tier1,B028-NPR20,B028-NPR20,,,injection_conditions,injection_pressure,60,bar,,,reported,Table 1 injection pressure; pressure reference type not separately stated in table.,"PDF p.6, Table 1",table,complete,verified,Stored as reported; no gauge/absolute assumption for standalone pressure.,PAR-B028-0015,CTX-B028-B028-NPR20-B028-NPR20,experimental_control,injection_supply,,,,,,,,,LOC-B028-0004,,,1.1
B028,B-E-08,tier1,B028-NPR40,B028-NPR40,,,injection_conditions,injection_pressure,80,bar,,,reported,Table 1 injection pressure; pressure reference type not separately stated in table.,"PDF p.6, Table 1",table,complete,verified,Stored as reported; no gauge/absolute assumption for standalone pressure.,PAR-B028-0016,CTX-B028-B028-NPR40-B028-NPR40,experimental_control,injection_supply,,,,,,,,,LOC-B028-0004,,,1.1
B028,B-E-08,tier1,B028-NPR100,B028-NPR100,,,injection_conditions,injection_pressure,100,bar,,,reported,Table 1 injection pressure; pressure reference type not separately stated in table.,"PDF p.6, Table 1",table,complete,verified,Stored as reported; no gauge/absolute assumption for standalone pressure.,PAR-B028-0017,CTX-B028-B028-NPR100-B028-NPR100,experimental_control,injection_supply,,,,,,,,,LOC-B028-0004,,,1.1
B028,B-E-08,tier1,B028-NPR5,B028-NPR5,,,ambient_conditions,ambient_pressure,4,bar,,,reported,Table 1 ambient pressure; pressure reference type not separately stated in table.,"PDF p.6, Table 1",table,complete,verified,Stored as reported.,PAR-B028-0018,CTX-B028-B028-NPR5-B028-NPR5,boundary_condition,ambient,,,,,,,,,LOC-B028-0004,,,1.1
B028,B-E-08,tier1,B028-NPR10,B028-NPR10,,,ambient_conditions,ambient_pressure,5,bar,,,reported,Table 1 ambient pressure; pressure reference type not separately stated in table.,"PDF p.6, Table 1",table,complete,verified,Stored as reported.,PAR-B028-0019,CTX-B028-B028-NPR10-B028-NPR10,boundary_condition,ambient,,,,,,,,,LOC-B028-0004,,,1.1
B028,B-E-08,tier1,B028-NPR15,B028-NPR15,,,ambient_conditions,ambient_pressure,6,bar,,,reported,Table 1 ambient pressure; pressure reference type not separately stated in table.,"PDF p.6, Table 1",table,complete,verified,Stored as reported.,PAR-B028-0020,CTX-B028-B028-NPR15-B028-NPR15,boundary_condition,ambient,,,,,,,,,LOC-B028-0004,,,1.1
B028,B-E-08,tier1,B028-NPR20,B028-NPR20,,,ambient_conditions,ambient_pressure,3,bar,,,reported,Table 1 ambient pressure; pressure reference type not separately stated in table.,"PDF p.6, Table 1",table,complete,verified,Stored as reported.,PAR-B028-0021,CTX-B028-B028-NPR20-B028-NPR20,boundary_condition,ambient,,,,,,,,,LOC-B028-0004,,,1.1
B028,B-E-08,tier1,B028-NPR40,B028-NPR40,,,ambient_conditions,ambient_pressure,2,bar,,,reported,Table 1 ambient pressure; pressure reference type not separately stated in table.,"PDF p.6, Table 1",table,complete,verified,Stored as reported.,PAR-B028-0022,CTX-B028-B028-NPR40-B028-NPR40,boundary_condition,ambient,,,,,,,,,LOC-B028-0004,,,1.1
B028,B-E-08,tier1,B028-NPR100,B028-NPR100,,,ambient_conditions,ambient_pressure,1,bar,,,reported,Table 1 ambient pressure; pressure reference type not separately stated in table.,"PDF p.6, Table 1",table,complete,verified,Stored as reported.,PAR-B028-0023,CTX-B028-B028-NPR100-B028-NPR100,boundary_condition,ambient,,,,,,,,,LOC-B028-0004,,,1.1
B028,B-E-08,tier1,B028-NHD,NPR10_AT300,,,injector_nozzle,nozzle_diameter,0.75,mm,,,reported,Nozzle-hole-diameter sweep at 50/5 bar and 300 K.,"PDF p.7, Table 2",table,complete,verified,Case-specific NHD sweep.,PAR-B028-0024,CTX-B028-B028-NHD-NPR10_AT300,experimental_control,nozzle_exit,,,,,,,,,LOC-B028-0005,,,1.1
B028,B-E-08,tier1,B028-NHD,NPR10_AT300,,,injector_nozzle,nozzle_diameter,1.0,mm,,,reported,Nozzle-hole-diameter sweep at 50/5 bar and 300 K.,"PDF p.7, Table 2",table,complete,verified,Case-specific NHD sweep.,PAR-B028-0025,CTX-B028-B028-NHD-NPR10_AT300,experimental_control,nozzle_exit,,,,,,,,,LOC-B028-0005,,,1.1
B028,B-E-08,tier1,B028-NHD,NPR10_AT300,,,injector_nozzle,nozzle_diameter,1.25,mm,,,reported,Nozzle-hole-diameter sweep at 50/5 bar and 300 K.,"PDF p.7, Table 2",table,complete,verified,Case-specific NHD sweep.,PAR-B028-0026,CTX-B028-B028-NHD-NPR10_AT300,experimental_control,nozzle_exit,,,,,,,,,LOC-B028-0005,,,1.1
B028,B-E-08,tier1,B028-NHD,NPR10_AT300,,,injector_nozzle,nozzle_diameter,1.5,mm,,,reported,Nozzle-hole-diameter sweep at 50/5 bar and 300 K.,"PDF p.7, Table 2",table,complete,verified,Case-specific NHD sweep.,PAR-B028-0027,CTX-B028-B028-NHD-NPR10_AT300,experimental_control,nozzle_exit,,,,,,,,,LOC-B028-0005,,,1.1
B028,B-E-08,tier1,B028-NHD,NPR10_AT300,,,injector_nozzle,nozzle_diameter,2.0,mm,,,reported,Nozzle-hole-diameter sweep at 50/5 bar and 300 K.,"PDF p.7, Table 2",table,complete,verified,Case-specific NHD sweep.,PAR-B028-0028,CTX-B028-B028-NHD-NPR10_AT300,experimental_control,nozzle_exit,,,,,,,,,LOC-B028-0005,,,1.1
B028,B-E-08,tier1,B028-AT,NPR10_NHD1mm,,,ambient_conditions,ambient_temperature,300,K,300,K,reported,Ambient-temperature sweep at 50/5 bar and 1 mm nozzle.,"PDF p.16, Table 3",table,complete,verified,Case-specific AT sweep.,PAR-B028-0029,CTX-B028-B028-AT-NPR10_NHD1mm,experimental_control,ambient,,,,,,,,,LOC-B028-0008,,,1.1
B028,B-E-08,tier1,B028-AT,NPR10_NHD1mm,,,ambient_conditions,ambient_temperature,400,K,400,K,reported,Ambient-temperature sweep at 50/5 bar and 1 mm nozzle.,"PDF p.16, Table 3",table,complete,verified,Case-specific AT sweep.,PAR-B028-0030,CTX-B028-B028-AT-NPR10_NHD1mm,experimental_control,ambient,,,,,,,,,LOC-B028-0008,,,1.1
B028,B-E-08,tier1,B028-AT,NPR10_NHD1mm,,,ambient_conditions,ambient_temperature,500,K,500,K,reported,Ambient-temperature sweep at 50/5 bar and 1 mm nozzle.,"PDF p.16, Table 3",table,complete,verified,Case-specific AT sweep.,PAR-B028-0031,CTX-B028-B028-AT-NPR10_NHD1mm,experimental_control,ambient,,,,,,,,,LOC-B028-0008,,,1.1
B028,B-E-08,tier1,B028-AT,NPR10_NHD1mm,,,ambient_conditions,ambient_temperature,600,K,600,K,reported,Ambient-temperature sweep at 50/5 bar and 1 mm nozzle.,"PDF p.16, Table 3",table,complete,verified,Case-specific AT sweep.,PAR-B028-0032,CTX-B028-B028-AT-NPR10_NHD1mm,experimental_control,ambient,,,,,,,,,LOC-B028-0008,,,1.1
B028,B-E-08,tier1,B028-AT,NPR10_NHD1mm,,,ambient_conditions,ambient_temperature,700,K,700,K,reported,Ambient-temperature sweep at 50/5 bar and 1 mm nozzle.,"PDF p.16, Table 3",table,complete,verified,Case-specific AT sweep.,PAR-B028-0033,CTX-B028-B028-AT-NPR10_NHD1mm,experimental_control,ambient,,,,,,,,,LOC-B028-0008,,,1.1
B028,B-E-08,tier1,B028-AT,NPR10_NHD1mm,,,ambient_conditions,ambient_temperature,800,K,800,K,reported,Ambient-temperature sweep at 50/5 bar and 1 mm nozzle.,"PDF p.16, Table 3",table,complete,verified,Case-specific AT sweep.,PAR-B028-0034,CTX-B028-B028-AT-NPR10_NHD1mm,experimental_control,ambient,,,,,,,,,LOC-B028-0008,,,1.1
B028,B-E-08,tier1,ALL,ALL,20 us,,dimensionless_numbers,definition,L_m/D = 0.6361*NPR^0.5076,,,,reported,Paper-specific fit for Mach-disk location at 20 us; R2=0.9993.,"PDF p.8, Fig. 10",figure,complete,verified,"Primary study correlation, not derived by project.",PAR-B028-0035,CTX-B028-ALL-ALL,reported_correlation,local_jet,,instantaneous,,,,,,,LOC-B028-0006,,,1.1
B028,B-E-08,tier1,ALL,ALL,20 us,,dimensionless_numbers,definition,D_m/D = 0.2631*NPR^0.6126,,,,reported,Paper-specific fit for Mach-disk diameter at 20 us; R2=0.9962.,"PDF p.8, Fig. 10",figure,complete,verified,Primary study correlation.,PAR-B028-0036,CTX-B028-ALL-ALL,reported_correlation,local_jet,,instantaneous,,,,,,,LOC-B028-0006,,,1.1
B028,B-E-08,tier1,B028-NPR100,B028-NPR100,1.0 ms,,transport,dispersion,>40,mm,,,reported,Radial penetration distance at 1.0 ms.,"PDF p.10, Fig. 12 and accompanying text",text,complete,verified,Explicit textual lower bound; no plot digitization.,PAR-B028-0037,CTX-B028-B028-NPR100-B028-NPR100,measured_output,far_field_radial,,,,,,,,,LOC-B028-0007,,,1.1
C007,C-F-07,tier1,ALL,ALL,,,study_context,study_type,review,,,,reported,Review of secondary atomization at extreme conditions.,"PDF p.1, Abstract",text,complete,verified,No cited primary values are reclassified.,PAR-C007-0001,CTX-C007-ALL-ALL,classification,review_secondary,,,,,,,,,LOC-C007-0001,,,1.1
C007,C-F-07,tier1,ALL,ALL,,,dimensionless_numbers,We_definition,We = rho_a*u_a^2*d_0/sigma,,,,reported,"Gas density and velocity, initial droplet diameter, and surface tension.","PDF p.2, Eq. (1)",equation,complete,verified,Definition only.,PAR-C007-0002,CTX-C007-ALL-ALL,classification,review_secondary,,,,,,,,,LOC-C007-0002,,,1.1
C007,C-F-07,tier1,ALL,ALL,,,dimensionless_numbers,Oh_definition,Oh = mu_l/sqrt(rho_l*sigma*d_0),,,,reported,"Liquid viscosity, density, surface tension, and initial diameter.","PDF p.2, Eq. (1)",equation,complete,verified,Definition only.,PAR-C007-0003,CTX-C007-ALL-ALL,classification,review_secondary,,,,,,,,,LOC-C007-0002,,,1.1
C007,C-F-07,tier1,ALL,ALL,,,dimensionless_numbers,Re_definition,Re = rho_a*u_a*d_0/mu_a,,,,reported,Gas density/velocity/viscosity and initial diameter.,"PDF p.2, Eq. (1)",equation,complete,verified,Definition only.,PAR-C007-0004,CTX-C007-ALL-ALL,classification,review_secondary,,,,,,,,,LOC-C007-0002,,,1.1
C007,C-F-07,tier1,ALL,ALL,,,dimensionless_numbers,definition,Ma = u_a/c_0,,,,reported,Gas velocity divided by gas speed of sound.,"PDF p.2, Eq. (1)",equation,complete,verified,Definition only.,PAR-C007-0005,CTX-C007-ALL-ALL,classification,review_secondary,droplet_fixed,,,,,,,,LOC-C007-0002,,,1.1
C007,C-F-07,tier1,ALL,ALL,,,droplet_response,breakup_regime,"vibrational, bag, multimode, stripping/SIE, catastrophic; thresholds depend on low-Oh and low-Ma assumptions",,,,reported,"Review taxonomy; static We-Oh maps are inadequate when Re, Ma, and transient scales matter.","PDF p.4, Section 1.1",text,complete,verified,Reviewed thresholds are secondary synthesis and not project primary data.,PAR-C007-0006,CTX-C007-ALL-ALL,classification,review_secondary,,,,,,,,,LOC-C007-0003,,,1.1
C007,C-F-07,tier1,ALL,ALL,,,shock_loading,loading_duration_definition,"ideal-shock jump, blast-pressure decay, and delayed compressible starting-jet exposure are distinct forcing histories",,,,reported,Breakup response depends on compatibility between forcing and droplet/wave response times.,"PDF p.17, Section 4.2 and Fig. 8",text,complete,verified,No generic duration is created.,PAR-C007-0007,CTX-C007-ALL-ALL,classification,review_secondary,,,,,,,,,LOC-C007-0004,,,1.1
C007,C-F-07,tier1,ALL,ALL,,,droplet_response,deformation_mode,supersonic compressibility favors streamwise-elongated sheets/ligaments and restricted transverse spread,,,,reported,Review-level morphology synthesis.,"PDF pp.18-20, Section 5",text,complete,verified,Secondary synthesis.,PAR-C007-0008,CTX-C007-ALL-ALL,classification,review_secondary,,,,,,,,,LOC-C007-0005,,,1.1
C018,C-SD-11,tier1,ALL,ALL,,,study_context,study_type,numerical,,,,reported,High-fidelity compressible multiphase simulation plus theoretical model.,"PDF p.1, Abstract",text,complete,verified,Primary study.,PAR-C018-0001,CTX-C018-ALL-ALL,classification,early_shock_droplet,,,,,,,,,LOC-C018-0001,,,1.1
C018,C-SD-11,tier1,ALL,ALL,,,study_context,geometry_type,two-dimensional cylindrical droplet with planar incident shock,,,,reported,Upper half-domain with symmetry boundary.,"PDF p.4, Section 2.1 and Fig. 1",text,complete,verified,Not a spherical 3D droplet.,PAR-C018-0002,CTX-C018-ALL-ALL,model_input,shock_droplet_geometry,,,,,,,,,LOC-C018-0002,,,1.1
C018,C-SD-11,tier1,ALL,ALL,,,shock_structure,shock_geometry,planar,,,,reported,Incident shock geometry before droplet interaction.,"PDF p.4, Section 2.1 and Fig. 1",figure,complete,verified,Categorical geometry; no numeric zero curvature.,PAR-C018-0003,CTX-C018-ALL-ALL,model_input,incident_shock,laboratory,,,,,,,,LOC-C018-0002,,,1.1
C018,C-SD-11,tier1,ALL,ALL,,,numerical_method,mesh_resolution,800 cells per D0,count,,,reported,Production resolution; grid convergence discussed in Appendix A.,"PDF p.4, Section 2.1 and Fig. 1",text,complete,verified,Some validation uses 1600 cells/D0.,PAR-C018-0004,CTX-C018-ALL-ALL,model_input,droplet_diameter_resolution,,,,,,,,,LOC-C018-0002,,,1.1
C018,C-SD-11,tier1,C018-nhexane,NTP,,,droplet_initial,liquid_density,657,kg/m^3,657,kg/m^3,reported,n-hexane density at normal temperature and pressure.,"PDF p.6, Table 2",table,complete,verified,Table 2.,PAR-C018-0005,CTX-C018-C018-nhexane-NTP,model_input,n_hexane,,,,,,,,,LOC-C018-0004,,,1.1
C018,C-SD-11,tier1,C018-water,NTP,,,droplet_initial,liquid_density,1000,kg/m^3,1000,kg/m^3,reported,Water density at normal temperature and pressure.,"PDF p.6, Table 2",table,complete,verified,Table 2.,PAR-C018-0006,CTX-C018-C018-water-NTP,model_input,water,,,,,,,,,LOC-C018-0004,,,1.1
C018,C-SD-11,tier1,ALL,ALL,,,dimensionless_numbers,We_reported,9.42e3-4.10e6,1,,,reported,rho_post*u_post^2*D0/sigma; range across cases.,"PDF p.5, Table 1 and Eqs. (2.1)-(2.2)",text,complete,verified,Range reported by authors.,PAR-C018-0007,CTX-C018-ALL-ALL,operating_condition,post_shock_aerodynamic,droplet_fixed,,,,,,DIM-C018-001,,LOC-C018-0003,,,1.1
C018,C-SD-11,tier1,ALL,ALL,,,dimensionless_numbers,Re_reported,2.01e3-1.19e5,1,,,reported,rho_post*u_post*D0/mu; range across cases.,"PDF p.5, Table 1 and Eqs. (2.1)-(2.2)",text,complete,verified,Range reported by authors.,PAR-C018-0008,CTX-C018-ALL-ALL,operating_condition,post_shock_aerodynamic,droplet_fixed,,,,,,DIM-C018-002,,LOC-C018-0003,,,1.1
C018,C-SD-11,tier1,ALL,ALL,,,dimensionless_numbers,We_velocity_scale,NV,,,,NV,Post-shock air velocity u_post used in We/Re.,"PDF p.5, Table 1 and Eqs. (2.1)-(2.2)",equation,complete,verified,Formula component retained without external derivation.,PAR-C018-0009,CTX-C018-ALL-ALL,operating_condition,post_shock_freestream,droplet_fixed,,,,,,,,LOC-C018-0003,,No single standalone numeric u_post applies to the reported aggregate We/Re ranges.,1.1
C018,C-SD-11,tier1,ALL,ALL,,,dimensionless_numbers,We_gas_density,NV,,,,NV,Post-shock air density rho_post used in We/Re.,"PDF p.5, Table 1 and Eqs. (2.1)-(2.2)",equation,complete,verified,Component definition preserved.,PAR-C018-0010,CTX-C018-ALL-ALL,operating_condition,post_shock_freestream,,,,,,,,,LOC-C018-0003,,No single standalone numeric rho_post applies to the aggregate reported ranges.,1.1
C018,C-SD-11,tier1,ALL,ALL,,,droplet_initial,droplet_diameter_initial,NV,,,,NV,D0 used as reference length in We/Re.,"PDF p.5, Table 1 and Eqs. (2.1)-(2.2)",equation,complete,verified,No value inferred.,PAR-C018-0011,CTX-C018-ALL-ALL,model_input,initial_droplet,,,,,,,,,LOC-C018-0003,,A standalone physical D0 value is not reported in the normalized formulation used for the case sweep.,1.1
C018,C-SD-11,tier1,ALL,ALL,,,droplet_initial,surface_tension,NV,,,,NV,Surface tension sigma used in We.,"PDF p.5, Table 1 and Eqs. (2.1)-(2.2)",equation,complete,verified,No external property lookup.,PAR-C018-0012,CTX-C018-ALL-ALL,model_input,liquid_specific,,,,,,,,,LOC-C018-0003,,No single standalone sigma is reported for the aggregate water/n-hexane case range at this locator.,1.1
C018,C-SD-11,tier1,ALL,ALL,,,dimensionless_numbers,Re_viscosity,NV,,,,NV,Post-shock air dynamic viscosity mu used in Re.,"PDF p.5, Table 1 and Eqs. (2.1)-(2.2)",equation,complete,verified,No external property lookup.,PAR-C018-0013,CTX-C018-ALL-ALL,model_input,post_shock_freestream,,,,,,,,,LOC-C018-0003,,No single standalone numeric viscosity applies to the aggregate range.,1.1
C018,C-SD-11,tier1,C018-M1.75,C018-M1.75,,,shock_structure,incident_shock_Mach,1.75,1,1.75,1,reported,Incident shock propagation Mach number in pre-shock air.,"PDF p.5, Table 1 and Eqs. (2.1)-(2.2)",table,complete,verified,Table 1 case identifier.,PAR-C018-0014,CTX-C018-C018-M1.75-C018-M1.75,experimental_control,incident_shock,laboratory,,,,,,DIM-C018-003,,LOC-C018-0003,,,1.1
C018,C-SD-11,tier1,C018-M2.4,C018-M2.4,,,shock_structure,incident_shock_Mach,2.4,1,2.4,1,reported,Incident shock propagation Mach number in pre-shock air.,"PDF p.5, Table 1 and Eqs. (2.1)-(2.2)",table,complete,verified,Table 1 case identifier.,PAR-C018-0015,CTX-C018-C018-M2.4-C018-M2.4,experimental_control,incident_shock,laboratory,,,,,,DIM-C018-004,,LOC-C018-0003,,,1.1
C018,C-SD-11,tier1,C018-M3.0,C018-M3.0,,,shock_structure,incident_shock_Mach,3.0,1,3.0,1,reported,Incident shock propagation Mach number in pre-shock air.,"PDF p.5, Table 1 and Eqs. (2.1)-(2.2)",table,complete,verified,Table 1 case identifier.,PAR-C018-0016,CTX-C018-C018-M3.0-C018-M3.0,experimental_control,incident_shock,laboratory,,,,,,DIM-C018-005,,LOC-C018-0003,,,1.1
C018,C-SD-11,tier1,C018-M3.6,C018-M3.6,,,shock_structure,incident_shock_Mach,3.6,1,3.6,1,reported,Incident shock propagation Mach number in pre-shock air.,"PDF p.5, Table 1 and Eqs. (2.1)-(2.2)",table,complete,verified,Table 1 case identifier.,PAR-C018-0017,CTX-C018-C018-M3.6-C018-M3.6,experimental_control,incident_shock,laboratory,,,,,,DIM-C018-006,,LOC-C018-0003,,,1.1
C018,C-SD-11,tier1,C018-M4.2,C018-M4.2,,,shock_structure,incident_shock_Mach,4.2,1,4.2,1,reported,Incident shock propagation Mach number in pre-shock air.,"PDF p.5, Table 1 and Eqs. (2.1)-(2.2)",table,complete,verified,Table 1 case identifier.,PAR-C018-0018,CTX-C018-C018-M4.2-C018-M4.2,experimental_control,incident_shock,laboratory,,,,,,DIM-C018-007,,LOC-C018-0003,,,1.1
C018,C-SD-11,tier1,C018-M4.8,C018-M4.8,,,shock_structure,incident_shock_Mach,4.8,1,4.8,1,reported,Incident shock propagation Mach number in pre-shock air.,"PDF p.5, Table 1 and Eqs. (2.1)-(2.2)",table,complete,verified,Table 1 case identifier.,PAR-C018-0019,CTX-C018-C018-M4.8-C018-M4.8,experimental_control,incident_shock,laboratory,,,,,,DIM-C018-008,,LOC-C018-0003,,,1.1
C018,C-SD-11,tier1,C018-M5.4,C018-M5.4,,,shock_structure,incident_shock_Mach,5.4,1,5.4,1,reported,Incident shock propagation Mach number in pre-shock air.,"PDF p.5, Table 1 and Eqs. (2.1)-(2.2)",table,complete,verified,Table 1 case identifier.,PAR-C018-0020,CTX-C018-C018-M5.4-C018-M5.4,experimental_control,incident_shock,laboratory,,,,,,DIM-C018-009,,LOC-C018-0003,,,1.1
C018,C-SD-11,tier1,C018-M6.0,C018-M6.0,,,shock_structure,incident_shock_Mach,6.0,1,6.0,1,reported,Incident shock propagation Mach number in pre-shock air.,"PDF p.5, Table 1 and Eqs. (2.1)-(2.2)",table,complete,verified,Table 1 case identifier.,PAR-C018-0021,CTX-C018-C018-M6.0-C018-M6.0,experimental_control,incident_shock,laboratory,,,,,,DIM-C018-010,,LOC-C018-0003,,,1.1
C018,C-SD-11,tier1,C018-M6.6,C018-M6.6,,,shock_structure,incident_shock_Mach,6.6,1,6.6,1,reported,Incident shock propagation Mach number in pre-shock air.,"PDF p.5, Table 1 and Eqs. (2.1)-(2.2)",table,complete,verified,Table 1 case identifier.,PAR-C018-0022,CTX-C018-C018-M6.6-C018-M6.6,experimental_control,incident_shock,laboratory,,,,,,DIM-C018-011,,LOC-C018-0003,,,1.1
C018,C-SD-11,tier1,C018-M7.2,C018-M7.2,,,shock_structure,incident_shock_Mach,7.2,1,7.2,1,reported,Incident shock propagation Mach number in pre-shock air.,"PDF p.5, Table 1 and Eqs. (2.1)-(2.2)",table,complete,verified,Table 1 case identifier.,PAR-C018-0023,CTX-C018-C018-M7.2-C018-M7.2,experimental_control,incident_shock,laboratory,,,,,,DIM-C018-012,,LOC-C018-0003,,,1.1
C018,C-SD-11,tier1,C018-M7.8,C018-M7.8,,,shock_structure,incident_shock_Mach,7.8,1,7.8,1,reported,Incident shock propagation Mach number in pre-shock air.,"PDF p.5, Table 1 and Eqs. (2.1)-(2.2)",table,complete,verified,Table 1 case identifier.,PAR-C018-0024,CTX-C018-C018-M7.8-C018-M7.8,experimental_control,incident_shock,laboratory,,,,,,DIM-C018-013,,LOC-C018-0003,,,1.1
C018,C-SD-11,tier1,C018-M8.4,C018-M8.4,,,shock_structure,incident_shock_Mach,8.4,1,8.4,1,reported,Incident shock propagation Mach number in pre-shock air.,"PDF p.5, Table 1 and Eqs. (2.1)-(2.2)",table,complete,verified,Table 1 case identifier.,PAR-C018-0025,CTX-C018-C018-M8.4-C018-M8.4,experimental_control,incident_shock,laboratory,,,,,,DIM-C018-014,,LOC-C018-0003,,,1.1
C018,C-SD-11,tier1,C018-M1.75,C018-M1.75,,,shock_structure,pressure_ratio_across_shock,3.406,1,3.406,1,reported,p_post/p_pre for air.,"PDF p.5, Table 1 and Eqs. (2.1)-(2.2)",table,complete,verified,Table 1.,PAR-C018-0026,CTX-C018-C018-M1.75-C018-M1.75,operating_condition,incident_shock,,,,,,,,,LOC-C018-0003,,,1.1
C018,C-SD-11,tier1,C018-M2.4,C018-M2.4,,,shock_structure,pressure_ratio_across_shock,6.553,1,6.553,1,reported,p_post/p_pre for air.,"PDF p.5, Table 1 and Eqs. (2.1)-(2.2)",table,complete,verified,Table 1.,PAR-C018-0027,CTX-C018-C018-M2.4-C018-M2.4,operating_condition,incident_shock,,,,,,,,,LOC-C018-0003,,,1.1
C018,C-SD-11,tier1,C018-M3.0,C018-M3.0,,,shock_structure,pressure_ratio_across_shock,10.333,1,10.333,1,reported,p_post/p_pre for air.,"PDF p.5, Table 1 and Eqs. (2.1)-(2.2)",table,complete,verified,Table 1.,PAR-C018-0028,CTX-C018-C018-M3.0-C018-M3.0,operating_condition,incident_shock,,,,,,,,,LOC-C018-0003,,,1.1
C018,C-SD-11,tier1,C018-M3.6,C018-M3.6,,,shock_structure,pressure_ratio_across_shock,14.953,1,14.953,1,reported,p_post/p_pre for air.,"PDF p.5, Table 1 and Eqs. (2.1)-(2.2)",table,complete,verified,Table 1.,PAR-C018-0029,CTX-C018-C018-M3.6-C018-M3.6,operating_condition,incident_shock,,,,,,,,,LOC-C018-0003,,,1.1
C018,C-SD-11,tier1,C018-M4.2,C018-M4.2,,,shock_structure,pressure_ratio_across_shock,20.413,1,20.413,1,reported,p_post/p_pre for air.,"PDF p.5, Table 1 and Eqs. (2.1)-(2.2)",table,complete,verified,Table 1.,PAR-C018-0030,CTX-C018-C018-M4.2-C018-M4.2,operating_condition,incident_shock,,,,,,,,,LOC-C018-0003,,,1.1
C018,C-SD-11,tier1,C018-M4.8,C018-M4.8,,,shock_structure,pressure_ratio_across_shock,26.713,1,26.713,1,reported,p_post/p_pre for air.,"PDF p.5, Table 1 and Eqs. (2.1)-(2.2)",table,complete,verified,Table 1.,PAR-C018-0031,CTX-C018-C018-M4.8-C018-M4.8,operating_condition,incident_shock,,,,,,,,,LOC-C018-0003,,,1.1
C018,C-SD-11,tier1,C018-M5.4,C018-M5.4,,,shock_structure,pressure_ratio_across_shock,33.853,1,33.853,1,reported,p_post/p_pre for air.,"PDF p.5, Table 1 and Eqs. (2.1)-(2.2)",table,complete,verified,Table 1.,PAR-C018-0032,CTX-C018-C018-M5.4-C018-M5.4,operating_condition,incident_shock,,,,,,,,,LOC-C018-0003,,,1.1
C018,C-SD-11,tier1,C018-M6.0,C018-M6.0,,,shock_structure,pressure_ratio_across_shock,41.833,1,41.833,1,reported,p_post/p_pre for air.,"PDF p.5, Table 1 and Eqs. (2.1)-(2.2)",table,complete,verified,Table 1.,PAR-C018-0033,CTX-C018-C018-M6.0-C018-M6.0,operating_condition,incident_shock,,,,,,,,,LOC-C018-0003,,,1.1
C018,C-SD-11,tier1,C018-M6.6,C018-M6.6,,,shock_structure,pressure_ratio_across_shock,50.653,1,50.653,1,reported,p_post/p_pre for air.,"PDF p.5, Table 1 and Eqs. (2.1)-(2.2)",table,complete,verified,Table 1.,PAR-C018-0034,CTX-C018-C018-M6.6-C018-M6.6,operating_condition,incident_shock,,,,,,,,,LOC-C018-0003,,,1.1
C018,C-SD-11,tier1,C018-M7.2,C018-M7.2,,,shock_structure,pressure_ratio_across_shock,60.313,1,60.313,1,reported,p_post/p_pre for air.,"PDF p.5, Table 1 and Eqs. (2.1)-(2.2)",table,complete,verified,Table 1.,PAR-C018-0035,CTX-C018-C018-M7.2-C018-M7.2,operating_condition,incident_shock,,,,,,,,,LOC-C018-0003,,,1.1
C018,C-SD-11,tier1,C018-M7.8,C018-M7.8,,,shock_structure,pressure_ratio_across_shock,70.813,1,70.813,1,reported,p_post/p_pre for air.,"PDF p.5, Table 1 and Eqs. (2.1)-(2.2)",table,complete,verified,Table 1.,PAR-C018-0036,CTX-C018-C018-M7.8-C018-M7.8,operating_condition,incident_shock,,,,,,,,,LOC-C018-0003,,,1.1
C018,C-SD-11,tier1,C018-M8.4,C018-M8.4,,,shock_structure,pressure_ratio_across_shock,82.153,1,82.153,1,reported,p_post/p_pre for air.,"PDF p.5, Table 1 and Eqs. (2.1)-(2.2)",table,complete,verified,Table 1.,PAR-C018-0037,CTX-C018-C018-M8.4-C018-M8.4,operating_condition,incident_shock,,,,,,,,,LOC-C018-0003,,,1.1
C018,C-SD-11,tier1,C018-M1.75,C018-M1.75,,,shock_structure,density_ratio_across_shock,2.279,1,2.279,1,reported,rho_post/rho_pre for air.,"PDF p.5, Table 1 and Eqs. (2.1)-(2.2)",table,complete,verified,Table 1.,PAR-C018-0038,CTX-C018-C018-M1.75-C018-M1.75,operating_condition,incident_shock,,,,,,,,,LOC-C018-0003,,,1.1
C018,C-SD-11,tier1,C018-M2.4,C018-M2.4,,,shock_structure,density_ratio_across_shock,3.212,1,3.212,1,reported,rho_post/rho_pre for air.,"PDF p.5, Table 1 and Eqs. (2.1)-(2.2)",table,complete,verified,Table 1.,PAR-C018-0039,CTX-C018-C018-M2.4-C018-M2.4,operating_condition,incident_shock,,,,,,,,,LOC-C018-0003,,,1.1
C018,C-SD-11,tier1,C018-M3.0,C018-M3.0,,,shock_structure,density_ratio_across_shock,3.857,1,3.857,1,reported,rho_post/rho_pre for air.,"PDF p.5, Table 1 and Eqs. (2.1)-(2.2)",table,complete,verified,Table 1.,PAR-C018-0040,CTX-C018-C018-M3.0-C018-M3.0,operating_condition,incident_shock,,,,,,,,,LOC-C018-0003,,,1.1
C018,C-SD-11,tier1,C018-M3.6,C018-M3.6,,,shock_structure,density_ratio_across_shock,4.330,1,4.330,1,reported,rho_post/rho_pre for air.,"PDF p.5, Table 1 and Eqs. (2.1)-(2.2)",table,complete,verified,Table 1.,PAR-C018-0041,CTX-C018-C018-M3.6-C018-M3.6,operating_condition,incident_shock,,,,,,,,,LOC-C018-0003,,,1.1
C018,C-SD-11,tier1,C018-M4.2,C018-M4.2,,,shock_structure,density_ratio_across_shock,4.675,1,4.675,1,reported,rho_post/rho_pre for air.,"PDF p.5, Table 1 and Eqs. (2.1)-(2.2)",table,complete,verified,Table 1.,PAR-C018-0042,CTX-C018-C018-M4.2-C018-M4.2,operating_condition,incident_shock,,,,,,,,,LOC-C018-0003,,,1.1
C018,C-SD-11,tier1,C018-M4.8,C018-M4.8,,,shock_structure,density_ratio_across_shock,4.930,1,4.930,1,reported,rho_post/rho_pre for air.,"PDF p.5, Table 1 and Eqs. (2.1)-(2.2)",table,complete,verified,Table 1.,PAR-C018-0043,CTX-C018-C018-M4.8-C018-M4.8,operating_condition,incident_shock,,,,,,,,,LOC-C018-0003,,,1.1
C018,C-SD-11,tier1,C018-M5.4,C018-M5.4,,,shock_structure,density_ratio_across_shock,5.122,1,5.122,1,reported,rho_post/rho_pre for air.,"PDF p.5, Table 1 and Eqs. (2.1)-(2.2)",table,complete,verified,Table 1.,PAR-C018-0044,CTX-C018-C018-M5.4-C018-M5.4,operating_condition,incident_shock,,,,,,,,,LOC-C018-0003,,,1.1
C018,C-SD-11,tier1,C018-M6.0,C018-M6.0,,,shock_structure,density_ratio_across_shock,5.268,1,5.268,1,reported,rho_post/rho_pre for air.,"PDF p.5, Table 1 and Eqs. (2.1)-(2.2)",table,complete,verified,Table 1.,PAR-C018-0045,CTX-C018-C018-M6.0-C018-M6.0,operating_condition,incident_shock,,,,,,,,,LOC-C018-0003,,,1.1
C018,C-SD-11,tier1,C018-M6.6,C018-M6.6,,,shock_structure,density_ratio_across_shock,5.382,1,5.382,1,reported,rho_post/rho_pre for air.,"PDF p.5, Table 1 and Eqs. (2.1)-(2.2)",table,complete,verified,Table 1.,PAR-C018-0046,CTX-C018-C018-M6.6-C018-M6.6,operating_condition,incident_shock,,,,,,,,,LOC-C018-0003,,,1.1
C018,C-SD-11,tier1,C018-M7.2,C018-M7.2,,,shock_structure,density_ratio_across_shock,5.472,1,5.472,1,reported,rho_post/rho_pre for air.,"PDF p.5, Table 1 and Eqs. (2.1)-(2.2)",table,complete,verified,Table 1.,PAR-C018-0047,CTX-C018-C018-M7.2-C018-M7.2,operating_condition,incident_shock,,,,,,,,,LOC-C018-0003,,,1.1
C018,C-SD-11,tier1,C018-M7.8,C018-M7.8,,,shock_structure,density_ratio_across_shock,5.544,1,5.544,1,reported,rho_post/rho_pre for air.,"PDF p.5, Table 1 and Eqs. (2.1)-(2.2)",table,complete,verified,Table 1.,PAR-C018-0048,CTX-C018-C018-M7.8-C018-M7.8,operating_condition,incident_shock,,,,,,,,,LOC-C018-0003,,,1.1
C018,C-SD-11,tier1,C018-M8.4,C018-M8.4,,,shock_structure,density_ratio_across_shock,5.603,1,5.603,1,reported,rho_post/rho_pre for air.,"PDF p.5, Table 1 and Eqs. (2.1)-(2.2)",table,complete,verified,Table 1.,PAR-C018-0049,CTX-C018-C018-M8.4-C018-M8.4,operating_condition,incident_shock,,,,,,,,,LOC-C018-0003,,,1.1
C018,C-SD-11,tier1,C018-M1.75,n_hexane,,,dimensionless_numbers,reported_value,0.550,1,0.550,1,reported,Gas-liquid shock-wave velocity ratio n=u_g/u_l for n-hexane.,"PDF p.5, Table 1 and Eqs. (2.1)-(2.2)",table,complete,verified,Named ratio retained through ratio_definitions.,PAR-C018-0050,CTX-C018-C018-M1.75-n_hexane,operating_condition,gas_liquid_wave_velocity_ratio_n_hexane,,,,,,RATIO-C018-001,,,LOC-C018-0003,,,1.1
C018,C-SD-11,tier1,C018-M2.4,n_hexane,,,dimensionless_numbers,reported_value,0.755,1,0.755,1,reported,Gas-liquid shock-wave velocity ratio n=u_g/u_l for n-hexane.,"PDF p.5, Table 1 and Eqs. (2.1)-(2.2)",table,complete,verified,Named ratio retained through ratio_definitions.,PAR-C018-0051,CTX-C018-C018-M2.4-n_hexane,operating_condition,gas_liquid_wave_velocity_ratio_n_hexane,,,,,,RATIO-C018-002,,,LOC-C018-0003,,,1.1
C018,C-SD-11,tier1,C018-M3.0,n_hexane,,,dimensionless_numbers,reported_value,0.943,1,0.943,1,reported,Gas-liquid shock-wave velocity ratio n=u_g/u_l for n-hexane.,"PDF p.5, Table 1 and Eqs. (2.1)-(2.2)",table,complete,verified,Named ratio retained through ratio_definitions.,PAR-C018-0052,CTX-C018-C018-M3.0-n_hexane,operating_condition,gas_liquid_wave_velocity_ratio_n_hexane,,,,,,RATIO-C018-003,,,LOC-C018-0003,,,1.1
C018,C-SD-11,tier1,C018-M3.6,n_hexane,,,dimensionless_numbers,reported_value,1.131,1,1.131,1,reported,Gas-liquid shock-wave velocity ratio n=u_g/u_l for n-hexane.,"PDF p.5, Table 1 and Eqs. (2.1)-(2.2)",table,complete,verified,Named ratio retained through ratio_definitions.,PAR-C018-0053,CTX-C018-C018-M3.6-n_hexane,operating_condition,gas_liquid_wave_velocity_ratio_n_hexane,,,,,,RATIO-C018-004,,,LOC-C018-0003,,,1.1
C018,C-SD-11,tier1,C018-M4.2,n_hexane,,,dimensionless_numbers,reported_value,1.320,1,1.320,1,reported,Gas-liquid shock-wave velocity ratio n=u_g/u_l for n-hexane.,"PDF p.5, Table 1 and Eqs. (2.1)-(2.2)",table,complete,verified,Named ratio retained through ratio_definitions.,PAR-C018-0054,CTX-C018-C018-M4.2-n_hexane,operating_condition,gas_liquid_wave_velocity_ratio_n_hexane,,,,,,RATIO-C018-005,,,LOC-C018-0003,,,1.1
C018,C-SD-11,tier1,C018-M4.8,n_hexane,,,dimensionless_numbers,reported_value,1.509,1,1.509,1,reported,Gas-liquid shock-wave velocity ratio n=u_g/u_l for n-hexane.,"PDF p.5, Table 1 and Eqs. (2.1)-(2.2)",table,complete,verified,Named ratio retained through ratio_definitions.,PAR-C018-0055,CTX-C018-C018-M4.8-n_hexane,operating_condition,gas_liquid_wave_velocity_ratio_n_hexane,,,,,,RATIO-C018-006,,,LOC-C018-0003,,,1.1
C018,C-SD-11,tier1,C018-M5.4,n_hexane,,,dimensionless_numbers,reported_value,1.698,1,1.698,1,reported,Gas-liquid shock-wave velocity ratio n=u_g/u_l for n-hexane.,"PDF p.5, Table 1 and Eqs. (2.1)-(2.2)",table,complete,verified,Named ratio retained through ratio_definitions.,PAR-C018-0056,CTX-C018-C018-M5.4-n_hexane,operating_condition,gas_liquid_wave_velocity_ratio_n_hexane,,,,,,RATIO-C018-007,,,LOC-C018-0003,,,1.1
C018,C-SD-11,tier1,C018-M6.0,n_hexane,,,dimensionless_numbers,reported_value,1.886,1,1.886,1,reported,Gas-liquid shock-wave velocity ratio n=u_g/u_l for n-hexane.,"PDF p.5, Table 1 and Eqs. (2.1)-(2.2)",table,complete,verified,Named ratio retained through ratio_definitions.,PAR-C018-0057,CTX-C018-C018-M6.0-n_hexane,operating_condition,gas_liquid_wave_velocity_ratio_n_hexane,,,,,,RATIO-C018-008,,,LOC-C018-0003,,,1.1
C018,C-SD-11,tier1,C018-M6.6,n_hexane,,,dimensionless_numbers,reported_value,2.075,1,2.075,1,reported,Gas-liquid shock-wave velocity ratio n=u_g/u_l for n-hexane.,"PDF p.5, Table 1 and Eqs. (2.1)-(2.2)",table,complete,verified,Named ratio retained through ratio_definitions.,PAR-C018-0058,CTX-C018-C018-M6.6-n_hexane,operating_condition,gas_liquid_wave_velocity_ratio_n_hexane,,,,,,RATIO-C018-009,,,LOC-C018-0003,,,1.1
C018,C-SD-11,tier1,C018-M7.2,n_hexane,,,dimensionless_numbers,reported_value,2.264,1,2.264,1,reported,Gas-liquid shock-wave velocity ratio n=u_g/u_l for n-hexane.,"PDF p.5, Table 1 and Eqs. (2.1)-(2.2)",table,complete,verified,Named ratio retained through ratio_definitions.,PAR-C018-0059,CTX-C018-C018-M7.2-n_hexane,operating_condition,gas_liquid_wave_velocity_ratio_n_hexane,,,,,,RATIO-C018-010,,,LOC-C018-0003,,,1.1
C018,C-SD-11,tier1,C018-M7.8,n_hexane,,,dimensionless_numbers,reported_value,2.452,1,2.452,1,reported,Gas-liquid shock-wave velocity ratio n=u_g/u_l for n-hexane.,"PDF p.5, Table 1 and Eqs. (2.1)-(2.2)",table,complete,verified,Named ratio retained through ratio_definitions.,PAR-C018-0060,CTX-C018-C018-M7.8-n_hexane,operating_condition,gas_liquid_wave_velocity_ratio_n_hexane,,,,,,RATIO-C018-011,,,LOC-C018-0003,,,1.1
C018,C-SD-11,tier1,C018-M8.4,n_hexane,,,dimensionless_numbers,reported_value,2.641,1,2.641,1,reported,Gas-liquid shock-wave velocity ratio n=u_g/u_l for n-hexane.,"PDF p.5, Table 1 and Eqs. (2.1)-(2.2)",table,complete,verified,Named ratio retained through ratio_definitions.,PAR-C018-0061,CTX-C018-C018-M8.4-n_hexane,operating_condition,gas_liquid_wave_velocity_ratio_n_hexane,,,,,,RATIO-C018-012,,,LOC-C018-0003,,,1.1
C018,C-SD-11,tier1,C018-M1.75,water,,,dimensionless_numbers,reported_value,0.413,1,0.413,1,reported,Gas-liquid shock-wave velocity ratio n=u_g/u_l for water.,"PDF p.5, Table 1 and Eqs. (2.1)-(2.2)",table,complete,verified,Named ratio retained through ratio_definitions.,PAR-C018-0062,CTX-C018-C018-M1.75-water,operating_condition,gas_liquid_wave_velocity_ratio_water,,,,,,RATIO-C018-013,,,LOC-C018-0003,,,1.1
C018,C-SD-11,tier1,C018-M2.4,water,,,dimensionless_numbers,reported_value,0.567,1,0.567,1,reported,Gas-liquid shock-wave velocity ratio n=u_g/u_l for water.,"PDF p.5, Table 1 and Eqs. (2.1)-(2.2)",table,complete,verified,Named ratio retained through ratio_definitions.,PAR-C018-0063,CTX-C018-C018-M2.4-water,operating_condition,gas_liquid_wave_velocity_ratio_water,,,,,,RATIO-C018-014,,,LOC-C018-0003,,,1.1
C018,C-SD-11,tier1,C018-M3.0,water,,,dimensionless_numbers,reported_value,0.708,1,0.708,1,reported,Gas-liquid shock-wave velocity ratio n=u_g/u_l for water.,"PDF p.5, Table 1 and Eqs. (2.1)-(2.2)",table,complete,verified,Named ratio retained through ratio_definitions.,PAR-C018-0064,CTX-C018-C018-M3.0-water,operating_condition,gas_liquid_wave_velocity_ratio_water,,,,,,RATIO-C018-015,,,LOC-C018-0003,,,1.1
C018,C-SD-11,tier1,C018-M3.6,water,,,dimensionless_numbers,reported_value,0.850,1,0.850,1,reported,Gas-liquid shock-wave velocity ratio n=u_g/u_l for water.,"PDF p.5, Table 1 and Eqs. (2.1)-(2.2)",table,complete,verified,Named ratio retained through ratio_definitions.,PAR-C018-0065,CTX-C018-C018-M3.6-water,operating_condition,gas_liquid_wave_velocity_ratio_water,,,,,,RATIO-C018-016,,,LOC-C018-0003,,,1.1
C018,C-SD-11,tier1,C018-M4.2,water,,,dimensionless_numbers,reported_value,0.991,1,0.991,1,reported,Gas-liquid shock-wave velocity ratio n=u_g/u_l for water.,"PDF p.5, Table 1 and Eqs. (2.1)-(2.2)",table,complete,verified,Named ratio retained through ratio_definitions.,PAR-C018-0066,CTX-C018-C018-M4.2-water,operating_condition,gas_liquid_wave_velocity_ratio_water,,,,,,RATIO-C018-017,,,LOC-C018-0003,,,1.1
C018,C-SD-11,tier1,C018-M4.8,water,,,dimensionless_numbers,reported_value,1.133,1,1.133,1,reported,Gas-liquid shock-wave velocity ratio n=u_g/u_l for water.,"PDF p.5, Table 1 and Eqs. (2.1)-(2.2)",table,complete,verified,Named ratio retained through ratio_definitions.,PAR-C018-0067,CTX-C018-C018-M4.8-water,operating_condition,gas_liquid_wave_velocity_ratio_water,,,,,,RATIO-C018-018,,,LOC-C018-0003,,,1.1
C018,C-SD-11,tier1,C018-M5.4,water,,,dimensionless_numbers,reported_value,1.273,1,1.273,1,reported,Gas-liquid shock-wave velocity ratio n=u_g/u_l for water.,"PDF p.5, Table 1 and Eqs. (2.1)-(2.2)",table,complete,verified,Named ratio retained through ratio_definitions.,PAR-C018-0068,CTX-C018-C018-M5.4-water,operating_condition,gas_liquid_wave_velocity_ratio_water,,,,,,RATIO-C018-019,,,LOC-C018-0003,,,1.1
C018,C-SD-11,tier1,C018-M6.0,water,,,dimensionless_numbers,reported_value,1.416,1,1.416,1,reported,Gas-liquid shock-wave velocity ratio n=u_g/u_l for water.,"PDF p.5, Table 1 and Eqs. (2.1)-(2.2)",table,complete,verified,Named ratio retained through ratio_definitions.,PAR-C018-0069,CTX-C018-C018-M6.0-water,operating_condition,gas_liquid_wave_velocity_ratio_water,,,,,,RATIO-C018-020,,,LOC-C018-0003,,,1.1
C018,C-SD-11,tier1,C018-M6.6,water,,,dimensionless_numbers,reported_value,1.558,1,1.558,1,reported,Gas-liquid shock-wave velocity ratio n=u_g/u_l for water.,"PDF p.5, Table 1 and Eqs. (2.1)-(2.2)",table,complete,verified,Named ratio retained through ratio_definitions.,PAR-C018-0070,CTX-C018-C018-M6.6-water,operating_condition,gas_liquid_wave_velocity_ratio_water,,,,,,RATIO-C018-021,,,LOC-C018-0003,,,1.1
C018,C-SD-11,tier1,C018-M7.2,water,,,dimensionless_numbers,reported_value,1.700,1,1.700,1,reported,Gas-liquid shock-wave velocity ratio n=u_g/u_l for water.,"PDF p.5, Table 1 and Eqs. (2.1)-(2.2)",table,complete,verified,Named ratio retained through ratio_definitions.,PAR-C018-0071,CTX-C018-C018-M7.2-water,operating_condition,gas_liquid_wave_velocity_ratio_water,,,,,,RATIO-C018-022,,,LOC-C018-0003,,,1.1
C018,C-SD-11,tier1,C018-M7.8,water,,,dimensionless_numbers,reported_value,1.841,1,1.841,1,reported,Gas-liquid shock-wave velocity ratio n=u_g/u_l for water.,"PDF p.5, Table 1 and Eqs. (2.1)-(2.2)",table,complete,verified,Named ratio retained through ratio_definitions.,PAR-C018-0072,CTX-C018-C018-M7.8-water,operating_condition,gas_liquid_wave_velocity_ratio_water,,,,,,RATIO-C018-023,,,LOC-C018-0003,,,1.1
C018,C-SD-11,tier1,C018-M8.4,water,,,dimensionless_numbers,reported_value,NA,1,NA,1,NA,Gas-liquid shock-wave velocity ratio n=u_g/u_l for water.,"PDF p.5, Table 1 and Eqs. (2.1)-(2.2)",table,complete,verified,Named ratio retained through ratio_definitions.,PAR-C018-0073,CTX-C018-C018-M8.4-water,operating_condition,gas_liquid_wave_velocity_ratio_water,,,,,,RATIO-C018-024,,,LOC-C018-0003,,Table 1 contains a dash; the water case is not provided at Ms=8.4.,1.1
C019,C-SD-12,tier1,ALL,ALL,,,study_context,study_type,numerical,,,,reported,Two-dimensional high-resolution compressible multiphase simulation.,"PDF p.1, Abstract",text,complete,verified,Primary numerical study.,PAR-C019-0001,CTX-C019-ALL-ALL,classification,shock_droplet,,,,,,,,,LOC-C019-0001,,,1.1
C019,C-SD-12,tier1,ALL,ALL,,,droplet_initial,droplet_diameter_initial,4.8,mm,,,reported,Initial cylindrical water-droplet diameter.,"PDF p.3, Section 2, Fig. 1",text,complete,verified,Cylindrical droplet in 2-D.,PAR-C019-0002,CTX-C019-ALL-ALL,model_input,shock_droplet,,,,,,,,,LOC-C019-0002,,,1.1
C019,C-SD-12,tier1,ALL,ALL,,,ambient_conditions,ambient_temperature,300,K,,,reported,Initial equilibrium temperature of droplet and unshocked gas.,"PDF p.3, Section 2, Fig. 1",text,complete,verified,Reported initial state.,PAR-C019-0003,CTX-C019-ALL-ALL,initial_condition,pre_shock,,,,,,,,,LOC-C019-0002,,,1.1
C019,C-SD-12,tier1,ALL,ALL,,,ambient_conditions,ambient_pressure,101325,Pa,,,reported,Initial equilibrium pressure of droplet and unshocked gas.,"PDF p.3, Section 2, Fig. 1",text,complete,verified,Pressure reference type not explicitly stated.,PAR-C019-0004,CTX-C019-ALL-ALL,initial_condition,pre_shock,,,,,,,,,LOC-C019-0002,,,1.1
C019,C-SD-12,tier1,ALL,ALL,,,numerical_method,mesh_resolution,800 grids per droplet diameter,,,,reported,Uniform Cartesian resolution used for production simulations.,"PDF p.6, Section 3.3, Eq. (2.5)",text,complete,verified,2-D diffuse-interface calculation.,PAR-C019-0005,CTX-C019-ALL-ALL,model_input,numerical_resolution,,,,,,,,,LOC-C019-0003,,,1.1
C019,C-SD-12,tier1,C019-M24-W4,C019-M24-W4,,,shock_structure,incident_shock_Mach,2.4,,,,reported,Incident shock Mach Ma0 at first contact.,"PDF p.18, Table 1",table,complete,verified,,PAR-C019-0006,CTX-C019-C019-M24-W4-C019-M24-W4,model_input,incident_shock,laboratory,,,,,,,,LOC-C019-0007,,,1.1
C019,C-SD-12,tier1,C019-M24-W6,C019-M24-W6,,,shock_structure,incident_shock_Mach,2.4,,,,reported,Incident shock Mach Ma0 at first contact.,"PDF p.18, Table 1",table,complete,verified,,PAR-C019-0007,CTX-C019-C019-M24-W6-C019-M24-W6,model_input,incident_shock,laboratory,,,,,,,,LOC-C019-0007,,,1.1
C019,C-SD-12,tier1,C019-M24-W8,C019-M24-W8,,,shock_structure,incident_shock_Mach,2.4,,,,reported,Incident shock Mach Ma0 at first contact.,"PDF p.18, Table 1",table,complete,verified,,PAR-C019-0008,CTX-C019-C019-M24-W8-C019-M24-W8,model_input,incident_shock,laboratory,,,,,,,,LOC-C019-0007,,,1.1
C019,C-SD-12,tier1,C019-M24-PLANAR,C019-M24-PLANAR,,,shock_structure,incident_shock_Mach,2.4,,,,reported,Incident shock Mach Ma0 at first contact.,"PDF p.18, Table 1",table,complete,verified,,PAR-C019-0009,CTX-C019-C019-M24-PLANAR-C019-M24-PLANAR,model_input,incident_shock,laboratory,,,,,,,,LOC-C019-0007,,,1.1
C019,C-SD-12,tier1,C019-M32-W4,C019-M32-W4,,,shock_structure,incident_shock_Mach,3.2,,,,reported,Incident shock Mach Ma0 at first contact.,"PDF p.18, Table 1",table,complete,verified,,PAR-C019-0010,CTX-C019-C019-M32-W4-C019-M32-W4,model_input,incident_shock,laboratory,,,,,,,,LOC-C019-0007,,,1.1
C019,C-SD-12,tier1,C019-M32-W6,C019-M32-W6,,,shock_structure,incident_shock_Mach,3.2,,,,reported,Incident shock Mach Ma0 at first contact.,"PDF p.18, Table 1",table,complete,verified,,PAR-C019-0011,CTX-C019-C019-M32-W6-C019-M32-W6,model_input,incident_shock,laboratory,,,,,,,,LOC-C019-0007,,,1.1
C019,C-SD-12,tier1,C019-M32-W8,C019-M32-W8,,,shock_structure,incident_shock_Mach,3.2,,,,reported,Incident shock Mach Ma0 at first contact.,"PDF p.18, Table 1",table,complete,verified,,PAR-C019-0012,CTX-C019-C019-M32-W8-C019-M32-W8,model_input,incident_shock,laboratory,,,,,,,,LOC-C019-0007,,,1.1
C019,C-SD-12,tier1,C019-M32-PLANAR,C019-M32-PLANAR,,,shock_structure,incident_shock_Mach,3.2,,,,reported,Incident shock Mach Ma0 at first contact.,"PDF p.18, Table 1",table,complete,verified,,PAR-C019-0013,CTX-C019-C019-M32-PLANAR-C019-M32-PLANAR,model_input,incident_shock,laboratory,,,,,,,,LOC-C019-0007,,,1.1
C019,C-SD-12,tier1,C019-M24-W4,C019-M24-W4,,,shock_structure,shock_radius_over_D,4,,,,reported,"omega=R0/RD, shock curvature radius divided by droplet radius.","PDF p.18, Table 1",table,complete,verified,,PAR-C019-0014,CTX-C019-C019-M24-W4-C019-M24-W4,model_input,incident_shock,droplet_fixed,,,,,,,,LOC-C019-0007,,,1.1
C019,C-SD-12,tier1,C019-M24-W6,C019-M24-W6,,,shock_structure,shock_radius_over_D,6,,,,reported,"omega=R0/RD, shock curvature radius divided by droplet radius.","PDF p.18, Table 1",table,complete,verified,,PAR-C019-0015,CTX-C019-C019-M24-W6-C019-M24-W6,model_input,incident_shock,droplet_fixed,,,,,,,,LOC-C019-0007,,,1.1
C019,C-SD-12,tier1,C019-M24-W8,C019-M24-W8,,,shock_structure,shock_radius_over_D,8,,,,reported,"omega=R0/RD, shock curvature radius divided by droplet radius.","PDF p.18, Table 1",table,complete,verified,,PAR-C019-0016,CTX-C019-C019-M24-W8-C019-M24-W8,model_input,incident_shock,droplet_fixed,,,,,,,,LOC-C019-0007,,,1.1
C019,C-SD-12,tier1,C019-M32-W4,C019-M32-W4,,,shock_structure,shock_radius_over_D,4,,,,reported,"omega=R0/RD, shock curvature radius divided by droplet radius.","PDF p.18, Table 1",table,complete,verified,,PAR-C019-0017,CTX-C019-C019-M32-W4-C019-M32-W4,model_input,incident_shock,droplet_fixed,,,,,,,,LOC-C019-0007,,,1.1
C019,C-SD-12,tier1,C019-M32-W6,C019-M32-W6,,,shock_structure,shock_radius_over_D,6,,,,reported,"omega=R0/RD, shock curvature radius divided by droplet radius.","PDF p.18, Table 1",table,complete,verified,,PAR-C019-0018,CTX-C019-C019-M32-W6-C019-M32-W6,model_input,incident_shock,droplet_fixed,,,,,,,,LOC-C019-0007,,,1.1
C019,C-SD-12,tier1,C019-M32-W8,C019-M32-W8,,,shock_structure,shock_radius_over_D,8,,,,reported,"omega=R0/RD, shock curvature radius divided by droplet radius.","PDF p.18, Table 1",table,complete,verified,,PAR-C019-0019,CTX-C019-C019-M32-W8-C019-M32-W8,model_input,incident_shock,droplet_fixed,,,,,,,,LOC-C019-0007,,,1.1
C019,C-SD-12,tier1,C019-M24-PLANAR,C019-M24-PLANAR,,,shock_structure,shock_geometry,planar,,,,reported,Planar-shock comparison; no numeric curvature encoded.,"PDF p.18, Table 1",table,complete,verified,,PAR-C019-0020,CTX-C019-C019-M24-PLANAR-C019-M24-PLANAR,classification,incident_shock,,,,,,,,,LOC-C019-0007,,,1.1
C019,C-SD-12,tier1,C019-M32-PLANAR,C019-M32-PLANAR,,,shock_structure,shock_geometry,planar,,,,reported,Planar-shock comparison; no numeric curvature encoded.,"PDF p.18, Table 1",table,complete,verified,,PAR-C019-0021,CTX-C019-C019-M32-PLANAR-C019-M32-PLANAR,classification,incident_shock,,,,,,,,,LOC-C019-0007,,,1.1
C019,C-SD-12,tier1,C019-M24-W4,C019-M24-W4,,,droplet_response,KH_indicator,43.71,deg,,,reported,"Finally resting windward fixed-point angle theta_f, coincident with K-H inception site.","PDF p.18, Table 1",table,complete,verified,,PAR-C019-0022,CTX-C019-C019-M24-W4-C019-M24-W4,simulated_output,windward_surface,droplet_fixed,,,,,,,,LOC-C019-0007,,,1.1
C019,C-SD-12,tier1,C019-M24-W6,C019-M24-W6,,,droplet_response,KH_indicator,48.46,deg,,,reported,"Finally resting windward fixed-point angle theta_f, coincident with K-H inception site.","PDF p.18, Table 1",table,complete,verified,,PAR-C019-0023,CTX-C019-C019-M24-W6-C019-M24-W6,simulated_output,windward_surface,droplet_fixed,,,,,,,,LOC-C019-0007,,,1.1
C019,C-SD-12,tier1,C019-M24-W8,C019-M24-W8,,,droplet_response,KH_indicator,50.36,deg,,,reported,"Finally resting windward fixed-point angle theta_f, coincident with K-H inception site.","PDF p.18, Table 1",table,complete,verified,,PAR-C019-0024,CTX-C019-C019-M24-W8-C019-M24-W8,simulated_output,windward_surface,droplet_fixed,,,,,,,,LOC-C019-0007,,,1.1
C019,C-SD-12,tier1,C019-M24-PLANAR,C019-M24-PLANAR,,,droplet_response,KH_indicator,52.24,deg,,,reported,"Finally resting windward fixed-point angle theta_f, coincident with K-H inception site.","PDF p.18, Table 1",table,complete,verified,,PAR-C019-0025,CTX-C019-C019-M24-PLANAR-C019-M24-PLANAR,simulated_output,windward_surface,droplet_fixed,,,,,,,,LOC-C019-0007,,,1.1
C019,C-SD-12,tier1,C019-M32-W4,C019-M32-W4,,,droplet_response,KH_indicator,43.24,deg,,,reported,"Finally resting windward fixed-point angle theta_f, coincident with K-H inception site.","PDF p.18, Table 1",table,complete,verified,,PAR-C019-0026,CTX-C019-C019-M32-W4-C019-M32-W4,simulated_output,windward_surface,droplet_fixed,,,,,,,,LOC-C019-0007,,,1.1
C019,C-SD-12,tier1,C019-M32-W6,C019-M32-W6,,,droplet_response,KH_indicator,49.32,deg,,,reported,"Finally resting windward fixed-point angle theta_f, coincident with K-H inception site.","PDF p.18, Table 1",table,complete,verified,,PAR-C019-0027,CTX-C019-C019-M32-W6-C019-M32-W6,simulated_output,windward_surface,droplet_fixed,,,,,,,,LOC-C019-0007,,,1.1
C019,C-SD-12,tier1,C019-M32-W8,C019-M32-W8,,,droplet_response,KH_indicator,49.81,deg,,,reported,"Finally resting windward fixed-point angle theta_f, coincident with K-H inception site.","PDF p.18, Table 1",table,complete,verified,,PAR-C019-0028,CTX-C019-C019-M32-W8-C019-M32-W8,simulated_output,windward_surface,droplet_fixed,,,,,,,,LOC-C019-0007,,,1.1
C019,C-SD-12,tier1,C019-M32-PLANAR,C019-M32-PLANAR,,,droplet_response,KH_indicator,50.37,deg,,,reported,"Finally resting windward fixed-point angle theta_f, coincident with K-H inception site.","PDF p.18, Table 1",table,complete,verified,,PAR-C019-0029,CTX-C019-C019-M32-PLANAR-C019-M32-PLANAR,simulated_output,windward_surface,droplet_fixed,,,,,,,,LOC-C019-0007,,,1.1
C024,C-ST-04,tier1,ALL,ALL,,,study_context,study_type,mixed,,,,reported,Shock-tube experiment plus simplified CDC modeling.,"PDF p.1, Abstract",text,complete,verified,Primary experimental study with modeling.,PAR-C024-0001,CTX-C024-ALL-ALL,classification,shock_droplet_curtain,,,,,,,,,LOC-C024-0001,,,1.1
C024,C-ST-04,tier1,ALL,ALL,,,shock_structure,incident_shock_Mach,2.09,,,,reported,Incident shock Mach number.,"PDF p.6, Table 3",table,complete,verified,Mean plus reported uncertainty.,PAR-C024-0002,CTX-C024-ALL-ALL,measured_input,incident_shock,laboratory,,,,,,,,LOC-C024-0004,,,1.1
C024,C-ST-04,tier1,ALL,ALL,,,shock_structure,post_shock_velocity,461.3,m/s,,,reported,Post-shock gas velocity.,"PDF p.6, Table 3",table,complete,verified,Table 3.,PAR-C024-0003,CTX-C024-ALL-ALL,measured_input,post_shock_freestream,laboratory,,,,,,,,LOC-C024-0004,,,1.1
C024,C-ST-04,tier1,ALL,ALL,,,dimensionless_numbers,reference_density,NV,,,,NV,Gas density used in We/Re.,"PDF p.2, dimensionless definitions",equation,complete,verified,Explicit missing component; no external property lookup.,PAR-C024-0004,CTX-C024-ALL-ALL,unknown,post_shock_freestream,,,,,,,,,LOC-C024-0002,,Formula names the gas density but a numeric reference density was not verified in the primary condition table.,1.1
C024,C-ST-04,tier1,ALL,ALL,,,droplet_initial,surface_tension,NV,,,,NV,Surface tension in We and Oh.,"PDF p.2, dimensionless definitions",equation,complete,verified,No external completion.,PAR-C024-0005,CTX-C024-ALL-ALL,material_property,acetone_droplet,,,,,,,,,LOC-C024-0002,,Numeric acetone surface tension used for the reported We was not independently verified in the extracted source location.,1.1
C024,C-ST-04,tier1,ALL,ALL,,,droplet_initial,liquid_viscosity,NV,,,,NV,Liquid viscosity in Oh.,"PDF p.2, dimensionless definitions",equation,complete,verified,No external completion.,PAR-C024-0006,CTX-C024-ALL-ALL,material_property,acetone_droplet,,,,,,,,,LOC-C024-0002,,Numeric liquid viscosity was not verified in the primary condition table.,1.1
C024,C-ST-04,tier1,C024-D10,C024-D10,,,spray_initial,D10,14.16,um,,,reported,Parent-droplet size statistic used as modeled initial condition.,"PDF p.5, Table 1",table,complete,verified,,PAR-C024-0007,CTX-C024-C024-D10-C024-D10,measured_input,droplet_curtain,,,,,,,,,LOC-C024-0003,,,1.1
C024,C-ST-04,tier1,C024-D32,C024-D32,,,spray_initial,D32,37.3,um,,,reported,Parent-droplet size statistic used as modeled initial condition.,"PDF p.5, Table 1",table,complete,verified,,PAR-C024-0008,CTX-C024-C024-D32-C024-D32,measured_input,droplet_curtain,,,,,,,,,LOC-C024-0003,,,1.1
C024,C-ST-04,tier1,C024-D10,C024-D10,,,dimensionless_numbers,We_reported,662,,,,reported,We=rho_g v^2 d_p/sigma.,"PDF p.5, Table 1",table,complete,verified,,PAR-C024-0009,CTX-C024-C024-D10-C024-D10,measured_input,post_shock_freestream,,,,,,,DIM-C024-001,,LOC-C024-0003,,,1.1
C024,C-ST-04,tier1,C024-D32,C024-D32,,,dimensionless_numbers,We_reported,1743,,,,reported,We=rho_g v^2 d_p/sigma.,"PDF p.5, Table 1",table,complete,verified,,PAR-C024-0010,CTX-C024-C024-D32-C024-D32,measured_input,post_shock_freestream,,,,,,,DIM-C024-002,,LOC-C024-0003,,,1.1
C024,C-ST-04,tier1,C024-D10,C024-D10,,,dimensionless_numbers,Re_reported,1647,,,,reported,Post-shock gas Reynolds number using parent diameter.,"PDF p.5, Table 1",table,complete,verified,,PAR-C024-0011,CTX-C024-C024-D10-C024-D10,measured_input,post_shock_freestream,,,,,,,,,LOC-C024-0003,,,1.1
C024,C-ST-04,tier1,C024-D32,C024-D32,,,dimensionless_numbers,Re_reported,4338,,,,reported,Post-shock gas Reynolds number using parent diameter.,"PDF p.5, Table 1",table,complete,verified,,PAR-C024-0012,CTX-C024-C024-D32-C024-D32,measured_input,post_shock_freestream,,,,,,,,,LOC-C024-0003,,,1.1
C024,C-ST-04,tier1,C024-D10,C024-D10,,,dimensionless_numbers,Oh_reported,0.02,,,,reported,Oh=mu_l/sqrt(rho_l sigma d_p).,"PDF p.5, Table 1",table,complete,verified,,PAR-C024-0013,CTX-C024-C024-D10-C024-D10,measured_input,acetone_droplet,,,,,,,,,LOC-C024-0003,,,1.1
C024,C-ST-04,tier1,C024-D32,C024-D32,,,dimensionless_numbers,Oh_reported,0.01,,,,reported,Oh=mu_l/sqrt(rho_l sigma d_p).,"PDF p.5, Table 1",table,complete,verified,,PAR-C024-0014,CTX-C024-C024-D32-C024-D32,measured_input,acetone_droplet,,,,,,,,,LOC-C024-0003,,,1.1
C024,C-ST-04,tier1,ALL,ALL,,,droplet_response,evaporation_time,250-300,us,,,reported,Observed interval in which the last discernible clouds disappear.,"PDF p.7, Section 4.1, Figs. 7-8",text,complete,verified,"Survival/evaporation interval, not a digitized point.",PAR-C024-0015,CTX-C024-ALL-ALL,measured_output,child_droplet_cloud,,,,,HIST-C024-001,,,,LOC-C024-0005,,,1.1
C025,C-ST-05,tier1,ALL,ALL,,,study_context,study_type,numerical,,,,reported,Three-dimensional adaptive VOF simulation.,"PDF p.1, Abstract",text,complete,verified,Primary numerical evidence.,PAR-C025-0001,CTX-C025-ALL-ALL,classification,shock_droplet,,,,,,,,,LOC-C025-0001,,,1.1
C025,C-ST-05,tier1,ALL,ALL,,,droplet_initial,droplet_diameter_initial,100,um,,,reported,Initial water-droplet diameter.,"PDF p.3, Section III, Fig.1, Eq. (13)",text,complete,verified,Same in both cases.,PAR-C025-0002,CTX-C025-ALL-ALL,model_input,shock_droplet,,,,,,,,,LOC-C025-0002,,,1.1
C025,C-ST-05,tier1,ALL,ALL,,,dimensionless_numbers,reference_velocity,NV,,,,NV,Ur in tau and We.,"PDF p.3, Section III, Fig.1, Eq. (13)",equation,complete,verified,No calculation generated.,PAR-C025-0003,CTX-C025-ALL-ALL,model_input,post_shock_freestream,droplet_fixed,,,,,,,,LOC-C025-0002,,Analytic post-shock relative speed is defined but no numeric value is tabulated in the source location.,1.1
C025,C-ST-05,tier1,ALL,ALL,,,dimensionless_numbers,reference_density,NV,,,,NV,rho_g in tau and We.,"PDF p.3, Section III, Fig.1, Eq. (13)",equation,complete,verified,No calculation generated.,PAR-C025-0004,CTX-C025-ALL-ALL,model_input,post_shock_freestream,,,,,,,,,LOC-C025-0002,,Analytic post-shock gas density is defined but no numeric value is tabulated in the source location.,1.1
C025,C-ST-05,tier1,ALL,ALL,,,droplet_initial,surface_tension,NV,,,,NV,Water surface tension used in We.,"PDF p.3, Section III, Fig.1, Eq. (13)",equation,complete,verified,No external lookup.,PAR-C025-0005,CTX-C025-ALL-ALL,model_input,water_droplet,,,,,,,,,LOC-C025-0002,,The numerical surface-tension value is not explicitly reported in the verified setup passage.,1.1
C025,C-ST-05,tier1,C025-M2,C025-M2,,,shock_structure,M_s,2,,,,reported,Incident shock Mach number.,"PDF p.8, Conclusions",text,complete,verified,,PAR-C025-0006,CTX-C025-C025-M2-C025-M2,model_input,incident_shock,laboratory,,,,,,,,LOC-C025-0006,,,1.1
C025,C-ST-05,tier1,C025-M3,C025-M3,,,shock_structure,M_s,3,,,,reported,Incident shock Mach number.,"PDF p.8, Conclusions",text,complete,verified,,PAR-C025-0007,CTX-C025-C025-M3-C025-M3,model_input,incident_shock,laboratory,,,,,,,,LOC-C025-0006,,,1.1
C025,C-ST-05,tier1,C025-M2,C025-M2,,,dimensionless_numbers,We_reported,822,,,,reported,We based on analytic post-shock gas state and initial diameter.,"PDF p.8, Conclusions",text,complete,verified,,PAR-C025-0008,CTX-C025-C025-M2-C025-M2,model_input,post_shock_freestream,,,,,,,DIM-C025-001,,LOC-C025-0006,,,1.1
C025,C-ST-05,tier1,C025-M3,C025-M3,,,dimensionless_numbers,We_reported,3760,,,,reported,We based on analytic post-shock gas state and initial diameter.,"PDF p.8, Conclusions",text,complete,verified,,PAR-C025-0009,CTX-C025-C025-M3-C025-M3,model_input,post_shock_freestream,,,,,,,DIM-C025-002,,LOC-C025-0006,,,1.1
C025,C-ST-05,tier1,ALL,ALL,,,breakup_products,child_droplet_distribution,"bimodal log-normal at tau=2, peaks d/d0 approximately 0.004 and 0.01",,,,reported,Number-weighted PDFs of contiguous-liquid-region Sauter mean diameters.,"PDF p.6, Figs.7-8",text,complete,verified,"Explicit textual peak values, not figure digitization.",PAR-C025-0010,CTX-C025-ALL-ALL,simulated_output,secondary_droplets,,,,,HIST-C025-001,,,,LOC-C025-0004,,,1.1
C025,C-ST-05,tier1,C025-M2,C025-M2,,,phase_change,mass_loss_fraction,61,%,,,reported,Fraction of initial liquid mass transferred into droplets below 5 um at stated tau; no evaporation modeled.,"PDF p.8, Conclusions",text,complete,verified,,PAR-C025-0011,CTX-C025-C025-M2-C025-M2,simulated_output,atomization_degree,,,,,HIST-C025-001,,,,LOC-C025-0006,,,1.1
C025,C-ST-05,tier1,C025-M3,C025-M3,,,phase_change,mass_loss_fraction,71,%,,,reported,Fraction of initial liquid mass transferred into droplets below 5 um at stated tau; no evaporation modeled.,"PDF p.8, Conclusions",text,complete,verified,,PAR-C025-0012,CTX-C025-C025-M3-C025-M3,simulated_output,atomization_degree,,,,,HIST-C025-002,,,,LOC-C025-0006,,,1.1
C035,C-MD-03,tier1,ALL,ALL,,,study_context,study_type,experimental,,,,reported,Shock-tube tandem-droplet shadowgraph experiment.,"PDF pp.3-4, Section II, Figs.1-3",text,complete,verified,Primary experiment.,PAR-C035-0001,CTX-C035-ALL-ALL,classification,tandem_droplet,,,,,,,,,LOC-C035-0002,,,1.1
C035,C-MD-03,tier1,ALL,ALL,,,droplet_initial,droplet_diameter_initial,approximately 2,mm,,,reported,Equivalent initial diameter of each water droplet.,"PDF p.4, Table I, Eqs. (3)-(4)",text,complete,verified,Approximate source value.,PAR-C035-0002,CTX-C035-ALL-ALL,measured_input,tandem_droplet,,,,,,,,,LOC-C035-0003,,,1.1
C035,C-MD-03,tier1,ALL,ALL,,,spray_initial,S_over_D,1.2-10.5; seven values per flow condition,,,,reported,"S=s/d0, on-center streamwise separation normalized by initial diameter.","PDF p.4, Table I, Eqs. (3)-(4)",text,complete,verified,Exact per-case values are figure/matrix based and not digitized.,PAR-C035-0003,CTX-C035-ALL-ALL,experimental_control,tandem_streamwise,laboratory,,,,,,,,LOC-C035-0003,,,1.1
C035,C-MD-03,tier1,C035-W13,C035-W13,,,dimensionless_numbers,We_reported,13,,,,reported,We=rho_g ug^2 d0/sigma using simulated post-shock gas density and velocity.,"PDF p.4, Table I, Eqs. (3)-(4)",table,complete,verified,,PAR-C035-0004,CTX-C035-C035-W13-C035-W13,experimental_control,post_shock_freestream,,,,,,,,,LOC-C035-0003,,,1.1
C035,C-MD-03,tier1,C035-W24,C035-W24,,,dimensionless_numbers,We_reported,24,,,,reported,We=rho_g ug^2 d0/sigma using simulated post-shock gas density and velocity.,"PDF p.4, Table I, Eqs. (3)-(4)",table,complete,verified,,PAR-C035-0005,CTX-C035-C035-W24-C035-W24,experimental_control,post_shock_freestream,,,,,,,,,LOC-C035-0003,,,1.1
C035,C-MD-03,tier1,C035-W70,C035-W70,,,dimensionless_numbers,We_reported,70,,,,reported,We=rho_g ug^2 d0/sigma using simulated post-shock gas density and velocity.,"PDF p.4, Table I, Eqs. (3)-(4)",table,complete,verified,,PAR-C035-0006,CTX-C035-C035-W70-C035-W70,experimental_control,post_shock_freestream,,,,,,,,,LOC-C035-0003,,,1.1
C035,C-MD-03,tier1,C035-W180,C035-W180,,,dimensionless_numbers,We_reported,180,,,,reported,We=rho_g ug^2 d0/sigma using simulated post-shock gas density and velocity.,"PDF p.4, Table I, Eqs. (3)-(4)",table,complete,verified,,PAR-C035-0007,CTX-C035-C035-W180-C035-W180,experimental_control,post_shock_freestream,,,,,,,,,LOC-C035-0003,,,1.1
C035,C-MD-03,tier1,C035-W13,C035-W13,,,dimensionless_numbers,Re_reported,2500,,,,reported,Re_infinity=rho_g ug d0/mu_g.,"PDF p.4, Table I, Eqs. (3)-(4)",table,complete,verified,,PAR-C035-0008,CTX-C035-C035-W13-C035-W13,experimental_control,post_shock_freestream,,,,,,,,,LOC-C035-0003,,,1.1
C035,C-MD-03,tier1,C035-W24,C035-W24,,,dimensionless_numbers,Re_reported,3400,,,,reported,Re_infinity=rho_g ug d0/mu_g.,"PDF p.4, Table I, Eqs. (3)-(4)",table,complete,verified,,PAR-C035-0009,CTX-C035-C035-W24-C035-W24,experimental_control,post_shock_freestream,,,,,,,,,LOC-C035-0003,,,1.1
C035,C-MD-03,tier1,C035-W70,C035-W70,,,dimensionless_numbers,Re_reported,6100,,,,reported,Re_infinity=rho_g ug d0/mu_g.,"PDF p.4, Table I, Eqs. (3)-(4)",table,complete,verified,,PAR-C035-0010,CTX-C035-C035-W70-C035-W70,experimental_control,post_shock_freestream,,,,,,,,,LOC-C035-0003,,,1.1
C035,C-MD-03,tier1,C035-W180,C035-W180,,,dimensionless_numbers,Re_reported,10000,,,,reported,Re_infinity=rho_g ug d0/mu_g.,"PDF p.4, Table I, Eqs. (3)-(4)",table,complete,verified,,PAR-C035-0011,CTX-C035-C035-W180-C035-W180,experimental_control,post_shock_freestream,,,,,,,,,LOC-C035-0003,,,1.1
C035,C-MD-03,tier1,C035-W13,C035-W13,,,dimensionless_numbers,Oh_reported,0.0024,,,,reported,Oh=mu_d/sqrt(rho_d d0 sigma).,"PDF p.4, Table I, Eqs. (3)-(4)",table,complete,verified,,PAR-C035-0012,CTX-C035-C035-W13-C035-W13,measured_input,water_droplet,,,,,,,,,LOC-C035-0003,,,1.1
C035,C-MD-03,tier1,C035-W24,C035-W24,,,dimensionless_numbers,Oh_reported,0.0024,,,,reported,Oh=mu_d/sqrt(rho_d d0 sigma).,"PDF p.4, Table I, Eqs. (3)-(4)",table,complete,verified,,PAR-C035-0013,CTX-C035-C035-W24-C035-W24,measured_input,water_droplet,,,,,,,,,LOC-C035-0003,,,1.1
C035,C-MD-03,tier1,C035-W70,C035-W70,,,dimensionless_numbers,Oh_reported,0.0023,,,,reported,Oh=mu_d/sqrt(rho_d d0 sigma).,"PDF p.4, Table I, Eqs. (3)-(4)",table,complete,verified,,PAR-C035-0014,CTX-C035-C035-W70-C035-W70,measured_input,water_droplet,,,,,,,,,LOC-C035-0003,,,1.1
C035,C-MD-03,tier1,C035-W180,C035-W180,,,dimensionless_numbers,Oh_reported,0.0024,,,,reported,Oh=mu_d/sqrt(rho_d d0 sigma).,"PDF p.4, Table I, Eqs. (3)-(4)",table,complete,verified,,PAR-C035-0015,CTX-C035-C035-W180-C035-W180,measured_input,water_droplet,,,,,,,,,LOC-C035-0003,,,1.1
C035,C-MD-03,tier1,C035-W13,C035-W13,,,droplet_response,breakup_regime,bag breakup,,,,reported,Lead/isolated-droplet morphology for the flow condition.,"PDF p.4, Table I, Eqs. (3)-(4)",table,complete,verified,,PAR-C035-0016,CTX-C035-C035-W13-C035-W13,classification,lead_droplet,,,,,,,,,LOC-C035-0003,,,1.1
C035,C-MD-03,tier1,C035-W24,C035-W24,,,droplet_response,breakup_regime,bag and stamen,,,,reported,Lead/isolated-droplet morphology for the flow condition.,"PDF p.4, Table I, Eqs. (3)-(4)",table,complete,verified,,PAR-C035-0017,CTX-C035-C035-W24-C035-W24,classification,lead_droplet,,,,,,,,,LOC-C035-0003,,,1.1
C035,C-MD-03,tier1,C035-W70,C035-W70,,,droplet_response,breakup_regime,multibag breakup,,,,reported,Lead/isolated-droplet morphology for the flow condition.,"PDF p.4, Table I, Eqs. (3)-(4)",table,complete,verified,,PAR-C035-0018,CTX-C035-C035-W70-C035-W70,classification,lead_droplet,,,,,,,,,LOC-C035-0003,,,1.1
C035,C-MD-03,tier1,C035-W180,C035-W180,,,droplet_response,breakup_regime,shear stripping,,,,reported,Lead/isolated-droplet morphology for the flow condition.,"PDF p.4, Table I, Eqs. (3)-(4)",table,complete,verified,,PAR-C035-0019,CTX-C035-C035-W180-C035-W180,classification,lead_droplet,,,,,,,,,LOC-C035-0003,,,1.1
C035,C-MD-03,tier1,C035-W13,C035-W13,,,droplet_response,deformation_time,1.19,T,,,reported,Lead-droplet nondimensional time of minimum streamwise diameter/initial-deformation end.,"PDF p.10, Table II, Eqs. (5)-(6)",table,complete,verified,,PAR-C035-0020,CTX-C035-C035-W13-C035-W13,measured_output,lead_droplet,,,,,,,,,LOC-C035-0005,,,1.1
C035,C-MD-03,tier1,C035-W24,C035-W24,,,droplet_response,deformation_time,1.08,T,,,reported,Lead-droplet nondimensional time of minimum streamwise diameter/initial-deformation end.,"PDF p.10, Table II, Eqs. (5)-(6)",table,complete,verified,,PAR-C035-0021,CTX-C035-C035-W24-C035-W24,measured_output,lead_droplet,,,,,,,,,LOC-C035-0005,,,1.1
C035,C-MD-03,tier1,C035-W70,C035-W70,,,droplet_response,deformation_time,0.83,T,,,reported,Lead-droplet nondimensional time of minimum streamwise diameter/initial-deformation end.,"PDF p.10, Table II, Eqs. (5)-(6)",table,complete,verified,,PAR-C035-0022,CTX-C035-C035-W70-C035-W70,measured_output,lead_droplet,,,,,,,,,LOC-C035-0005,,,1.1
C035,C-MD-03,tier1,C035-W180,C035-W180,,,droplet_response,deformation_time,0.71,T,,,reported,Lead-droplet nondimensional time of minimum streamwise diameter/initial-deformation end.,"PDF p.10, Table II, Eqs. (5)-(6)",table,complete,verified,,PAR-C035-0023,CTX-C035-C035-W180-C035-W180,measured_output,lead_droplet,,,,,,,,,LOC-C035-0005,,,1.1
C035,C-MD-03,tier1,ALL,ALL,,,spray_initial,S_over_D,critical spacing decreases from 10.8 at We=13 to 5.4 at We=180,,,,reported,Boundary below which tandem interaction must be considered.,"PDF p.5, Fig.4",text,complete,verified,Two explicit endpoint values; intermediate curve not digitized.,PAR-C035-0024,CTX-C035-ALL-ALL,measured_output,interaction_threshold,,,,,,,,,LOC-C035-0004,,,1.1
D018,D-DW-03,tier1,ALL,ALL,,,study_context,study_type,experimental,,,,reported,Detonation-tube droplet-breakup experiment.,"PDF p.1, Abstract",text,complete,verified,Primary experiment.,PAR-D018-0001,CTX-D018-ALL-ALL,classification,detonation_droplet,,,,,,,,,LOC-D018-0001,,,1.1
D018,D-DW-03,tier1,D018-A,ALL,,,droplet_initial,surface_tension,0.0728,N/m,,,reported,Water surface tension used in Table 1.,"PDF p.3, Table 1",table,complete,verified,Reported table caption.,PAR-D018-0002,CTX-D018-D018-A-ALL,material_property,water_droplet,,,,,,,,,LOC-D018-0003,,,1.1
D018,D-DW-03,tier1,D018-B,ALL,,,droplet_initial,surface_tension,0.0245,N/m,,,reported,RP-3 surface tension used in Table 1.,"PDF p.3, Table 1",table,complete,verified,Reported table caption.,PAR-D018-0003,CTX-D018-D018-B-ALL,material_property,RP3_droplet,,,,,,,,,LOC-D018-0003,,,1.1
D018,D-DW-03,tier1,D018-A,A1,,,rde_detonation,detonation_wave_Mach,6.03,,,,reported,Measured detonation speed divided by reactant sound speed; laboratory frame.,"PDF p.3, Table 1",table,complete,verified,,PAR-D018-0004,CTX-D018-D018-A-A1,measured_input,detonation_front,laboratory,,,,,,,,LOC-D018-0003,,,1.1
D018,D-DW-03,tier1,D018-A,A2,,,rde_detonation,detonation_wave_Mach,6.74,,,,reported,Measured detonation speed divided by reactant sound speed; laboratory frame.,"PDF p.3, Table 1",table,complete,verified,,PAR-D018-0005,CTX-D018-D018-A-A2,measured_input,detonation_front,laboratory,,,,,,,,LOC-D018-0003,,,1.1
D018,D-DW-03,tier1,D018-A,A3,,,rde_detonation,detonation_wave_Mach,7.03,,,,reported,Measured detonation speed divided by reactant sound speed; laboratory frame.,"PDF p.3, Table 1",table,complete,verified,,PAR-D018-0006,CTX-D018-D018-A-A3,measured_input,detonation_front,laboratory,,,,,,,,LOC-D018-0003,,,1.1
D018,D-DW-03,tier1,D018-A,A4,,,rde_detonation,detonation_wave_Mach,6.99,,,,reported,Measured detonation speed divided by reactant sound speed; laboratory frame.,"PDF p.3, Table 1",table,complete,verified,,PAR-D018-0007,CTX-D018-D018-A-A4,measured_input,detonation_front,laboratory,,,,,,,,LOC-D018-0003,,,1.1
D018,D-DW-03,tier1,D018-A,A5,,,rde_detonation,detonation_wave_Mach,6.74,,,,reported,Measured detonation speed divided by reactant sound speed; laboratory frame.,"PDF p.3, Table 1",table,complete,verified,,PAR-D018-0008,CTX-D018-D018-A-A5,measured_input,detonation_front,laboratory,,,,,,,,LOC-D018-0003,,,1.1
D018,D-DW-03,tier1,D018-A,A6,,,rde_detonation,detonation_wave_Mach,6.50,,,,reported,Measured detonation speed divided by reactant sound speed; laboratory frame.,"PDF p.3, Table 1",table,complete,verified,,PAR-D018-0009,CTX-D018-D018-A-A6,measured_input,detonation_front,laboratory,,,,,,,,LOC-D018-0003,,,1.1
D018,D-DW-03,tier1,D018-B,B1,,,rde_detonation,detonation_wave_Mach,6.60,,,,reported,Measured detonation speed divided by reactant sound speed; laboratory frame.,"PDF p.3, Table 1",table,complete,verified,,PAR-D018-0010,CTX-D018-D018-B-B1,measured_input,detonation_front,laboratory,,,,,,,,LOC-D018-0003,,,1.1
D018,D-DW-03,tier1,D018-B,B2,,,rde_detonation,detonation_wave_Mach,6.03,,,,reported,Measured detonation speed divided by reactant sound speed; laboratory frame.,"PDF p.3, Table 1",table,complete,verified,,PAR-D018-0011,CTX-D018-D018-B-B2,measured_input,detonation_front,laboratory,,,,,,,,LOC-D018-0003,,,1.1
D018,D-DW-03,tier1,D018-B,B3,,,rde_detonation,detonation_wave_Mach,6.03,,,,reported,Measured detonation speed divided by reactant sound speed; laboratory frame.,"PDF p.3, Table 1",table,complete,verified,,PAR-D018-0012,CTX-D018-D018-B-B3,measured_input,detonation_front,laboratory,,,,,,,,LOC-D018-0003,,,1.1
D018,D-DW-03,tier1,D018-B,B4,,,rde_detonation,detonation_wave_Mach,7.07,,,,reported,Measured detonation speed divided by reactant sound speed; laboratory frame.,"PDF p.3, Table 1",table,complete,verified,,PAR-D018-0013,CTX-D018-D018-B-B4,measured_input,detonation_front,laboratory,,,,,,,,LOC-D018-0003,,,1.1
D018,D-DW-03,tier1,D018-B,B5,,,rde_detonation,detonation_wave_Mach,6.29,,,,reported,Measured detonation speed divided by reactant sound speed; laboratory frame.,"PDF p.3, Table 1",table,complete,verified,,PAR-D018-0014,CTX-D018-D018-B-B5,measured_input,detonation_front,laboratory,,,,,,,,LOC-D018-0003,,,1.1
D018,D-DW-03,tier1,D018-B,B6,,,rde_detonation,detonation_wave_Mach,6.88,,,,reported,Measured detonation speed divided by reactant sound speed; laboratory frame.,"PDF p.3, Table 1",table,complete,verified,,PAR-D018-0015,CTX-D018-D018-B-B6,measured_input,detonation_front,laboratory,,,,,,,,LOC-D018-0003,,,1.1
D018,D-DW-03,tier1,D018-B,B7,,,rde_detonation,detonation_wave_Mach,7.07,,,,reported,Measured detonation speed divided by reactant sound speed; laboratory frame.,"PDF p.3, Table 1",table,complete,verified,,PAR-D018-0016,CTX-D018-D018-B-B7,measured_input,detonation_front,laboratory,,,,,,,,LOC-D018-0003,,,1.1
D018,D-DW-03,tier1,D018-B,B8,,,rde_detonation,detonation_wave_Mach,6.03,,,,reported,Measured detonation speed divided by reactant sound speed; laboratory frame.,"PDF p.3, Table 1",table,complete,verified,,PAR-D018-0017,CTX-D018-D018-B-B8,measured_input,detonation_front,laboratory,,,,,,,,LOC-D018-0003,,,1.1
D018,D-DW-03,tier1,D018-B,B9,,,rde_detonation,detonation_wave_Mach,6.88,,,,reported,Measured detonation speed divided by reactant sound speed; laboratory frame.,"PDF p.3, Table 1",table,complete,verified,,PAR-D018-0018,CTX-D018-D018-B-B9,measured_input,detonation_front,laboratory,,,,,,,,LOC-D018-0003,,,1.1
D018,D-DW-03,tier1,D018-A,A1,,,droplet_initial,droplet_diameter_initial,0.25,mm,,,reported,Initial droplet diameter.,"PDF p.3, Table 1",table,complete,verified,,PAR-D018-0019,CTX-D018-D018-A-A1,measured_input,single_droplet,,,,,,,,,LOC-D018-0003,,,1.1
D018,D-DW-03,tier1,D018-A,A2,,,droplet_initial,droplet_diameter_initial,0.73,mm,,,reported,Initial droplet diameter.,"PDF p.3, Table 1",table,complete,verified,,PAR-D018-0020,CTX-D018-D018-A-A2,measured_input,single_droplet,,,,,,,,,LOC-D018-0003,,,1.1
D018,D-DW-03,tier1,D018-A,A3,,,droplet_initial,droplet_diameter_initial,0.80,mm,,,reported,Initial droplet diameter.,"PDF p.3, Table 1",table,complete,verified,,PAR-D018-0021,CTX-D018-D018-A-A3,measured_input,single_droplet,,,,,,,,,LOC-D018-0003,,,1.1
D018,D-DW-03,tier1,D018-A,A4,,,droplet_initial,droplet_diameter_initial,0.80,mm,,,reported,Initial droplet diameter.,"PDF p.3, Table 1",table,complete,verified,,PAR-D018-0022,CTX-D018-D018-A-A4,measured_input,single_droplet,,,,,,,,,LOC-D018-0003,,,1.1
D018,D-DW-03,tier1,D018-A,A5,,,droplet_initial,droplet_diameter_initial,0.93,mm,,,reported,Initial droplet diameter.,"PDF p.3, Table 1",table,complete,verified,,PAR-D018-0023,CTX-D018-D018-A-A5,measured_input,single_droplet,,,,,,,,,LOC-D018-0003,,,1.1
D018,D-DW-03,tier1,D018-A,A6,,,droplet_initial,droplet_diameter_initial,1.20,mm,,,reported,Initial droplet diameter.,"PDF p.3, Table 1",table,complete,verified,,PAR-D018-0024,CTX-D018-D018-A-A6,measured_input,single_droplet,,,,,,,,,LOC-D018-0003,,,1.1
D018,D-DW-03,tier1,D018-B,B1,,,droplet_initial,droplet_diameter_initial,0.27,mm,,,reported,Initial droplet diameter.,"PDF p.3, Table 1",table,complete,verified,,PAR-D018-0025,CTX-D018-D018-B-B1,measured_input,single_droplet,,,,,,,,,LOC-D018-0003,,,1.1
D018,D-DW-03,tier1,D018-B,B2,,,droplet_initial,droplet_diameter_initial,0.53,mm,,,reported,Initial droplet diameter.,"PDF p.3, Table 1",table,complete,verified,,PAR-D018-0026,CTX-D018-D018-B-B2,measured_input,single_droplet,,,,,,,,,LOC-D018-0003,,,1.1
D018,D-DW-03,tier1,D018-B,B3,,,droplet_initial,droplet_diameter_initial,0.53,mm,,,reported,Initial droplet diameter.,"PDF p.3, Table 1",table,complete,verified,,PAR-D018-0027,CTX-D018-D018-B-B3,measured_input,single_droplet,,,,,,,,,LOC-D018-0003,,,1.1
D018,D-DW-03,tier1,D018-B,B4,,,droplet_initial,droplet_diameter_initial,0.53,mm,,,reported,Initial droplet diameter.,"PDF p.3, Table 1",table,complete,verified,,PAR-D018-0028,CTX-D018-D018-B-B4,measured_input,single_droplet,,,,,,,,,LOC-D018-0003,,,1.1
D018,D-DW-03,tier1,D018-B,B5,,,droplet_initial,droplet_diameter_initial,0.60,mm,,,reported,Initial droplet diameter.,"PDF p.3, Table 1",table,complete,verified,,PAR-D018-0029,CTX-D018-D018-B-B5,measured_input,single_droplet,,,,,,,,,LOC-D018-0003,,,1.1
D018,D-DW-03,tier1,D018-B,B6,,,droplet_initial,droplet_diameter_initial,0.67,mm,,,reported,Initial droplet diameter.,"PDF p.3, Table 1",table,complete,verified,,PAR-D018-0030,CTX-D018-D018-B-B6,measured_input,single_droplet,,,,,,,,,LOC-D018-0003,,,1.1
D018,D-DW-03,tier1,D018-B,B7,,,droplet_initial,droplet_diameter_initial,0.73,mm,,,reported,Initial droplet diameter.,"PDF p.3, Table 1",table,complete,verified,,PAR-D018-0031,CTX-D018-D018-B-B7,measured_input,single_droplet,,,,,,,,,LOC-D018-0003,,,1.1
D018,D-DW-03,tier1,D018-B,B8,,,droplet_initial,droplet_diameter_initial,1.20,mm,,,reported,Initial droplet diameter.,"PDF p.3, Table 1",table,complete,verified,,PAR-D018-0032,CTX-D018-D018-B-B8,measured_input,single_droplet,,,,,,,,,LOC-D018-0003,,,1.1
D018,D-DW-03,tier1,D018-B,B9,,,droplet_initial,droplet_diameter_initial,1.27,mm,,,reported,Initial droplet diameter.,"PDF p.3, Table 1",table,complete,verified,,PAR-D018-0033,CTX-D018-D018-B-B9,measured_input,single_droplet,,,,,,,,,LOC-D018-0003,,,1.1
D018,D-DW-03,tier1,ALL,Ma6.03,,,shock_structure,post_shock_velocity,1407.99,m/s,,,reported,Representative post-detonation velocity averaged between induction-zone and CJ states.,"PDF p.3, Table 1",table,complete,verified,,PAR-D018-0034,CTX-D018-ALL-Ma6.03,model_input,post_detonation_average,laboratory,,,,,,,,LOC-D018-0003,,,1.1
D018,D-DW-03,tier1,ALL,Ma6.29,,,shock_structure,post_shock_velocity,1445.98,m/s,,,reported,Representative post-detonation velocity averaged between induction-zone and CJ states.,"PDF p.3, Table 1",table,complete,verified,,PAR-D018-0035,CTX-D018-ALL-Ma6.29,model_input,post_detonation_average,laboratory,,,,,,,,LOC-D018-0003,,,1.1
D018,D-DW-03,tier1,ALL,Ma6.50,,,shock_structure,post_shock_velocity,1477.62,m/s,,,reported,Representative post-detonation velocity averaged between induction-zone and CJ states.,"PDF p.3, Table 1",table,complete,verified,,PAR-D018-0036,CTX-D018-ALL-Ma6.50,model_input,post_detonation_average,laboratory,,,,,,,,LOC-D018-0003,,,1.1
D018,D-DW-03,tier1,ALL,Ma6.60,,,shock_structure,post_shock_velocity,1492.20,m/s,,,reported,Representative post-detonation velocity averaged between induction-zone and CJ states.,"PDF p.3, Table 1",table,complete,verified,,PAR-D018-0037,CTX-D018-ALL-Ma6.60,model_input,post_detonation_average,laboratory,,,,,,,,LOC-D018-0003,,,1.1
D018,D-DW-03,tier1,ALL,Ma6.74,,,shock_structure,post_shock_velocity,1512.13,m/s,,,reported,Representative post-detonation velocity averaged between induction-zone and CJ states.,"PDF p.3, Table 1",table,complete,verified,,PAR-D018-0038,CTX-D018-ALL-Ma6.74,model_input,post_detonation_average,laboratory,,,,,,,,LOC-D018-0003,,,1.1
D018,D-DW-03,tier1,ALL,Ma6.88,,,shock_structure,post_shock_velocity,1532.56,m/s,,,reported,Representative post-detonation velocity averaged between induction-zone and CJ states.,"PDF p.3, Table 1",table,complete,verified,,PAR-D018-0039,CTX-D018-ALL-Ma6.88,model_input,post_detonation_average,laboratory,,,,,,,,LOC-D018-0003,,,1.1
D018,D-DW-03,tier1,ALL,Ma6.99,,,shock_structure,post_shock_velocity,1549.18,m/s,,,reported,Representative post-detonation velocity averaged between induction-zone and CJ states.,"PDF p.3, Table 1",table,complete,verified,,PAR-D018-0040,CTX-D018-ALL-Ma6.99,model_input,post_detonation_average,laboratory,,,,,,,,LOC-D018-0003,,,1.1
D018,D-DW-03,tier1,ALL,Ma7.03,,,shock_structure,post_shock_velocity,1555.59,m/s,,,reported,Representative post-detonation velocity averaged between induction-zone and CJ states.,"PDF p.3, Table 1",table,complete,verified,,PAR-D018-0041,CTX-D018-ALL-Ma7.03,model_input,post_detonation_average,laboratory,,,,,,,,LOC-D018-0003,,,1.1
D018,D-DW-03,tier1,ALL,Ma7.07,,,shock_structure,post_shock_velocity,1558.89,m/s,,,reported,Representative post-detonation velocity averaged between induction-zone and CJ states.,"PDF p.3, Table 1",table,complete,verified,,PAR-D018-0042,CTX-D018-ALL-Ma7.07,model_input,post_detonation_average,laboratory,,,,,,,,LOC-D018-0003,,,1.1
D018,D-DW-03,tier1,D018-A,A1,,,dimensionless_numbers,We_reported,30990,,,,reported,We=rho_g ug^2 d0/sigma using the paper's averaged post-detonation state.,"PDF p.3, Table 1",table,complete,verified,,PAR-D018-0043,CTX-D018-D018-A-A1,measured_input,post_detonation_average,,,,,,,,,LOC-D018-0003,,,1.1
D018,D-DW-03,tier1,D018-A,A2,,,dimensionless_numbers,We_reported,106499,,,,reported,We=rho_g ug^2 d0/sigma using the paper's averaged post-detonation state.,"PDF p.3, Table 1",table,complete,verified,,PAR-D018-0044,CTX-D018-D018-A-A2,measured_input,post_detonation_average,,,,,,,,,LOC-D018-0003,,,1.1
D018,D-DW-03,tier1,D018-A,A3,,,dimensionless_numbers,We_reported,124364,,,,reported,We=rho_g ug^2 d0/sigma using the paper's averaged post-detonation state.,"PDF p.3, Table 1",table,complete,verified,,PAR-D018-0045,CTX-D018-D018-A-A3,measured_input,post_detonation_average,,,,,,,,,LOC-D018-0003,,,1.1
D018,D-DW-03,tier1,D018-A,A4,,,dimensionless_numbers,We_reported,123224,,,,reported,We=rho_g ug^2 d0/sigma using the paper's averaged post-detonation state.,"PDF p.3, Table 1",table,complete,verified,,PAR-D018-0046,CTX-D018-D018-A-A4,measured_input,post_detonation_average,,,,,,,,,LOC-D018-0003,,,1.1
D018,D-DW-03,tier1,D018-A,A5,,,dimensionless_numbers,We_reported,135676,,,,reported,We=rho_g ug^2 d0/sigma using the paper's averaged post-detonation state.,"PDF p.3, Table 1",table,complete,verified,,PAR-D018-0047,CTX-D018-D018-A-A5,measured_input,post_detonation_average,,,,,,,,,LOC-D018-0003,,,1.1
D018,D-DW-03,tier1,D018-A,A6,,,dimensionless_numbers,We_reported,166160,,,,reported,We=rho_g ug^2 d0/sigma using the paper's averaged post-detonation state.,"PDF p.3, Table 1",table,complete,verified,,PAR-D018-0048,CTX-D018-D018-A-A6,measured_input,post_detonation_average,,,,,,,,,LOC-D018-0003,,,1.1
D018,D-DW-03,tier1,D018-B,B1,,,dimensionless_numbers,We_reported,95767,,,,reported,We=rho_g ug^2 d0/sigma using the paper's averaged post-detonation state.,"PDF p.3, Table 1",table,complete,verified,,PAR-D018-0049,CTX-D018-D018-B-B1,measured_input,post_detonation_average,,,,,,,,,LOC-D018-0003,,,1.1
D018,D-DW-03,tier1,D018-B,B2,,,dimensionless_numbers,We_reported,195219,,,,reported,We=rho_g ug^2 d0/sigma using the paper's averaged post-detonation state.,"PDF p.3, Table 1",table,complete,verified,,PAR-D018-0050,CTX-D018-D018-B-B2,measured_input,post_detonation_average,,,,,,,,,LOC-D018-0003,,,1.1
D018,D-DW-03,tier1,D018-B,B3,,,dimensionless_numbers,We_reported,195219,,,,reported,We=rho_g ug^2 d0/sigma using the paper's averaged post-detonation state.,"PDF p.3, Table 1",table,complete,verified,,PAR-D018-0051,CTX-D018-D018-B-B3,measured_input,post_detonation_average,,,,,,,,,LOC-D018-0003,,,1.1
D018,D-DW-03,tier1,D018-B,B4,,,dimensionless_numbers,We_reported,245976,,,,reported,We=rho_g ug^2 d0/sigma using the paper's averaged post-detonation state.,"PDF p.3, Table 1",table,complete,verified,,PAR-D018-0052,CTX-D018-D018-B-B4,measured_input,post_detonation_average,,,,,,,,,LOC-D018-0003,,,1.1
D018,D-DW-03,tier1,D018-B,B5,,,dimensionless_numbers,We_reported,234977,,,,reported,We=rho_g ug^2 d0/sigma using the paper's averaged post-detonation state.,"PDF p.3, Table 1",table,complete,verified,,PAR-D018-0053,CTX-D018-D018-B-B5,measured_input,post_detonation_average,,,,,,,,,LOC-D018-0003,,,1.1
D018,D-DW-03,tier1,D018-B,B6,,,dimensionless_numbers,We_reported,299336,,,,reported,We=rho_g ug^2 d0/sigma using the paper's averaged post-detonation state.,"PDF p.3, Table 1",table,complete,verified,,PAR-D018-0054,CTX-D018-D018-B-B6,measured_input,post_detonation_average,,,,,,,,,LOC-D018-0003,,,1.1
D018,D-DW-03,tier1,D018-B,B7,,,dimensionless_numbers,We_reported,339992,,,,reported,We=rho_g ug^2 d0/sigma using the paper's averaged post-detonation state.,"PDF p.3, Table 1",table,complete,verified,,PAR-D018-0055,CTX-D018-D018-B-B7,measured_input,post_detonation_average,,,,,,,,,LOC-D018-0003,,,1.1
D018,D-DW-03,tier1,D018-B,B8,,,dimensionless_numbers,We_reported,442005,,,,reported,We=rho_g ug^2 d0/sigma using the paper's averaged post-detonation state.,"PDF p.3, Table 1",table,complete,verified,,PAR-D018-0056,CTX-D018-D018-B-B8,measured_input,post_detonation_average,,,,,,,,,LOC-D018-0003,,,1.1
D018,D-DW-03,tier1,D018-B,B9,,,dimensionless_numbers,We_reported,567398,,,,reported,We=rho_g ug^2 d0/sigma using the paper's averaged post-detonation state.,"PDF p.3, Table 1",table,complete,verified,,PAR-D018-0057,CTX-D018-D018-B-B9,measured_input,post_detonation_average,,,,,,,,,LOC-D018-0003,,,1.1
D018,D-DW-03,tier1,D018-A,A1,,,dimensionless_numbers,Oh_reported,0.0075,,,,reported,Oh=mu_l/sqrt(rho_l sigma d0).,"PDF p.3, Table 1",table,complete,verified,,PAR-D018-0058,CTX-D018-D018-A-A1,measured_input,liquid_droplet,,,,,,,,,LOC-D018-0003,,,1.1
D018,D-DW-03,tier1,D018-A,A2,,,dimensionless_numbers,Oh_reported,0.0044,,,,reported,Oh=mu_l/sqrt(rho_l sigma d0).,"PDF p.3, Table 1",table,complete,verified,,PAR-D018-0059,CTX-D018-D018-A-A2,measured_input,liquid_droplet,,,,,,,,,LOC-D018-0003,,,1.1
D018,D-DW-03,tier1,D018-A,A3,,,dimensionless_numbers,Oh_reported,0.0042,,,,reported,Oh=mu_l/sqrt(rho_l sigma d0).,"PDF p.3, Table 1",table,complete,verified,,PAR-D018-0060,CTX-D018-D018-A-A3,measured_input,liquid_droplet,,,,,,,,,LOC-D018-0003,,,1.1
D018,D-DW-03,tier1,D018-A,A4,,,dimensionless_numbers,Oh_reported,0.0042,,,,reported,Oh=mu_l/sqrt(rho_l sigma d0).,"PDF p.3, Table 1",table,complete,verified,,PAR-D018-0061,CTX-D018-D018-A-A4,measured_input,liquid_droplet,,,,,,,,,LOC-D018-0003,,,1.1
D018,D-DW-03,tier1,D018-A,A5,,,dimensionless_numbers,Oh_reported,0.0039,,,,reported,Oh=mu_l/sqrt(rho_l sigma d0).,"PDF p.3, Table 1",table,complete,verified,,PAR-D018-0062,CTX-D018-D018-A-A5,measured_input,liquid_droplet,,,,,,,,,LOC-D018-0003,,,1.1
D018,D-DW-03,tier1,D018-A,A6,,,dimensionless_numbers,Oh_reported,0.0041,,,,reported,Oh=mu_l/sqrt(rho_l sigma d0).,"PDF p.3, Table 1",table,complete,verified,,PAR-D018-0063,CTX-D018-D018-A-A6,measured_input,liquid_droplet,,,,,,,,,LOC-D018-0003,,,1.1
D018,D-DW-03,tier1,D018-B,B1,,,dimensionless_numbers,Oh_reported,0.0223,,,,reported,Oh=mu_l/sqrt(rho_l sigma d0).,"PDF p.3, Table 1",table,complete,verified,,PAR-D018-0064,CTX-D018-D018-B-B1,measured_input,liquid_droplet,,,,,,,,,LOC-D018-0003,,,1.1
D018,D-DW-03,tier1,D018-B,B2,,,dimensionless_numbers,Oh_reported,0.0159,,,,reported,Oh=mu_l/sqrt(rho_l sigma d0).,"PDF p.3, Table 1",table,complete,verified,,PAR-D018-0065,CTX-D018-D018-B-B2,measured_input,liquid_droplet,,,,,,,,,LOC-D018-0003,,,1.1
D018,D-DW-03,tier1,D018-B,B3,,,dimensionless_numbers,Oh_reported,0.0159,,,,reported,Oh=mu_l/sqrt(rho_l sigma d0).,"PDF p.3, Table 1",table,complete,verified,,PAR-D018-0066,CTX-D018-D018-B-B3,measured_input,liquid_droplet,,,,,,,,,LOC-D018-0003,,,1.1
D018,D-DW-03,tier1,D018-B,B4,,,dimensionless_numbers,Oh_reported,0.0159,,,,reported,Oh=mu_l/sqrt(rho_l sigma d0).,"PDF p.3, Table 1",table,complete,verified,,PAR-D018-0067,CTX-D018-D018-B-B4,measured_input,liquid_droplet,,,,,,,,,LOC-D018-0003,,,1.1
D018,D-DW-03,tier1,D018-B,B5,,,dimensionless_numbers,Oh_reported,0.0150,,,,reported,Oh=mu_l/sqrt(rho_l sigma d0).,"PDF p.3, Table 1",table,complete,verified,,PAR-D018-0068,CTX-D018-D018-B-B5,measured_input,liquid_droplet,,,,,,,,,LOC-D018-0003,,,1.1
D018,D-DW-03,tier1,D018-B,B6,,,dimensionless_numbers,Oh_reported,0.0142,,,,reported,Oh=mu_l/sqrt(rho_l sigma d0).,"PDF p.3, Table 1",table,complete,verified,,PAR-D018-0069,CTX-D018-D018-B-B6,measured_input,liquid_droplet,,,,,,,,,LOC-D018-0003,,,1.1
D018,D-DW-03,tier1,D018-B,B7,,,dimensionless_numbers,Oh_reported,0.0136,,,,reported,Oh=mu_l/sqrt(rho_l sigma d0).,"PDF p.3, Table 1",table,complete,verified,,PAR-D018-0070,CTX-D018-D018-B-B7,measured_input,liquid_droplet,,,,,,,,,LOC-D018-0003,,,1.1
D018,D-DW-03,tier1,D018-B,B8,,,dimensionless_numbers,Oh_reported,0.0106,,,,reported,Oh=mu_l/sqrt(rho_l sigma d0).,"PDF p.3, Table 1",table,complete,verified,,PAR-D018-0071,CTX-D018-D018-B-B8,measured_input,liquid_droplet,,,,,,,,,LOC-D018-0003,,,1.1
D018,D-DW-03,tier1,D018-B,B9,,,dimensionless_numbers,Oh_reported,0.0103,,,,reported,Oh=mu_l/sqrt(rho_l sigma d0).,"PDF p.3, Table 1",table,complete,verified,,PAR-D018-0072,CTX-D018-D018-B-B9,measured_input,liquid_droplet,,,,,,,,,LOC-D018-0003,,,1.1
D018,D-DW-03,tier1,ALL,ALL,,,droplet_response,maximum_deformation,dc/d0 = 1 + 0.72821 t*,,,,reported,Combined empirical correlation during the KHI-dominated linear-growth stage.,"PDF p.8, Figs.11-12",equation,complete,verified,"Correlation, not a single deformation value.",PAR-D018-0073,CTX-D018-ALL-ALL,reported_correlation,detonation_droplet,,,,,HIST-D018-001,,,,LOC-D018-0006,,,1.1
D018,D-DW-03,tier1,ALL,ALL,,,transport,drag_coefficient,0.23,,,,reported,Average windward drag coefficient inferred by the paper from the displacement correlation.,"PDF pp.9-10, Eq. (8), Figs.13-14",text,complete,verified,Paper-reported result; not agent-derived.,PAR-D018-0074,CTX-D018-ALL-ALL,reported_correlation,detonation_droplet,,,,,,,,,LOC-D018-0007,,,1.1
D018,D-DW-03,tier1,D018-A,ALL,,,droplet_response,breakup_time,10.06,t*,,,reported,Collapsed nondimensional complete-breakup time for water droplets.,"PDF p.10, Section 3.3, Figs.15-16",text,complete,verified,Breakup means no visible coherent liquid core.,PAR-D018-0075,CTX-D018-D018-A-ALL,measured_output,detonation_droplet,,,,,,,,,LOC-D018-0008,,,1.1
D018,D-DW-03,tier1,D018-B,ALL,,,droplet_response,breakup_time,7.90,t*,,,reported,Collapsed nondimensional complete-breakup time for RP-3 droplets.,"PDF p.10, Section 3.3, Figs.15-16",text,complete,verified,Breakup means no visible coherent liquid core.,PAR-D018-0076,CTX-D018-D018-B-ALL,measured_output,detonation_droplet,,,,,,,,,LOC-D018-0008,,,1.1
A026,A-H2-09,tier1,ALL,ALL,,,study_context,study_type,experimental,,,,reported,Optical-engine dual-direct-injection combustion experiment.,"PDF p.1, Abstract",text,complete,verified,Primary experiment.,PAR-A026-0001,CTX-A026-ALL-ALL,classification,H2DDI,,,,,,,,,LOC-A026-0001,,,1.1
A026,A-H2-09,tier1,ALL,ALL,,,injection_conditions,injection_pressure,350,bar,,,reported,"Hydrogen injection pressure, pressure reference not specified.","PDF p.3, Tables 1-2",table,complete,verified,Reported as 35 MPa/350 bar.,PAR-A026-0002,CTX-A026-ALL-ALL,experimental_control,hydrogen_injection,,,,,,,,,LOC-A026-0002,,,1.1
A026,A-H2-09,tier1,ALL,ALL,,,injection_conditions,injection_pressure,750,bar,,,reported,"Diesel common-rail injection pressure, pressure reference not specified.","PDF p.3, Tables 1-2",table,complete,verified,Reported as 75 MPa/750 bar.,PAR-A026-0003,CTX-A026-ALL-ALL,experimental_control,diesel_pilot,,,,,,,,,LOC-A026-0002,,,1.1
A026,A-H2-09,tier1,ALL,ALL,,,injector_nozzle,nozzle_diameter,1,mm,,,reported,Axially drilled single-hole injector-cap diameter for side-mounted hydrogen injection.,"PDF p.3, Tables 1-2",table,complete,verified,Underlying modified injector has six 160 um holes combined with cap.,PAR-A026-0004,CTX-A026-ALL-ALL,experimental_control,hydrogen_injector,,,,,,,,,LOC-A026-0002,,,1.1
A026,A-H2-09,tier1,ALL,ALL,,,dimensionless_numbers,definition,1200 J total fuel energy per cycle,,,,reported,Total cycle fuel-energy input held constant.,"PDF p.3, Tables 1-2",table,complete,verified,No derived fuel masses calculated.,PAR-A026-0005,CTX-A026-ALL-ALL,experimental_control,cycle_energy,,,,,,,,,LOC-A026-0002,,,1.1
A026,A-H2-09,tier1,A026-E95,A026-E95,,,mixing,fuel_concentration,95,% energy,,,reported,Hydrogen share of total cycle fuel energy.,"PDF p.3, Tables 1-2",table,complete,verified,,PAR-A026-0006,CTX-A026-A026-E95-A026-E95,experimental_control,energy_share,,,,,HIST-A026-001,,,,LOC-A026-0002,,,1.1
A026,A-H2-09,tier1,A026-E90,A026-E90,,,mixing,fuel_concentration,90,% energy,,,reported,Hydrogen share of total cycle fuel energy.,"PDF p.3, Tables 1-2",table,complete,verified,,PAR-A026-0007,CTX-A026-A026-E90-A026-E90,experimental_control,energy_share,,,,,HIST-A026-001,,,,LOC-A026-0002,,,1.1
A026,A-H2-09,tier1,A026-E80,A026-E80,,,mixing,fuel_concentration,80,% energy,,,reported,Hydrogen share of total cycle fuel energy.,"PDF p.3, Tables 1-2",table,complete,verified,,PAR-A026-0008,CTX-A026-A026-E80-A026-E80,experimental_control,energy_share,,,,,HIST-A026-001,,,,LOC-A026-0002,,,1.1
A026,A-H2-09,tier1,A026-E70,A026-E70,,,mixing,fuel_concentration,70,% energy,,,reported,Hydrogen share of total cycle fuel energy.,"PDF p.3, Tables 1-2",table,complete,verified,,PAR-A026-0009,CTX-A026-A026-E70-A026-E70,experimental_control,energy_share,,,,,HIST-A026-001,,,,LOC-A026-0002,,,1.1
A026,A-H2-09,tier1,A026-E95,A026-E95,,,injection_conditions,injection_duration,4427,us,,,reported,Hydrogen electronic command duration.,"PDF p.3, Tables 1-2",table,complete,verified,,PAR-A026-0010,CTX-A026-A026-E95-A026-E95,experimental_control,hydrogen_injection,,,,,,,,,LOC-A026-0002,,,1.1
A026,A-H2-09,tier1,A026-E90,A026-E90,,,injection_conditions,injection_duration,4314,us,,,reported,Hydrogen electronic command duration.,"PDF p.3, Tables 1-2",table,complete,verified,,PAR-A026-0011,CTX-A026-A026-E90-A026-E90,experimental_control,hydrogen_injection,,,,,,,,,LOC-A026-0002,,,1.1
A026,A-H2-09,tier1,A026-E80,A026-E80,,,injection_conditions,injection_duration,4087,us,,,reported,Hydrogen electronic command duration.,"PDF p.3, Tables 1-2",table,complete,verified,,PAR-A026-0012,CTX-A026-A026-E80-A026-E80,experimental_control,hydrogen_injection,,,,,,,,,LOC-A026-0002,,,1.1
A026,A-H2-09,tier1,A026-E70,A026-E70,,,injection_conditions,injection_duration,3539,us,,,reported,Hydrogen electronic command duration.,"PDF p.3, Tables 1-2",table,complete,verified,,PAR-A026-0013,CTX-A026-A026-E70-A026-E70,experimental_control,hydrogen_injection,,,,,,,,,LOC-A026-0002,,,1.1
A026,A-H2-09,tier1,A026-E95,A026-E95,,,injection_conditions,injection_duration,231,us,,,reported,Diesel pilot electronic command duration.,"PDF p.3, Tables 1-2",table,complete,verified,,PAR-A026-0014,CTX-A026-A026-E95-A026-E95,experimental_control,diesel_pilot,,,,,,,,,LOC-A026-0002,,,1.1
A026,A-H2-09,tier1,A026-E90,A026-E90,,,injection_conditions,injection_duration,284,us,,,reported,Diesel pilot electronic command duration.,"PDF p.3, Tables 1-2",table,complete,verified,,PAR-A026-0015,CTX-A026-A026-E90-A026-E90,experimental_control,diesel_pilot,,,,,,,,,LOC-A026-0002,,,1.1
A026,A-H2-09,tier1,A026-E80,A026-E80,,,injection_conditions,injection_duration,368,us,,,reported,Diesel pilot electronic command duration.,"PDF p.3, Tables 1-2",table,complete,verified,,PAR-A026-0016,CTX-A026-A026-E80-A026-E80,experimental_control,diesel_pilot,,,,,,,,,LOC-A026-0002,,,1.1
A026,A-H2-09,tier1,A026-E70,A026-E70,,,injection_conditions,injection_duration,438,us,,,reported,Diesel pilot electronic command duration.,"PDF p.3, Tables 1-2",table,complete,verified,,PAR-A026-0017,CTX-A026-A026-E70-A026-E70,experimental_control,diesel_pilot,,,,,,,,,LOC-A026-0002,,,1.1
A026,A-H2-09,tier1,A026-T0,A026-T0,,,ignition_combustion,combustion_phasing,H2 SOI 0 CA bTDC; diesel SOI 6 CA bTDC,CA,,,reported,Electronic injection timing pair at fixed 90/10 energy share.,"PDF p.3, Tables 1-2",table,complete,verified,,PAR-A026-0018,CTX-A026-A026-T0-A026-T0,experimental_control,H2_timing_sweep,,,EVT-A026-006,,HIST-A026-002,,,,LOC-A026-0002,,,1.1
A026,A-H2-09,tier1,A026-T10,A026-T10,,,ignition_combustion,combustion_phasing,H2 SOI 10 CA bTDC; diesel SOI 6 CA bTDC,CA,,,reported,Electronic injection timing pair at fixed 90/10 energy share.,"PDF p.3, Tables 1-2",table,complete,verified,,PAR-A026-0019,CTX-A026-A026-T10-A026-T10,experimental_control,H2_timing_sweep,,,EVT-A026-007,,HIST-A026-002,,,,LOC-A026-0002,,,1.1
A026,A-H2-09,tier1,A026-T20,A026-T20,,,ignition_combustion,combustion_phasing,H2 SOI 20 CA bTDC; diesel SOI 6 CA bTDC,CA,,,reported,Electronic injection timing pair at fixed 90/10 energy share.,"PDF p.3, Tables 1-2",table,complete,verified,,PAR-A026-0020,CTX-A026-A026-T20-A026-T20,experimental_control,H2_timing_sweep,,,EVT-A026-008,,HIST-A026-002,,,,LOC-A026-0002,,,1.1
A026,A-H2-09,tier1,A026-T30,A026-T30,,,ignition_combustion,combustion_phasing,H2 SOI 30 CA bTDC; diesel SOI 6 CA bTDC,CA,,,reported,Electronic injection timing pair at fixed 90/10 energy share.,"PDF p.3, Tables 1-2",table,complete,verified,,PAR-A026-0021,CTX-A026-A026-T30-A026-T30,experimental_control,H2_timing_sweep,,,EVT-A026-009,,HIST-A026-002,,,,LOC-A026-0002,,,1.1
A026,A-H2-09,tier1,ALL,energy_share_sweep,,,ignition_combustion,combustion_mode,premixed flame propagation followed by broadly similar mixing-controlled combustion,,,,reported,Author-observed sequence for the energy-share sweep.,"PDF pp.11-13, Conclusions",text,complete,verified,95H/5D has delayed/decoupled ignition behavior.,PAR-A026-0022,CTX-A026-ALL-energy_share_sweep,measured_output,energy_share_sweep,,,,,HIST-A026-001,,,,LOC-A026-0006,,,1.1
A026,A-H2-09,tier1,ALL,timing_sweep,,,ignition_combustion,combustion_mode,advancing hydrogen injection increases premixed fraction and reduces the mixing-controlled period,,,,reported,Timing-dependent combustion-mode transition.,"PDF pp.11-13, Conclusions",text,complete,verified,Qualitative full-sweep result.,PAR-A026-0023,CTX-A026-ALL-timing_sweep,measured_output,H2_timing_sweep,,,,,HIST-A026-002,,,,LOC-A026-0006,,,1.1
A028,A-R-02,tier1,ALL,ALL,,,study_context,study_type,review,,,,reported,Review of numerical investigations for pilot-ignited HPDI natural-gas engines.,"PDF p.4, review scope",text,complete,verified,Not primary evidence.,PAR-A028-0001,CTX-A028-ALL-ALL,classification,review_secondary,,,,,,,,,LOC-A028-0001,,,1.1
A028,A-R-02,tier1,ALL,ALL,,,numerical_method,solver_type,"analytical penetration models; empirical Mach-disk correlations; RANS/LES/DNS jet CFD; engine turbulence, chemistry and soot models",,,,reported,Review's model-selection framework.,"PDF p.4, review scope",text,complete,verified,Review taxonomy.,PAR-A028-0002,CTX-A028-ALL-ALL,classification,review_secondary,,,,,,,,,LOC-A028-0001,,,1.1
A028,A-R-02,tier1,ALL,ALL,,,shock_structure,mach_disk_distance_over_D,Hm/d = Cm (Rp^a + A)^b; common high-Rp special cases scale with sqrt(Rp),,,,reported,Review-level correlation family for Mach-disk height.,"PDF pp.5-7, Sections 2.1-2.2, Tables 2-3",equation,complete,verified,"Secondary correlation synthesis; applicability depends on nozzle, pressure-ratio definition and gas.",PAR-A028-0003,CTX-A028-ALL-ALL,reported_correlation,review_secondary,,reported_unspecified,,,,,,,LOC-A028-0002,,,1.1
A028,A-R-02,tier1,ALL,ALL,,,jet_global,NPR_definition,Rp is total-pressure ratio; Re is exit-pressure ratio,,,,reported,Review distinguishes two pressure-ratio families used by correlations.,"PDF pp.5-7, Sections 2.1-2.2, Tables 2-3",text,complete,verified,No bare numeric NPR stored.,PAR-A028-0004,CTX-A028-ALL-ALL,classification,review_secondary,,,,,,,,,LOC-A028-0002,,,1.1
A028,A-R-02,tier1,ALL,ALL,,,process_context,model_applicability_note,nozzle geometry and fluid properties limit transfer of Mach-disk correlations; high-fidelity methods trade accuracy for cost,,,,reported,Central applicability limitation identified by review.,"PDF p.15, Section 4",text,complete,verified,"Review gap, not schema gap.",PAR-A028-0005,CTX-A028-ALL-ALL,descriptive_state,review_secondary,,,,,,,,,LOC-A028-0003,,,1.1
A029,A-R-03,tier1,ALL,ALL,,,study_context,study_type,review,,,,reported,Review of dual-fuel dual-direct-injection combustion.,"PDF p.1, Abstract",text,complete,verified,Broad multi-fuel review.,PAR-A029-0001,CTX-A029-ALL-ALL,classification,review_secondary,,,,,,,,,LOC-A029-0001,,,1.1
A029,A-R-03,tier1,ALL,ALL,,,ignition_combustion,combustion_mode,"DFDI independently controls timing, quantity and interval of two fuels to regulate mixture, reactivity and concentration stratification",,,,reported,Review-level DFDI control taxonomy.,"PDF pp.21-22, Section 7",text,complete,verified,No primary performance values claimed.,PAR-A029-0002,CTX-A029-ALL-ALL,classification,review_secondary,,,,,,,,,LOC-A029-0003,,,1.1
A029,A-R-03,tier1,ALL,ALL,,,ignition_combustion,gas_jet_pilot_interaction,"diesel autoignition can ignite hydrogen after jet contact; sequence, interval, ambient oxygen and injector arrangement condition the interaction",,,,reported,Hydrogen-diesel mechanism synthesis.,"PDF pp.13-14, Section 5",text,complete,verified,Cited results remain secondary.,PAR-A029-0003,CTX-A029-ALL-ALL,descriptive_state,review_secondary,,,,,,,,,LOC-A029-0002,,,1.1
A029,A-R-03,tier1,ALL,ALL,,,process_context,model_applicability_note,"future work should address real transient vehicle operation, injector/chamber design, injection optimization, flash boiling and EGR",,,,reported,Review-authored future-work framework.,"PDF pp.21-22, Section 7",text,complete,verified,Candidate knowledge gaps retained per paper only.,PAR-A029-0004,CTX-A029-ALL-ALL,descriptive_state,review_secondary,,,,,,,,,LOC-A029-0003,,,1.1
A030,A-R-04,tier1,ALL,ALL,,,study_context,study_type,review,,,,reported,Focused review of hydrogen-diesel dual-fuel DI combustion.,"PDF p.1, Abstract",text,complete,verified,"Canonical PDF identity verified via source record, author, year and DOI; library_master title is malformed.",PAR-A030-0001,CTX-A030-ALL-ALL,classification,review_secondary,,,,,,,,,LOC-A030-0001,,,1.1
A030,A-R-04,tier1,ALL,ALL,,,ignition_combustion,combustion_mode,earlier hydrogen injection promotes premixed combustion; later injection shifts toward mixing-controlled combustion,,,,reported,Review-level timing/combustion-mode synthesis.,"PDF pp.18-19, Section 5",text,complete,verified,No cited numeric timing treated as primary.,PAR-A030-0002,CTX-A030-ALL-ALL,classification,review_secondary,,,,,,,,,LOC-A030-0005,,,1.1
A030,A-R-04,tier1,ALL,ALL,,,interaction_geometry,jet_overlap_description,relative pilot/main injection duration changes jet momentum balance and entrainment,,,,reported,Qualitative review-level role; no numeric momentum ratio is inferred.,"PDF p.12, Section 3.2, Figs.4-5",text,complete,verified,Schema field used qualitatively; no generated numeric value.,PAR-A030-0003,CTX-A030-ALL-ALL,descriptive_state,review_secondary,,,,,,,,,LOC-A030-0002,,,1.1
A030,A-R-04,tier1,ALL,ALL,,,interaction_geometry,interaction_geometry,diverging; parallel; converging jet-axis arrangements,,,,reported,Review taxonomy of dual-injector jet interaction angles.,"PDF pp.12-13, Section 3.3, Fig.6",text,complete,verified,"Arrangement only, no angle value.",PAR-A030-0004,CTX-A030-ALL-ALL,classification,review_secondary,,,,,,,,,LOC-A030-0003,,,1.1
A030,A-R-04,tier1,ALL,ALL,,,process_context,model_applicability_note,"ambient temperature and oxygen concentration alter ignition delay, mixing time, lift-off behavior and flame stabilization",,,,reported,Ambient-condition synthesis.,"PDF pp.18-19, Section 5",text,complete,verified,Causal strength follows review wording.,PAR-A030-0005,CTX-A030-ALL-ALL,descriptive_state,review_secondary,,,,,,,,,LOC-A030-0005,,,1.1
A030,A-R-04,tier1,ALL,ALL,,,process_context,model_applicability_note,"need broader practical pressure/flow conditions, quantitative multispecies diagnostics, high-fidelity validated models and realistic engine turbulence",,,,reported,Review-authored research-gap framework.,"PDF pp.17-18, Section 4",text,complete,verified,Per-paper candidate gaps only; global knowledge_gaps unchanged.,PAR-A030-0006,CTX-A030-ALL-ALL,descriptive_state,review_secondary,,,,,,,,,LOC-A030-0004,,,1.1
A013,A-NG-13,tier2,CORE,CORE,,,study_context,study_type,experimental,,,,reported,Study type stated or directly established from the paper's method description.,"PDF p.1, Introduction",text,complete,verified,Tier 2 chapter-core extraction; exact supporting sentence retained in definition/notes.,PAR-A013-0001,CTX-A013-CORE-CORE,classification,chapter_core,,,,,,,,,LOC-A013-0001,,,1.1
A013,A-NG-13,tier2,CORE,CORE,,,study_context,application_context,Heat release rate and emissions regimes of stratified pilot-ignited direct-injection natural gas combustion,,,,reported,Paper-specific review context identified by the verified title and abstract.,"PDF p.1, Introduction",text,complete,verified,Tier 2 chapter-core extraction; exact supporting sentence retained in definition/notes.,PAR-A013-0002,CTX-A013-CORE-CORE,classification,chapter_core,,,,,,,,,LOC-A013-0001,,,1.1
A013,A-NG-13,tier2,CORE,CORE,,,ignition_combustion,gas_jet_pilot_interaction,"Regimes of PIDING combustion were identified as domains of RIT (repre- senting NG stratification) where pilot and NG combus- tion AHRR, and emissions behaved consistently with respect to variation of f g, Pinj, and RIT.",,,,reported,"Regimes of PIDING combustion were identified as domains of RIT (repre- senting NG stratification) where pilot and NG combus- tion AHRR, and emissions behaved consistently with respect to variation of f g, Pinj, and RIT.","PDF p.17, Conclusions",text,complete,verified,Tier 2 chapter-core extraction; exact supporting sentence retained in definition/notes.,PAR-A013-0003,CTX-A013-CORE-CORE,measured_output,mixing/ignition,,,,,HIST-A013-001,,,PROC-A013-001,LOC-A013-0002,,,1.1
A014,A-NG-14,tier2,CORE,CORE,,,study_context,study_type,experimental,,,,reported,Study type stated or directly established from the paper's method description.,"PDF p.1, Introduction",text,complete,verified,Tier 2 chapter-core extraction; exact supporting sentence retained in definition/notes.,PAR-A014-0001,CTX-A014-CORE-CORE,classification,chapter_core,,,,,,,,,LOC-A014-0001,,,1.1
A014,A-NG-14,tier2,CORE,CORE,,,study_context,application_context,Optical characterization of stratified-premixed natural gas direct-injection combustion regimes,,,,reported,Paper-specific review context identified by the verified title and abstract.,"PDF p.1, Introduction",text,complete,verified,Tier 2 chapter-core extraction; exact supporting sentence retained in definition/notes.,PAR-A014-0002,CTX-A014-CORE-CORE,classification,chapter_core,,,,,,,,,LOC-A014-0001,,,1.1
A014,A-NG-14,tier2,CORE,CORE,,,ignition_combustion,gas_jet_pilot_interaction,"NG mixture evolution: Regardless of the operating condition or RIT, NG premixing takes place near the piston bowl wall prior to ignition, including operation where the gaseous fuel is injected after the pilot combustion.",,,,reported,"NG mixture evolution: Regardless of the operating condition or RIT, NG premixing takes place near the piston bowl wall prior to ignition, including operation where the gaseous fuel is injected after the pilot combustion.","PDF p.19, Conclusions",text,complete,verified,Tier 2 chapter-core extraction; exact supporting sentence retained in definition/notes.,PAR-A014-0003,CTX-A014-CORE-CORE,measured_output,mixing/ignition,,,,,HIST-A014-001,,,PROC-A014-001,LOC-A014-0002,,,1.1
A018,A-H2-01,tier2,CORE,CORE,,,study_context,study_type,experimental,,,,reported,Study type stated or directly established from the paper's method description.,"PDF p.1, abstract",text,complete,verified,Tier 2 chapter-core extraction; exact supporting sentence retained in definition/notes.,PAR-A018-0001,CTX-A018-CORE-CORE,classification,chapter_core,,,,,,,,,LOC-A018-0001,,,1.1
A018,A-H2-01,tier2,CORE,CORE,,,study_context,application_context,Performance and emissions of hydrogen-diesel dual direct injection (H2DDI) in a single-cylinder compression-ignition engine,,,,reported,Paper-specific review context identified by the verified title and abstract.,"PDF p.1, abstract",text,complete,verified,Tier 2 chapter-core extraction; exact supporting sentence retained in definition/notes.,PAR-A018-0002,CTX-A018-CORE-CORE,classification,chapter_core,,,,,,,,,LOC-A018-0001,,,1.1
A018,A-H2-01,tier2,CORE,CORE,,,ignition_combustion,gas_jet_pilot_interaction,H2DDI combustion at controlled CA50 and up to 50% hydrogen energy fraction is feasible at all injection timings of hydrogen without pre-ignition or knocking.,,,,reported,H2DDI combustion at controlled CA50 and up to 50% hydrogen energy fraction is feasible at all injection timings of hydrogen without pre-ignition or knocking.,"PDF p.11, Conclusions",text,complete,verified,Tier 2 chapter-core extraction; exact supporting sentence retained in definition/notes.,PAR-A018-0003,CTX-A018-CORE-CORE,measured_output,mixing/ignition,,,,,HIST-A018-001,,,PROC-A018-001,LOC-A018-0002,,,1.1
A021,A-H2-04,tier2,CORE,CORE,,,study_context,study_type,experimental,,,,reported,Study type stated or directly established from the paper's method description.,"PDF p.1, 1. Introduction",text,complete,verified,Tier 2 chapter-core extraction; exact supporting sentence retained in definition/notes.,PAR-A021-0001,CTX-A021-CORE-CORE,classification,chapter_core,,,,,,,,,LOC-A021-0001,,,1.1
A021,A-H2-04,tier2,CORE,CORE,,,study_context,application_context,Effects of energy-share and ambient oxygen concentration on hydrogen-diesel dual-fuel direct-injection (H2DDI) combustion in compression-ignition conditions,,,,reported,Paper-specific review context identified by the verified title and abstract.,"PDF p.1, 1. Introduction",text,complete,verified,Tier 2 chapter-core extraction; exact supporting sentence retained in definition/notes.,PAR-A021-0002,CTX-A021-CORE-CORE,classification,chapter_core,,,,,,,,,LOC-A021-0001,,,1.1
A021,A-H2-04,tier2,CORE,CORE,,,ignition_combustion,gas_jet_pilot_interaction,"When the injection and combustion periods of H 2 are longer than that of the diesel surrogate, peak AHRR occurs immediately after H 2 jet igni- tion, followed by a steady AHRR period until end of H 2 in- jection, unless the diesel surrogate injection and combustion duration surpasses premixed combustion, at which the AHRR profile becomes transient.",,,,reported,"When the injection and combustion periods of H 2 are longer than that of the diesel surrogate, peak AHRR occurs immediately after H 2 jet igni- tion, followed by a steady AHRR period until end of H 2 in- jection, unless the diesel surrogate injection and combustion duration surpasses premixed combustion, at which the AHRR profile becomes transient.","PDF p.14, Appendix A. Supplementary data",text,complete,verified,Tier 2 chapter-core extraction; exact supporting sentence retained in definition/notes.,PAR-A021-0003,CTX-A021-CORE-CORE,measured_output,mixing/ignition,,,,,HIST-A021-001,,,PROC-A021-001,LOC-A021-0002,,,1.1
A024,A-H2-07,tier2,CORE,CORE,,,study_context,study_type,numerical,,,,reported,Study type stated or directly established from the paper's method description.,"PDF p.1, abstract",text,complete,verified,Tier 2 chapter-core extraction; exact supporting sentence retained in definition/notes.,PAR-A024-0001,CTX-A024-CORE-CORE,classification,chapter_core,,,,,,,,,LOC-A024-0001,,,1.1
A024,A-H2-07,tier2,CORE,CORE,,,study_context,application_context,Numerical modelling of a heavy-duty diesel-hydrogen dual-fuel engine with late high pressure hydrogen direct injection and diesel pilot,,,,reported,Paper-specific review context identified by the verified title and abstract.,"PDF p.1, abstract",text,complete,verified,Tier 2 chapter-core extraction; exact supporting sentence retained in definition/notes.,PAR-A024-0002,CTX-A024-CORE-CORE,classification,chapter_core,,,,,,,,,LOC-A024-0001,,,1.1
A024,A-H2-07,tier2,CORE,CORE,,,ignition_combustion,gas_jet_pilot_interaction,A numerical study using three-dimensional computational ﬂuid dynamics is performed to investigate a diesel pilot ignited late high pressure direct gaseous hydrogen injection engine targeting non-premixed combustion and comparisons are made with the same engine running on methane.,,,,reported,A numerical study using three-dimensional computational ﬂuid dynamics is performed to investigate a diesel pilot ignited late high pressure direct gaseous hydrogen injection engine targeting non-premixed combustion and comparisons are made with the same engine running on methane.,"PDF p.21, references",text,complete,verified,Tier 2 chapter-core extraction; exact supporting sentence retained in definition/notes.,PAR-A024-0003,CTX-A024-CORE-CORE,simulated_output,mixing/ignition,,,,,HIST-A024-001,,,PROC-A024-001,LOC-A024-0002,,,1.1
A025,A-H2-08,tier2,CORE,CORE,,,study_context,study_type,numerical,,,,reported,Study type stated or directly established from the paper's method description.,"PDF p.1, 1. Introduction",text,complete,verified,Tier 2 chapter-core extraction; exact supporting sentence retained in definition/notes.,PAR-A025-0001,CTX-A025-CORE-CORE,classification,chapter_core,,,,,,,,,LOC-A025-0001,,,1.1
A025,A-H2-08,tier2,CORE,CORE,,,study_context,application_context,Modeling hydrogen–diesel dual direct injection combustion with FGM and transported PDF,,,,reported,Paper-specific review context identified by the verified title and abstract.,"PDF p.1, 1. Introduction",text,complete,verified,Tier 2 chapter-core extraction; exact supporting sentence retained in definition/notes.,PAR-A025-0002,CTX-A025-CORE-CORE,classification,chapter_core,,,,,,,,,LOC-A025-0001,,,1.1
A025,A-H2-08,tier2,CORE,CORE,,,ignition_combustion,gas_jet_pilot_interaction,Computed results show that the proposed CFD methodology can also be used for diagnostic purposes since the flame index parameter could help understanding the nature of the H2DDI combustion process and how it shifts from diffusive to partially premixed by increasing the dwell time between main and pilot injection events.,,,,reported,Computed results show that the proposed CFD methodology can also be used for diagnostic purposes since the flame index parameter could help understanding the nature of the H2DDI combustion process and how it shifts from diffusive to partially premixed by increasing the dwell time between main and pilot injection events.,"PDF p.6, References",text,complete,verified,Tier 2 chapter-core extraction; exact supporting sentence retained in definition/notes.,PAR-A025-0003,CTX-A025-CORE-CORE,simulated_output,mixing/ignition,,,,,HIST-A025-001,,,PROC-A025-001,LOC-A025-0002,,,1.1
B002,B-T-02,tier2,CORE,CORE,,,study_context,study_type,numerical,,,,reported,Study type stated or directly established from the paper's method description.,"PDF p.1, 1. Introduction",text,complete,verified,Tier 2 chapter-core extraction; exact supporting sentence retained in definition/notes.,PAR-B002-0001,CTX-B002-CORE-CORE,classification,chapter_core,,,,,,,,,LOC-B002-0001,,,1.1
B002,B-T-02,tier2,CORE,CORE,,,study_context,application_context,Evaluation of notional nozzle approaches for CFD simulations of free-shear under-expanded hydrogen jets,,,,reported,Paper-specific review context identified by the verified title and abstract.,"PDF p.1, 1. Introduction",text,complete,verified,Tier 2 chapter-core extraction; exact supporting sentence retained in definition/notes.,PAR-B002-0002,CTX-B002-CORE-CORE,classification,chapter_core,,,,,,,,,LOC-B002-0001,,,1.1
B002,B-T-02,tier2,CORE,CORE,,,shock_structure,wave_type,"An evaluation of selected notional nozzle approaches (Birch1984, Birch1987, Ewan, Schefer and Harstad) for CFD simulations of free-shear under-expanded round jets was presented.",,,,reported,"An evaluation of selected notional nozzle approaches (Birch1984, Birch1987, Ewan, Schefer and Harstad) for CFD simulations of free-shear under-expanded round jets was presented.","PDF p.10, 7. Conclusions",text,complete,verified,Tier 2 chapter-core extraction; exact supporting sentence retained in definition/notes.,PAR-B002-0003,CTX-B002-CORE-CORE,simulated_output,underexpanded jet physics,,,,,HIST-B002-001,,,PROC-B002-001,LOC-B002-0002,,,1.1
B003,B-T-03,tier2,CORE,CORE,,,study_context,study_type,numerical,,,,reported,Study type stated or directly established from the paper's method description.,"PDF p.1, Front matter and abstract",text,complete,verified,Tier 2 chapter-core extraction; exact supporting sentence retained in definition/notes.,PAR-B003-0001,CTX-B003-CORE-CORE,classification,chapter_core,,,,,,,,,LOC-B003-0001,,,1.1
B003,B-T-03,tier2,CORE,CORE,,,study_context,application_context,RESEARCH ARTICLE | JANUARY 08 2013 Large-eddy simulation of highly underexpanded transient gas jets,,,,reported,Paper-specific review context identified by the verified title and abstract.,"PDF p.1, Front matter and abstract",text,complete,verified,Tier 2 chapter-core extraction; exact supporting sentence retained in definition/notes.,PAR-B003-0002,CTX-B003-CORE-CORE,classification,chapter_core,,,,,,,,,LOC-B003-0001,,,1.1
B003,B-T-03,tier2,CORE,CORE,,,shock_structure,wave_type,"It is observed how the nozzle pressure ratio inﬂuences the Mach disk width, and thereby the slip line separation, which leads to co-annular jets with inner and outer shear layers at higher pressure ratios.",,,,reported,"It is observed how the nozzle pressure ratio inﬂuences the Mach disk width, and thereby the slip line separation, which leads to co-annular jets with inner and outer shear layers at higher pressure ratios.","PDF p.2, Front matter and abstract",text,complete,verified,Tier 2 chapter-core extraction; exact supporting sentence retained in definition/notes.,PAR-B003-0003,CTX-B003-CORE-CORE,simulated_output,underexpanded jet physics,,,,,HIST-B003-001,,,PROC-B003-001,LOC-B003-0002,,,1.1
B005,B-T-05,tier2,CORE,CORE,,,study_context,study_type,review,,,,reported,Study type stated or directly established from the paper's method description.,"PDF p.1, 1. Introduction",text,complete,verified,Tier 2 chapter-core extraction; exact supporting sentence retained in definition/notes.,PAR-B005-0001,CTX-B005-CORE-CORE,classification,chapter_core,,,,,,,,,LOC-B005-0001,,,1.1
B005,B-T-05,tier2,CORE,CORE,,,study_context,application_context,Under-Expanded Jets in Advanced Propulsion Systems—A Review of Latest Theoretical and Experimental Research Activities,,,,reported,Paper-specific review context identified by the verified title and abstract.,"PDF p.1, 1. Introduction",text,complete,verified,Tier 2 chapter-core extraction; exact supporting sentence retained in definition/notes.,PAR-B005-0002,CTX-B005-CORE-CORE,classification,chapter_core,,,,,,,,,LOC-B005-0001,,,1.1
B005,B-T-05,tier2,CORE,CORE,,,shock_structure,wave_type,Understanding the behaviour of under-expanded jets is now becoming crucial to develop clean and efﬁcient combustion systems.,,,,reported,Understanding the behaviour of under-expanded jets is now becoming crucial to develop clean and efﬁcient combustion systems.,"PDF p.15, 6. Conclusions",text,complete,verified,Tier 2 chapter-core extraction; exact supporting sentence retained in definition/notes.,PAR-B005-0003,CTX-B005-CORE-CORE,classification,review_secondary,,,,,HIST-B005-001,,,PROC-B005-001,LOC-B005-0002,,,1.1
B007,B-H2-02,tier2,CORE,CORE,,,study_context,study_type,experimental,,,,reported,Study type stated or directly established from the paper's method description.,"PDF p.1, 1. Introduction",text,complete,verified,Tier 2 chapter-core extraction; exact supporting sentence retained in definition/notes.,PAR-B007-0001,CTX-B007-CORE-CORE,classification,chapter_core,,,,,,,,,LOC-B007-0001,,,1.1
B007,B-H2-02,tier2,CORE,CORE,,,study_context,application_context,Ignitability and mixing of underexpanded hydrogen jets,,,,reported,Paper-specific review context identified by the verified title and abstract.,"PDF p.1, 1. Introduction",text,complete,verified,Tier 2 chapter-core extraction; exact supporting sentence retained in definition/notes.,PAR-B007-0002,CTX-B007-CORE-CORE,classification,chapter_core,,,,,,,,,LOC-B007-0001,,,1.1
B007,B-H2-02,tier2,CORE,CORE,,,shock_structure,wave_type,"Jet exit shock structure was imaged by Schlieren photography, while quantitative Planar Laser Rayleigh Scatter imaging was used to measure instantaneous hydrogen mole fractions downstream of the Mach disk.",,,,reported,"Jet exit shock structure was imaged by Schlieren photography, while quantitative Planar Laser Rayleigh Scatter imaging was used to measure instantaneous hydrogen mole fractions downstream of the Mach disk.","PDF p.1, 1. Introduction",text,complete,verified,Tier 2 chapter-core extraction; exact supporting sentence retained in definition/notes.,PAR-B007-0003,CTX-B007-CORE-CORE,measured_output,underexpanded jet physics,,,,,HIST-B007-001,,,PROC-B007-001,LOC-B007-0001,,,1.1
B012,B-H2-07,tier2,CORE,CORE,,,study_context,study_type,numerical,,,,reported,Study type stated or directly established from the paper's method description.,"PDF p.1, 1. Introduction",text,complete,verified,Tier 2 chapter-core extraction; exact supporting sentence retained in definition/notes.,PAR-B012-0001,CTX-B012-CORE-CORE,classification,chapter_core,,,,,,,,,LOC-B012-0001,,,1.1
B012,B-H2-07,tier2,CORE,CORE,,,study_context,application_context,Numerical modelling of transient under-expanded jets under different ambient thermodynamic conditions with adaptive mesh refinement,,,,reported,Paper-specific review context identified by the verified title and abstract.,"PDF p.1, 1. Introduction",text,complete,verified,Tier 2 chapter-core extraction; exact supporting sentence retained in definition/notes.,PAR-B012-0002,CTX-B012-CORE-CORE,classification,chapter_core,,,,,,,,,LOC-B012-0001,,,1.1
B012,B-H2-07,tier2,CORE,CORE,,,shock_structure,wave_type,"Additionally, direct comparison was performed between the mixing characteristics and vortical structures of hydrogen and methane jets issued into a ﬁxed volume air-ﬁlled ambient with P ∞ ≈ 10bar and T ∞ =600 K.",,,,reported,"Additionally, direct comparison was performed between the mixing characteristics and vortical structures of hydrogen and methane jets issued into a ﬁxed volume air-ﬁlled ambient with P ∞ ≈ 10bar and T ∞ =600 K.","PDF p.17, 4. Conclusions",text,complete,verified,Tier 2 chapter-core extraction; exact supporting sentence retained in definition/notes.,PAR-B012-0003,CTX-B012-CORE-CORE,simulated_output,underexpanded jet physics,,,,,HIST-B012-001,,,PROC-B012-001,LOC-B012-0002,,,1.1
B016,B-NG-01,tier2,CORE,CORE,,,study_context,study_type,mixed,,,,reported,Study type stated or directly established from the paper's method description.,"PDF p.1, abstract",text,complete,verified,Tier 2 chapter-core extraction; exact supporting sentence retained in definition/notes.,PAR-B016-0001,CTX-B016-CORE-CORE,classification,chapter_core,,,,,,,,,LOC-B016-0001,,,1.1
B016,B-NG-01,tier2,CORE,CORE,,,study_context,application_context,The characteristic analysis of high-pressure gas jets for natural gas engine based on shock wave structure,,,,reported,Paper-specific review context identified by the verified title and abstract.,"PDF p.1, abstract",text,complete,verified,Tier 2 chapter-core extraction; exact supporting sentence retained in definition/notes.,PAR-B016-0002,CTX-B016-CORE-CORE,classification,chapter_core,,,,,,,,,LOC-B016-0001,,,1.1
B016,B-NG-01,tier2,CORE,CORE,,,shock_structure,wave_type,The increase of Mach disk width promotes gas jet near-ﬁeld cone angle which has positive effect on mixing effect.,,,,reported,The increase of Mach disk width promotes gas jet near-ﬁeld cone angle which has positive effect on mixing effect.,"PDF p.12, References",text,complete,verified,Tier 2 chapter-core extraction; exact supporting sentence retained in definition/notes.,PAR-B016-0003,CTX-B016-CORE-CORE,measured_output,underexpanded jet physics,,,,,HIST-B016-001,,,PROC-B016-001,LOC-B016-0002,,,1.1
B017,B-NG-02,tier2,CORE,CORE,,,study_context,study_type,mixed,,,,reported,Study type stated or directly established from the paper's method description.,"PDF p.1, 1. Introduction",text,complete,verified,Tier 2 chapter-core extraction; exact supporting sentence retained in definition/notes.,PAR-B017-0001,CTX-B017-CORE-CORE,classification,chapter_core,,,,,,,,,LOC-B017-0001,,,1.1
B017,B-NG-02,tier2,CORE,CORE,,,study_context,application_context,Gas jet flow characteristic of high-pressure methane pulsed injection of single-hole cylindrical nozzle,,,,reported,Paper-specific review context identified by the verified title and abstract.,"PDF p.1, 1. Introduction",text,complete,verified,Tier 2 chapter-core extraction; exact supporting sentence retained in definition/notes.,PAR-B017-0002,CTX-B017-CORE-CORE,classification,chapter_core,,,,,,,,,LOC-B017-0001,,,1.1
B017,B-NG-02,tier2,CORE,CORE,,,shock_structure,wave_type,"Stage I is a dynamic stage: the methane penetration velocity declines sharply, and both the methane tip penetration and the jet cone cover area rise.",,,,reported,"Stage I is a dynamic stage: the methane penetration velocity declines sharply, and both the methane tip penetration and the jet cone cover area rise.","PDF p.13, 5. Conclusion",text,complete,verified,Tier 2 chapter-core extraction; exact supporting sentence retained in definition/notes.,PAR-B017-0003,CTX-B017-CORE-CORE,measured_output,underexpanded jet physics,,,,,HIST-B017-001,,,PROC-B017-001,LOC-B017-0002,,,1.1
B019,B-NG-04,tier2,CORE,CORE,,,study_context,study_type,numerical,,,,reported,Study type stated or directly established from the paper's method description.,"PDF p.1, 1. Introduction",text,complete,verified,Tier 2 chapter-core extraction; exact supporting sentence retained in definition/notes.,PAR-B019-0001,CTX-B019-CORE-CORE,classification,chapter_core,,,,,,,,,LOC-B019-0001,,,1.1
B019,B-NG-04,tier2,CORE,CORE,,,study_context,application_context,Large-eddy simulation of methane direct injection using the full injector geometry,,,,reported,Paper-specific review context identified by the verified title and abstract.,"PDF p.1, 1. Introduction",text,complete,verified,Tier 2 chapter-core extraction; exact supporting sentence retained in definition/notes.,PAR-B019-0002,CTX-B019-CORE-CORE,classification,chapter_core,,,,,,,,,LOC-B019-0001,,,1.1
B019,B-NG-04,tier2,CORE,CORE,,,shock_structure,wave_type,A varying degree of agreement was observed for the jet penetration length.,,,,reported,A varying degree of agreement was observed for the jet penetration length.,"PDF p.10, 5. Conclusions",text,complete,verified,Tier 2 chapter-core extraction; exact supporting sentence retained in definition/notes.,PAR-B019-0003,CTX-B019-CORE-CORE,simulated_output,underexpanded jet physics,,,,,HIST-B019-001,,,PROC-B019-001,LOC-B019-0002,,,1.1
B023,B-E-03,tier2,CORE,CORE,,,study_context,study_type,numerical,,,,reported,Study type stated or directly established from the paper's method description.,"PDF p.1, abstract",text,complete,verified,Tier 2 chapter-core extraction; exact supporting sentence retained in definition/notes.,PAR-B023-0001,CTX-B023-CORE-CORE,classification,chapter_core,,,,,,,,,LOC-B023-0001,,,1.1
B023,B-E-03,tier2,CORE,CORE,,,study_context,application_context,Pressure-based large-eddy simulation of under-expanded hydrogen jets for engine applications,,,,reported,Paper-specific review context identified by the verified title and abstract.,"PDF p.1, abstract",text,complete,verified,Tier 2 chapter-core extraction; exact supporting sentence retained in definition/notes.,PAR-B023-0002,CTX-B023-CORE-CORE,classification,chapter_core,,,,,,,,,LOC-B023-0001,,,1.1
B023,B-E-03,tier2,CORE,CORE,,,shock_structure,wave_type,"In the present paper, the suitability of a pressure-based PIMPLE-solver for large-eddy simulation of non-reactive, under-expanded, highly turbulent H 2 jets for engine applica- tions has been investigated for the ﬁrst time.",,,,reported,"In the present paper, the suitability of a pressure-based PIMPLE-solver for large-eddy simulation of non-reactive, under-expanded, highly turbulent H 2 jets for engine applica- tions has been investigated for the ﬁrst time.","PDF p.11, 5. Conclusions",text,complete,verified,Tier 2 chapter-core extraction; exact supporting sentence retained in definition/notes.,PAR-B023-0003,CTX-B023-CORE-CORE,simulated_output,underexpanded jet physics,,,,,HIST-B023-001,,,PROC-B023-001,LOC-B023-0002,,,1.1
B024,B-E-04,tier2,CORE,CORE,,,study_context,study_type,experimental,,,,reported,Study type stated or directly established from the paper's method description.,"PDF p.1, 1. Introduction",text,complete,verified,Tier 2 chapter-core extraction; exact supporting sentence retained in definition/notes.,PAR-B024-0001,CTX-B024-CORE-CORE,classification,chapter_core,,,,,,,,,LOC-B024-0001,,,1.1
B024,B-E-04,tier2,CORE,CORE,,,study_context,application_context,Experimental characterization of a hydrogen hollow cone jet at under-expanded conditions via schlieren technique,,,,reported,Paper-specific review context identified by the verified title and abstract.,"PDF p.1, 1. Introduction",text,complete,verified,Tier 2 chapter-core extraction; exact supporting sentence retained in definition/notes.,PAR-B024-0002,CTX-B024-CORE-CORE,classification,chapter_core,,,,,,,,,LOC-B024-0001,,,1.1
B024,B-E-04,tier2,CORE,CORE,,,shock_structure,wave_type,The investigation was centred on the effect of above parameters on: - jet axial penetration; - development of jet area; - the impact of jet axial development to the jet area; - the shock waves transient.,,,,reported,The investigation was centred on the effect of above parameters on: - jet axial penetration; - development of jet area; - the impact of jet axial development to the jet area; - the shock waves transient.,"PDF p.13, 5. Conclusions",text,complete,verified,Tier 2 chapter-core extraction; exact supporting sentence retained in definition/notes.,PAR-B024-0003,CTX-B024-CORE-CORE,measured_output,underexpanded jet physics,,,,,HIST-B024-001,,,PROC-B024-001,LOC-B024-0002,,,1.1
B030,B-E-10,tier2,CORE,CORE,,,study_context,study_type,experimental,,,,reported,Study type stated or directly established from the paper's method description.,"PDF p.1, 1. Introduction",text,complete,verified,Tier 2 chapter-core extraction; exact supporting sentence retained in definition/notes.,PAR-B030-0001,CTX-B030-CORE-CORE,classification,chapter_core,,,,,,,,,LOC-B030-0001,,,1.1
B030,B-E-10,tier2,CORE,CORE,,,study_context,application_context,Experimental study on the development characteristics of the extremely under-expanded hydrogen jet structure for high pressure direct injection hydrogen engines,,,,reported,Paper-specific review context identified by the verified title and abstract.,"PDF p.1, 1. Introduction",text,complete,verified,Tier 2 chapter-core extraction; exact supporting sentence retained in definition/notes.,PAR-B030-0002,CTX-B030-CORE-CORE,classification,chapter_core,,,,,,,,,LOC-B030-0001,,,1.1
B030,B-E-10,tier2,CORE,CORE,,,shock_structure,wave_type,(4) The shock wave topology of extremely under-expanded jet is fundamentally dictated by the pressure ratio.,,,,reported,(4) The shock wave topology of extremely under-expanded jet is fundamentally dictated by the pressure ratio.,"PDF p.14, 4. Conclusion",text,complete,verified,Tier 2 chapter-core extraction; exact supporting sentence retained in definition/notes.,PAR-B030-0003,CTX-B030-CORE-CORE,measured_output,underexpanded jet physics,,,,,HIST-B030-001,,,PROC-B030-001,LOC-B030-0002,,,1.1
C001,C-F-01,tier2,CORE,CORE,,,study_context,study_type,experimental,,,,reported,Study type stated or directly established from the paper's method description.,"PDF p.1, 1. Introduction",text,complete,verified,Tier 2 chapter-core extraction; exact supporting sentence retained in definition/notes.,PAR-C001-0001,CTX-C001-CORE-CORE,classification,chapter_core,,,,,,,,,LOC-C001-0001,,,1.1
C001,C-F-01,tier2,CORE,CORE,,,study_context,application_context,Aerobreakup in disturbed subsonic and supersonic flow fields,,,,reported,Paper-specific review context identified by the verified title and abstract.,"PDF p.1, 1. Introduction",text,complete,verified,Tier 2 chapter-core extraction; exact supporting sentence retained in definition/notes.,PAR-C001-0002,CTX-C001-CORE-CORE,classification,chapter_core,,,,,,,,,LOC-C001-0001,,,1.1
C001,C-F-01,tier2,CORE,CORE,,,droplet_response,breakup_regime,"The general eﬀect is planar or centripetal squeeze (deformation), depending on the geometry of the obstacle and the magnitude of We.",,,,reported,"The general eﬀect is planar or centripetal squeeze (deformation), depending on the geometry of the obstacle and the magnitude of We.","PDF p.27, 8. Conclusions",text,complete,verified,Tier 2 chapter-core extraction; exact supporting sentence retained in definition/notes.,PAR-C001-0003,CTX-C001-CORE-CORE,measured_output,droplet breakup,,,,,HIST-C001-001,,,PROC-C001-001,LOC-C001-0002,,,1.1
C002,C-F-02,tier2,CORE,CORE,,,study_context,study_type,mixed,,,,reported,Study type stated or directly established from the paper's method description.,"PDF p.1, Front matter and abstract",text,complete,verified,Tier 2 chapter-core extraction; exact supporting sentence retained in definition/notes.,PAR-C002-0001,CTX-C002-CORE-CORE,classification,chapter_core,,,,,,,,,LOC-C002-0001,,,1.1
C002,C-F-02,tier2,CORE,CORE,,,study_context,application_context,On the physics of aerobreakup,,,,reported,Paper-specific review context identified by the verified title and abstract.,"PDF p.1, Front matter and abstract",text,complete,verified,Tier 2 chapter-core extraction; exact supporting sentence retained in definition/notes.,PAR-C002-0002,CTX-C002-CORE-CORE,classification,chapter_core,,,,,,,,,LOC-C002-0001,,,1.1
C002,C-F-02,tier2,CORE,CORE,,,droplet_response,breakup_regime,"This progression is known to be marked by transitions in morphology, the so-called breakup regimes, and correspondingly by /H20849critical/H20850Weber numbers that are intended to quantify the onsets of these transitions.",,,,reported,"This progression is known to be marked by transitions in morphology, the so-called breakup regimes, and correspondingly by /H20849critical/H20850Weber numbers that are intended to quantify the onsets of these transitions.","PDF p.1, Front matter and abstract",text,complete,verified,Tier 2 chapter-core extraction; exact supporting sentence retained in definition/notes.,PAR-C002-0003,CTX-C002-CORE-CORE,measured_output,droplet breakup,,,,,HIST-C002-001,,,PROC-C002-001,LOC-C002-0001,,,1.1
C006,C-F-06,tier2,CORE,CORE,,,study_context,study_type,mixed,,,,reported,Study type stated or directly established from the paper's method description.,"PDF p.1, 1. Introduction",text,complete,verified,Tier 2 chapter-core extraction; exact supporting sentence retained in definition/notes.,PAR-C006-0001,CTX-C006-CORE-CORE,classification,chapter_core,,,,,,,,,LOC-C006-0001,,,1.1
C006,C-F-06,tier2,CORE,CORE,,,study_context,application_context,On aerodynamic droplet breakup,,,,reported,Paper-specific review context identified by the verified title and abstract.,"PDF p.1, 1. Introduction",text,complete,verified,Tier 2 chapter-core extraction; exact supporting sentence retained in definition/notes.,PAR-C006-0002,CTX-C006-CORE-CORE,classification,chapter_core,,,,,,,,,LOC-C006-0001,,,1.1
C006,C-F-06,tier2,CORE,CORE,,,droplet_response,breakup_regime,"By comparison, past models have only been able to validate against very limited deformation data in the initiation phase, child droplet sizes and/or breakup morphology transitions with no comparison to the intermediate stages.",,,,reported,"By comparison, past models have only been able to validate against very limited deformation data in the initiation phase, child droplet sizes and/or breakup morphology transitions with no comparison to the intermediate stages.","PDF p.35, Appendix A. Eﬀect of the suspending needle",text,complete,verified,Tier 2 chapter-core extraction; exact supporting sentence retained in definition/notes.,PAR-C006-0003,CTX-C006-CORE-CORE,measured_output,droplet breakup,,,,,HIST-C006-001,,,PROC-C006-001,LOC-C006-0002,,,1.1
C010,C-SD-03,tier2,CORE,CORE,,,study_context,study_type,numerical,,,,reported,Study type stated or directly established from the paper's method description.,"PDF p.1, 1. Introduction",text,complete,verified,Tier 2 chapter-core extraction; exact supporting sentence retained in definition/notes.,PAR-C010-0001,CTX-C010-CORE-CORE,classification,chapter_core,,,,,,,,,LOC-C010-0001,,,1.1
C010,C-SD-03,tier2,CORE,CORE,,,study_context,application_context,Numerical simulation of the aerobreakup of a water droplet,,,,reported,Paper-specific review context identified by the verified title and abstract.,"PDF p.1, 1. Introduction",text,complete,verified,Tier 2 chapter-core extraction; exact supporting sentence retained in definition/notes.,PAR-C010-0002,CTX-C010-CORE-CORE,classification,chapter_core,,,,,,,,,LOC-C010-0001,,,1.1
C010,C-SD-03,tier2,CORE,CORE,,,droplet_response,breakup_regime,"RT instability waves on the upstream side of the droplet are noticeably absent, providing support for SIE as the terminal breakup regime.",,,,reported,"RT instability waves on the upstream side of the droplet are noticeably absent, providing support for SIE as the terminal breakup regime.","PDF p.25, 6. Conclusions",text,complete,verified,Tier 2 chapter-core extraction; exact supporting sentence retained in definition/notes.,PAR-C010-0003,CTX-C010-CORE-CORE,simulated_output,droplet breakup,,,,,HIST-C010-001,,,PROC-C010-001,LOC-C010-0002,,,1.1
C015,C-SD-08,tier2,CORE,CORE,,,study_context,study_type,mixed,,,,reported,Study type stated or directly established from the paper's method description.,"PDF p.1, 1. Introduction",text,complete,verified,Tier 2 chapter-core extraction; exact supporting sentence retained in definition/notes.,PAR-C015-0001,CTX-C015-CORE-CORE,classification,chapter_core,,,,,,,,,LOC-C015-0001,,,1.1
C015,C-SD-08,tier2,CORE,CORE,,,study_context,application_context,On the interaction of water droplet with a shock wave: Experiment and numerical simulation,,,,reported,Paper-specific review context identified by the verified title and abstract.,"PDF p.1, 1. Introduction",text,complete,verified,Tier 2 chapter-core extraction; exact supporting sentence retained in definition/notes.,PAR-C015-0002,CTX-C015-CORE-CORE,classification,chapter_core,,,,,,,,,LOC-C015-0001,,,1.1
C015,C-SD-08,tier2,CORE,CORE,,,droplet_response,breakup_regime,Experimental and numerical study of the behavior of water drops in a ﬂow behind incident shock wave at Weber num- ber We = 208–2260 was carried out to verify the mathemati- cal model of process and obtain new data based on two ap- proaches.,,,,reported,Experimental and numerical study of the behavior of water drops in a ﬂow behind incident shock wave at Weber num- ber We = 208–2260 was carried out to verify the mathemati- cal model of process and obtain new data based on two ap- proaches.,"PDF p.14, References",text,complete,verified,Tier 2 chapter-core extraction; exact supporting sentence retained in definition/notes.,PAR-C015-0003,CTX-C015-CORE-CORE,measured_output,droplet breakup,,,,,HIST-C015-001,,,PROC-C015-001,LOC-C015-0002,,,1.1
C015,C-SD-08,tier2,CORE,CORE,,,dimensionless_numbers,We_reported,208–2260,,,,reported,Experimental and numerical study of the behavior of water drops in a ﬂow behind incident shock wave at Weber num- ber We = 208–2260 was carried out to verify the mathemati- cal model of process and obtain new data based on two ap- proaches.,"PDF p.14, References",text,complete,verified,Tier 2 chapter-core extraction; exact supporting sentence retained in definition/notes.,PAR-C015-0004,CTX-C015-CORE-CORE,operating_condition,droplet_relative,droplet_fixed,,,,,,DIM-C015-001,,LOC-C015-0002,,,1.1
C015,C-SD-08,tier2,CORE,CORE,,,dimensionless_numbers,We_velocity_scale,NV,,,,NV,Component required by the Weber-number architecture.,"PDF p.14, References",text,complete,verified,Tier 2 chapter-core extraction; exact supporting sentence retained in definition/notes.,PAR-C015-0005,CTX-C015-CORE-CORE,unknown,droplet_relative,,,,,,,,,LOC-C015-0002,,The atomic reference velocity was not safely verified from the selected definition context.,1.1
C015,C-SD-08,tier2,CORE,CORE,,,dimensionless_numbers,We_gas_density,NV,,,,NV,Component required by the Weber-number architecture.,"PDF p.14, References",text,complete,verified,Tier 2 chapter-core extraction; exact supporting sentence retained in definition/notes.,PAR-C015-0006,CTX-C015-CORE-CORE,unknown,droplet_relative,,,,,,,,,LOC-C015-0002,,The atomic reference gas density was not safely verified from the selected definition context.,1.1
C015,C-SD-08,tier2,CORE,CORE,,,dimensionless_numbers,We_length_scale,NV,,,,NV,Component required by the Weber-number architecture.,"PDF p.14, References",text,complete,verified,Tier 2 chapter-core extraction; exact supporting sentence retained in definition/notes.,PAR-C015-0007,CTX-C015-CORE-CORE,unknown,droplet_relative,,,,,,,,,LOC-C015-0002,,The atomic reference length was not safely verified from the selected definition context.,1.1
C015,C-SD-08,tier2,CORE,CORE,,,dimensionless_numbers,We_surface_tension,NV,,,,NV,Component required by the Weber-number architecture.,"PDF p.14, References",text,complete,verified,Tier 2 chapter-core extraction; exact supporting sentence retained in definition/notes.,PAR-C015-0008,CTX-C015-CORE-CORE,unknown,droplet_relative,,,,,,,,,LOC-C015-0002,,The atomic surface tension was not safely verified from the selected definition context.,1.1
C017,C-SD-10,tier2,CORE,CORE,,,study_context,study_type,numerical,,,,reported,Study type stated or directly established from the paper's method description.,"PDF p.1, Front matter and abstract",text,complete,verified,Tier 2 chapter-core extraction; exact supporting sentence retained in definition/notes.,PAR-C017-0001,CTX-C017-CORE-CORE,classification,chapter_core,,,,,,,,,LOC-C017-0001,,,1.1
C017,C-SD-10,tier2,CORE,CORE,,,study_context,application_context,Shock-induced cavitation and wavefront analysis inside a water droplet,,,,reported,Paper-specific review context identified by the verified title and abstract.,"PDF p.1, Front matter and abstract",text,complete,verified,Tier 2 chapter-core extraction; exact supporting sentence retained in definition/notes.,PAR-C017-0002,CTX-C017-CORE-CORE,classification,chapter_core,,,,,,,,,LOC-C017-0001,,,1.1
C017,C-SD-10,tier2,CORE,CORE,,,droplet_response,breakup_regime,"Curiously enough, the question whether the shock wave itself may have any effect on the deformation and breakup process has not received much attention.",,,,reported,"Curiously enough, the question whether the shock wave itself may have any effect on the deformation and breakup process has not received much attention.","PDF p.2, ABSTRACT",text,complete,verified,Tier 2 chapter-core extraction; exact supporting sentence retained in definition/notes.,PAR-C017-0003,CTX-C017-CORE-CORE,simulated_output,droplet breakup,,,,,HIST-C017-001,,,PROC-C017-001,LOC-C017-0002,,,1.1
C020,C-SD-13,tier2,CORE,CORE,,,study_context,study_type,experimental,,,,reported,Study type stated or directly established from the paper's method description.,"PDF p.1, 1. Introduction",text,complete,verified,Tier 2 chapter-core extraction; exact supporting sentence retained in definition/notes.,PAR-C020-0001,CTX-C020-CORE-CORE,classification,chapter_core,,,,,,,,,LOC-C020-0001,,,1.1
C020,C-SD-13,tier2,CORE,CORE,,,study_context,application_context,Droplet breakup by multimodal nonlinear Rayleigh Taylor instability,,,,reported,Paper-specific review context identified by the verified title and abstract.,"PDF p.1, 1. Introduction",text,complete,verified,Tier 2 chapter-core extraction; exact supporting sentence retained in definition/notes.,PAR-C020-0002,CTX-C020-CORE-CORE,classification,chapter_core,,,,,,,,,LOC-C020-0001,,,1.1
C020,C-SD-13,tier2,CORE,CORE,,,droplet_response,breakup_regime,"This deformation has been successfully predicted using the Taylor Analogy Breakup (TAB) model (O’Rourke and Amsden, 1986), which treats the droplet as a spring, mass, and damper system.",,,,reported,"This deformation has been successfully predicted using the Taylor Analogy Breakup (TAB) model (O’Rourke and Amsden, 1986), which treats the droplet as a spring, mass, and damper system.","PDF p.2, 1. Introduction",text,complete,verified,Tier 2 chapter-core extraction; exact supporting sentence retained in definition/notes.,PAR-C020-0003,CTX-C020-CORE-CORE,measured_output,droplet breakup,,,,,HIST-C020-001,,,PROC-C020-001,LOC-C020-0002,,,1.1
C020,C-SD-13,tier2,CORE,CORE,,,droplet_initial,droplet_diameter_initial,850,um,0.00085,m,reported,"High Weber number (𝑊 𝑒 ∼36,000) breakup of 850 μm water droplets was recorded by high speed shadowgraph images.","PDF p.4, 4. Conclusions",text,complete,verified,Tier 2 chapter-core extraction; exact supporting sentence retained in definition/notes.,PAR-C020-0004,CTX-C020-CORE-CORE,initial_condition,chapter_core,,,,,,,,,LOC-C020-0003,,,1.1
C022,C-ST-02,tier2,CORE,CORE,,,study_context,study_type,experimental,,,,reported,Study type stated or directly established from the paper's method description.,"PDF p.1, 1. Introduction",text,complete,verified,Tier 2 chapter-core extraction; exact supporting sentence retained in definition/notes.,PAR-C022-0001,CTX-C022-CORE-CORE,classification,chapter_core,,,,,,,,,LOC-C022-0001,,,1.1
C022,C-ST-02,tier2,CORE,CORE,,,study_context,application_context,Secondary droplet size distribution upon breakup of a sub-milimeter droplet in high speed cross flow,,,,reported,Paper-specific review context identified by the verified title and abstract.,"PDF p.1, 1. Introduction",text,complete,verified,Tier 2 chapter-core extraction; exact supporting sentence retained in definition/notes.,PAR-C022-0002,CTX-C022-CORE-CORE,classification,chapter_core,,,,,,,,,LOC-C022-0001,,,1.1
C022,C-ST-02,tier2,CORE,CORE,,,droplet_response,breakup_regime,"To investigate the spatial and droplet size distributions of the liquid- mist field, droplet breakup experiments were carried out on a horizontal shock tube.",,,,reported,"To investigate the spatial and droplet size distributions of the liquid- mist field, droplet breakup experiments were carried out on a horizontal shock tube.","PDF p.11, Method. Opt Express 21, 26432 – 26449. http://doi.org/10.1364/OE.21.026432",text,complete,verified,Tier 2 chapter-core extraction; exact supporting sentence retained in definition/notes.,PAR-C022-0003,CTX-C022-CORE-CORE,measured_output,droplet breakup,,,,,HIST-C022-001,,,PROC-C022-001,LOC-C022-0002,,,1.1
C023,C-ST-03,tier2,CORE,CORE,,,study_context,study_type,numerical,,,,reported,Study type stated or directly established from the paper's method description.,"PDF p.1, Front matter and abstract",text,complete,verified,Tier 2 chapter-core extraction; exact supporting sentence retained in definition/notes.,PAR-C023-0001,CTX-C023-CORE-CORE,classification,chapter_core,,,,,,,,,LOC-C023-0001,,,1.1
C023,C-ST-03,tier2,CORE,CORE,,,study_context,application_context,Numerical investigations on the deformation and breakup of an n-decane droplet induced by a shock wave,,,,reported,Paper-specific review context identified by the verified title and abstract.,"PDF p.1, Front matter and abstract",text,complete,verified,Tier 2 chapter-core extraction; exact supporting sentence retained in definition/notes.,PAR-C023-0002,CTX-C023-CORE-CORE,classification,chapter_core,,,,,,,,,LOC-C023-0001,,,1.1
C023,C-ST-03,tier2,CORE,CORE,,,droplet_response,breakup_regime,"The current study is mainly motivated by an interest in liquid-fueled detonation engines, including rotating detonation engines (RDEs), 14,15 pulse deto- nation engines (PDEs),16,17 and oblique detonation engines (ODEs),18,19 where the fuel droplet interacts with a shock wave and undergoes defor- mation, breakup, atomization, and vaporization before it mixes with air and subsequently enhances the detonation and deflagration.",,,,reported,"The current study is mainly motivated by an interest in liquid-fueled detonation engines, including rotating detonation engines (RDEs), 14,15 pulse deto- nation engines (PDEs),16,17 and oblique detonation engines (ODEs),18,19 where the fuel droplet interacts with a shock wave and undergoes defor- mation, breakup, atomization, and vaporization before it mixes with air and subsequently enhances the detonation and deflagration.","PDF p.2, ABSTRACT",text,complete,verified,Tier 2 chapter-core extraction; exact supporting sentence retained in definition/notes.,PAR-C023-0003,CTX-C023-CORE-CORE,simulated_output,droplet breakup,,,,,HIST-C023-001,,,PROC-C023-001,LOC-C023-0002,,,1.1
C026,C-ST-06,tier2,CORE,CORE,,,study_context,study_type,experimental,,,,reported,Study type stated or directly established from the paper's method description.,"PDF p.1, 1. Introduction",text,complete,verified,Tier 2 chapter-core extraction; exact supporting sentence retained in definition/notes.,PAR-C026-0001,CTX-C026-CORE-CORE,classification,chapter_core,,,,,,,,,LOC-C026-0001,,,1.1
C026,C-ST-06,tier2,CORE,CORE,,,study_context,application_context,Deformation and acceleration of small droplets at high-speed conditions,,,,reported,Paper-specific review context identified by the verified title and abstract.,"PDF p.1, 1. Introduction",text,complete,verified,Tier 2 chapter-core extraction; exact supporting sentence retained in definition/notes.,PAR-C026-0002,CTX-C026-CORE-CORE,classification,chapter_core,,,,,,,,,LOC-C026-0001,,,1.1
C026,C-ST-06,tier2,CORE,CORE,,,droplet_response,breakup_regime,"Experiments were conducted to examine the deformation, accelera- tion, evaporation, and initiation of breakup for small droplets at high Weber numbers.",,,,reported,"Experiments were conducted to examine the deformation, accelera- tion, evaporation, and initiation of breakup for small droplets at high Weber numbers.","PDF p.17, 5. Conclusions",text,complete,verified,Tier 2 chapter-core extraction; exact supporting sentence retained in definition/notes.,PAR-C026-0003,CTX-C026-CORE-CORE,measured_output,droplet breakup,,,,,HIST-C026-001,,,PROC-C026-001,LOC-C026-0002,,,1.1
C026,C-ST-06,tier2,CORE,CORE,,,dimensionless_numbers,We_reported,100-6000,,,,reported,"Droplet sizes ranged from 50 < 𝑑 0 < 200 [μm] using water, acetone, and dodecane, and shock wave Mach numbers between 1.3 < 𝑀 𝑖 < 2.1 generated Weber numbers in the range of 100 < 𝑊 𝑒 < 6000.","PDF p.17, 5. Conclusions",text,complete,verified,Tier 2 chapter-core extraction; exact supporting sentence retained in definition/notes.,PAR-C026-0004,CTX-C026-CORE-CORE,operating_condition,droplet_relative,droplet_fixed,,,,,,DIM-C026-001,,LOC-C026-0002,,,1.1
C026,C-ST-06,tier2,CORE,CORE,,,dimensionless_numbers,We_velocity_scale,NV,,,,NV,Component required by the Weber-number architecture.,"PDF p.17, 5. Conclusions",text,complete,verified,Tier 2 chapter-core extraction; exact supporting sentence retained in definition/notes.,PAR-C026-0005,CTX-C026-CORE-CORE,unknown,droplet_relative,,,,,,,,,LOC-C026-0002,,The atomic reference velocity was not safely verified from the selected definition context.,1.1
C026,C-ST-06,tier2,CORE,CORE,,,dimensionless_numbers,We_gas_density,NV,,,,NV,Component required by the Weber-number architecture.,"PDF p.17, 5. Conclusions",text,complete,verified,Tier 2 chapter-core extraction; exact supporting sentence retained in definition/notes.,PAR-C026-0006,CTX-C026-CORE-CORE,unknown,droplet_relative,,,,,,,,,LOC-C026-0002,,The atomic reference gas density was not safely verified from the selected definition context.,1.1
C026,C-ST-06,tier2,CORE,CORE,,,dimensionless_numbers,We_length_scale,NV,,,,NV,Component required by the Weber-number architecture.,"PDF p.17, 5. Conclusions",text,complete,verified,Tier 2 chapter-core extraction; exact supporting sentence retained in definition/notes.,PAR-C026-0007,CTX-C026-CORE-CORE,unknown,droplet_relative,,,,,,,,,LOC-C026-0002,,The atomic reference length was not safely verified from the selected definition context.,1.1
C026,C-ST-06,tier2,CORE,CORE,,,dimensionless_numbers,We_surface_tension,NV,,,,NV,Component required by the Weber-number architecture.,"PDF p.17, 5. Conclusions",text,complete,verified,Tier 2 chapter-core extraction; exact supporting sentence retained in definition/notes.,PAR-C026-0008,CTX-C026-CORE-CORE,unknown,droplet_relative,,,,,,,,,LOC-C026-0002,,The atomic surface tension was not safely verified from the selected definition context.,1.1
C030,C-PC-04,tier2,CORE,CORE,,,study_context,study_type,numerical,,,,reported,Study type stated or directly established from the paper's method description.,"PDF p.1, 1. Introduction",text,complete,verified,Tier 2 chapter-core extraction; exact supporting sentence retained in definition/notes.,PAR-C030-0001,CTX-C030-CORE-CORE,classification,chapter_core,,,,,,,,,LOC-C030-0001,,,1.1
C030,C-PC-04,tier2,CORE,CORE,,,study_context,application_context,Impact of vaporization on drop aerobreakup,,,,reported,Paper-specific review context identified by the verified title and abstract.,"PDF p.1, 1. Introduction",text,complete,verified,Tier 2 chapter-core extraction; exact supporting sentence retained in definition/notes.,PAR-C030-0002,CTX-C030-CORE-CORE,classification,chapter_core,,,,,,,,,LOC-C030-0001,,,1.1
C030,C-PC-04,tier2,CORE,CORE,,,droplet_response,breakup_regime,"The Weber and Stefan numbers, and the liquid-to-gas density ratio, are varied to systematically study the effect of vaporization on the drop deformation/breakup and drag.",,,,reported,"The Weber and Stefan numbers, and the liquid-to-gas density ratio, are varied to systematically study the effect of vaporization on the drop deformation/breakup and drag.","PDF p.12, 4. Conclusions",text,complete,verified,Tier 2 chapter-core extraction; exact supporting sentence retained in definition/notes.,PAR-C030-0003,CTX-C030-CORE-CORE,simulated_output,droplet breakup,,,,,HIST-C030-001,,,PROC-C030-001,LOC-C030-0002,,,1.1
C033,C-MD-01,tier2,CORE,CORE,,,study_context,study_type,experimental,,,,reported,Study type stated or directly established from the paper's method description.,"PDF p.1, Front matter and abstract",text,complete,verified,Tier 2 chapter-core extraction; exact supporting sentence retained in definition/notes.,PAR-C033-0001,CTX-C033-CORE-CORE,classification,chapter_core,,,,,,,,,LOC-C033-0001,,,1.1
C033,C-MD-01,tier2,CORE,CORE,,,study_context,application_context,RESEARCH ARTICLE | NOVEMBER 07 2011 Experimental investigation of the propagation of a planar shock wave through a two-phase gas-liquid medium,,,,reported,Paper-specific review context identified by the verified title and abstract.,"PDF p.1, Front matter and abstract",text,complete,verified,Tier 2 chapter-core extraction; exact supporting sentence retained in definition/notes.,PAR-C033-0002,CTX-C033-CORE-CORE,classification,chapter_core,,,,,,,,,LOC-C033-0001,,,1.1
C033,C-MD-01,tier2,CORE,CORE,,,droplet_response,breakup_regime,"The attenuation was found to be dependent on the volume fraction ad, the droplet dimension /d, the exchange surface area Se, the Weber Number We, and the shock wave strength.",,,,reported,"The attenuation was found to be dependent on the volume fraction ad, the droplet dimension /d, the exchange surface area Se, the Weber Number We, and the shock wave strength.","PDF p.2, Front matter and abstract",text,complete,verified,Tier 2 chapter-core extraction; exact supporting sentence retained in definition/notes.,PAR-C033-0003,CTX-C033-CORE-CORE,measured_output,droplet breakup,,,,,HIST-C033-001,,,PROC-C033-001,LOC-C033-0002,,,1.1
C033,C-MD-01,tier2,CORE,CORE,,,spray_initial,S_over_D,NR,,,,NR,Discrete droplet spacing ratio S/D.,"PDF p.1, Front matter and abstract",text,complete,verified,Tier 2 chapter-core extraction; exact supporting sentence retained in definition/notes.,PAR-C033-0004,CTX-C033-CORE-CORE,unknown,multidroplet_cloud,,,,,,,,,LOC-C033-0001,,"The paper represents a statistical/dilute droplet cloud using droplet diameter and volume fraction, not a discrete pair spacing ratio S/D.",1.1
C033,C-MD-01,tier2,CORE,CORE,,,spray_initial,spacing_definition,NR,,,,NR,"S, D, orientation, and pair arrangement definition.","PDF p.1, Front matter and abstract",text,complete,verified,Tier 2 chapter-core extraction; exact supporting sentence retained in definition/notes.,PAR-C033-0005,CTX-C033-CORE-CORE,unknown,multidroplet_cloud,,,,,,,,,LOC-C033-0001,,"The paper represents a statistical/dilute droplet cloud using droplet diameter and volume fraction, not a discrete pair spacing ratio S/D.",1.1
C033,C-MD-01,tier2,CORE,CORE,,,spray_initial,droplet_arrangement,dilute droplet cloud,,,,reported,Cloud configuration rather than a fixed streamwise/transverse droplet pair.,"PDF p.1, Front matter and abstract",text,complete,verified,Tier 2 chapter-core extraction; exact supporting sentence retained in definition/notes.,PAR-C033-0006,CTX-C033-CORE-CORE,initial_condition,multidroplet_cloud,,,,,,,,,LOC-C033-0001,,,1.1
C034,C-MD-02,tier2,CORE,CORE,,,study_context,study_type,mixed,,,,reported,Study type stated or directly established from the paper's method description.,"PDF p.1, 1 Introduction",text,complete,verified,Tier 2 chapter-core extraction; exact supporting sentence retained in definition/notes.,PAR-C034-0001,CTX-C034-CORE-CORE,classification,chapter_core,,,,,,,,,LOC-C034-0001,,,1.1
C034,C-MD-02,tier2,CORE,CORE,,,study_context,application_context,Shock waves in sprays: numerical study of secondary atomization and experimental comparison,,,,reported,Paper-specific review context identified by the verified title and abstract.,"PDF p.1, 1 Introduction",text,complete,verified,Tier 2 chapter-core extraction; exact supporting sentence retained in definition/notes.,PAR-C034-0002,CTX-C034-CORE-CORE,classification,chapter_core,,,,,,,,,LOC-C034-0001,,,1.1
C034,C-MD-02,tier2,CORE,CORE,,,droplet_response,breakup_regime,"When the fragmentation of the droplets is not considered, the pressure induced by the transmitted shock wave was found to be overestimated.",,,,reported,"When the fragmentation of the droplets is not considered, the pressure induced by the transmitted shock wave was found to be overestimated.","PDF p.12, 9 Conclusion",text,complete,verified,Tier 2 chapter-core extraction; exact supporting sentence retained in definition/notes.,PAR-C034-0003,CTX-C034-CORE-CORE,measured_output,droplet breakup,,,,,HIST-C034-001,,,PROC-C034-001,LOC-C034-0002,,,1.1
C034,C-MD-02,tier2,CORE,CORE,,,spray_initial,S_over_D,NR,,,,NR,Discrete droplet spacing ratio S/D.,"PDF p.1, 1 Introduction",text,complete,verified,Tier 2 chapter-core extraction; exact supporting sentence retained in definition/notes.,PAR-C034-0004,CTX-C034-CORE-CORE,unknown,multidroplet_cloud,,,,,,,,,LOC-C034-0001,,"The paper represents a statistical/dilute droplet cloud using droplet diameter and volume fraction, not a discrete pair spacing ratio S/D.",1.1
C034,C-MD-02,tier2,CORE,CORE,,,spray_initial,spacing_definition,NR,,,,NR,"S, D, orientation, and pair arrangement definition.","PDF p.1, 1 Introduction",text,complete,verified,Tier 2 chapter-core extraction; exact supporting sentence retained in definition/notes.,PAR-C034-0005,CTX-C034-CORE-CORE,unknown,multidroplet_cloud,,,,,,,,,LOC-C034-0001,,"The paper represents a statistical/dilute droplet cloud using droplet diameter and volume fraction, not a discrete pair spacing ratio S/D.",1.1
C034,C-MD-02,tier2,CORE,CORE,,,spray_initial,droplet_arrangement,dilute droplet cloud,,,,reported,Cloud configuration rather than a fixed streamwise/transverse droplet pair.,"PDF p.1, 1 Introduction",text,complete,verified,Tier 2 chapter-core extraction; exact supporting sentence retained in definition/notes.,PAR-C034-0006,CTX-C034-CORE-CORE,initial_condition,multidroplet_cloud,,,,,,,,,LOC-C034-0001,,,1.1
D002,D-IC-02,tier2,CORE,CORE,,,study_context,study_type,mixed,,,,reported,Study type stated or directly established from the paper's method description.,"PDF p.1, 1. Introduction",text,complete,verified,Tier 2 chapter-core extraction; exact supporting sentence retained in definition/notes.,PAR-D002-0001,CTX-D002-CORE-CORE,classification,chapter_core,,,,,,,,,LOC-D002-0001,,,1.1
D002,D-IC-02,tier2,CORE,CORE,,,study_context,application_context,Effect of shock waves on the evolution of high-pressure fuel jets,,,,reported,Paper-specific review context identified by the verified title and abstract.,"PDF p.1, 1. Introduction",text,complete,verified,Tier 2 chapter-core extraction; exact supporting sentence retained in definition/notes.,PAR-D002-0002,CTX-D002-CORE-CORE,classification,chapter_core,,,,,,,,,LOC-D002-0001,,,1.1
D002,D-IC-02,tier2,CORE,CORE,,,rde_detonation,droplet_detonation_interaction,"The following conclusions could be drawn: (1) To predict the generation of shock waves, instead of the spray velocity at the spray tip, the velocity at the nozzle exit should be employed.",,,,reported,"The following conclusions could be drawn: (1) To predict the generation of shock waves, instead of the spray velocity at the spray tip, the velocity at the nozzle exit should be employed.","PDF p.6, 4. Conclusions",text,complete,verified,Tier 2 chapter-core extraction; exact supporting sentence retained in definition/notes.,PAR-D002-0003,CTX-D002-CORE-CORE,measured_output,RDE/detonation application,,,,,HIST-D002-001,,,PROC-D002-001,LOC-D002-0002,,,1.1
D005,D-IC-05,tier2,CORE,CORE,,,study_context,study_type,experimental,,,,reported,Study type stated or directly established from the paper's method description.,"PDF p.1, 1. Introduction",text,complete,verified,Tier 2 chapter-core extraction; exact supporting sentence retained in definition/notes.,PAR-D005-0001,CTX-D005-CORE-CORE,classification,chapter_core,,,,,,,,,LOC-D005-0001,,,1.1
D005,D-IC-05,tier2,CORE,CORE,,,study_context,application_context,Potential for Shock-Wave Generation at Diesel Engine Conditions and Its Influence on Spray Characteristics,,,,reported,Paper-specific review context identified by the verified title and abstract.,"PDF p.1, 1. Introduction",text,complete,verified,Tier 2 chapter-core extraction; exact supporting sentence retained in definition/notes.,PAR-D005-0002,CTX-D005-CORE-CORE,classification,chapter_core,,,,,,,,,LOC-D005-0001,,,1.1
D005,D-IC-05,tier2,CORE,CORE,,,rde_detonation,droplet_detonation_interaction,Shock-wave generation during fuel injection could increase the spray penetration and reduce the spray angle.,,,,reported,Shock-wave generation during fuel injection could increase the spray penetration and reduce the spray angle.,"PDF p.17, References",text,complete,verified,Tier 2 chapter-core extraction; exact supporting sentence retained in definition/notes.,PAR-D005-0003,CTX-D005-CORE-CORE,measured_output,RDE/detonation application,,,,,HIST-D005-001,,,PROC-D005-001,LOC-D005-0002,,,1.1
D007,D-RDE-02,tier2,CORE,CORE,,,study_context,study_type,numerical,,,,reported,Study type stated or directly established from the paper's method description.,"PDF p.1, 1. Introduction",text,complete,verified,Tier 2 chapter-core extraction; exact supporting sentence retained in definition/notes.,PAR-D007-0001,CTX-D007-CORE-CORE,classification,chapter_core,,,,,,,,,LOC-D007-0001,,,1.1
D007,D-RDE-02,tier2,CORE,CORE,,,study_context,application_context,Numerical study on rotating detonation stability in two-phase kerosene-air mixture,,,,reported,Paper-specific review context identified by the verified title and abstract.,"PDF p.1, 1. Introduction",text,complete,verified,Tier 2 chapter-core extraction; exact supporting sentence retained in definition/notes.,PAR-D007-0002,CTX-D007-CORE-CORE,classification,chapter_core,,,,,,,,,LOC-D007-0001,,,1.1
D007,D-RDE-02,tier2,CORE,CORE,,,rde_detonation,droplet_detonation_interaction,"A fundamental investigation on the stability of kerosene/air two-phase rotating detonation, focusing on the self-sustained propagation and quenching, is performed based on the hybrid Eulerian-Lagrangian two-phase ﬂow model with a simpliﬁed two- step reaction mechanism.",,,,reported,"A fundamental investigation on the stability of kerosene/air two-phase rotating detonation, focusing on the self-sustained propagation and quenching, is performed based on the hybrid Eulerian-Lagrangian two-phase ﬂow model with a simpliﬁed two- step reaction mechanism.","PDF p.18, References",text,complete,verified,Tier 2 chapter-core extraction; exact supporting sentence retained in definition/notes.,PAR-D007-0003,CTX-D007-CORE-CORE,simulated_output,RDE/detonation application,,,,,HIST-D007-001,,,PROC-D007-001,LOC-D007-0002,,,1.1
D010,D-RDE-05,tier2,CORE,CORE,,,study_context,study_type,numerical,,,,reported,Study type stated or directly established from the paper's method description.,"PDF p.1, 1. Introduction",text,complete,verified,Tier 2 chapter-core extraction; exact supporting sentence retained in definition/notes.,PAR-D010-0001,CTX-D010-CORE-CORE,classification,chapter_core,,,,,,,,,LOC-D010-0001,,,1.1
D010,D-RDE-05,tier2,CORE,CORE,,,study_context,application_context,Simulation of liquid droplets combustion in a rotating detonation engine,,,,reported,Paper-specific review context identified by the verified title and abstract.,"PDF p.1, 1. Introduction",text,complete,verified,Tier 2 chapter-core extraction; exact supporting sentence retained in definition/notes.,PAR-D010-0002,CTX-D010-CORE-CORE,classification,chapter_core,,,,,,,,,LOC-D010-0001,,,1.1
D010,D-RDE-05,tier2,CORE,CORE,,,rde_detonation,droplet_detonation_interaction,The liquid properties show minimal variation in the azimuthal direction along the detonation wave.,,,,reported,The liquid properties show minimal variation in the azimuthal direction along the detonation wave.,"PDF p.8, 4. Conclusions",text,complete,verified,Tier 2 chapter-core extraction; exact supporting sentence retained in definition/notes.,PAR-D010-0003,CTX-D010-CORE-CORE,simulated_output,RDE/detonation application,,,,,HIST-D010-001,,,PROC-D010-001,LOC-D010-0002,,,1.1
D010,D-RDE-05,tier2,CORE,CORE,,,droplet_initial,droplet_diameter_initial,20,um,2e-05,m,reported,"Based on this, for the currently injected 20 μm droplets, τdrop /τcycle ≈ 2 .","PDF p.7, 3. Results and discussion",text,complete,verified,Tier 2 chapter-core extraction; exact supporting sentence retained in definition/notes.,PAR-D010-0004,CTX-D010-CORE-CORE,initial_condition,chapter_core,,,,,,,,,LOC-D010-0003,,,1.1
D011,D-RDE-06,tier2,CORE,CORE,,,study_context,study_type,numerical,,,,reported,Study type stated or directly established from the paper's method description.,"PDF p.1, abstract",text,complete,verified,Tier 2 chapter-core extraction; exact supporting sentence retained in definition/notes.,PAR-D011-0001,CTX-D011-CORE-CORE,classification,chapter_core,,,,,,,,,LOC-D011-0001,,,1.1
D011,D-RDE-06,tier2,CORE,CORE,,,study_context,application_context,Effects of droplet evaporation on the flow field of hydrogen-enhanced rotating detonation engines with liquid kerosene,,,,reported,Paper-specific review context identified by the verified title and abstract.,"PDF p.1, abstract",text,complete,verified,Tier 2 chapter-core extraction; exact supporting sentence retained in definition/notes.,PAR-D011-0002,CTX-D011-CORE-CORE,classification,chapter_core,,,,,,,,,LOC-D011-0001,,,1.1
D011,D-RDE-06,tier2,CORE,CORE,,,rde_detonation,droplet_detonation_interaction,The hydrogen addition is implemented for combustion enhancement of the liquid kerosene and helps to ignite and achieve a self- sustained two-phase rotating detonation wave (RDW).,,,,reported,The hydrogen addition is implemented for combustion enhancement of the liquid kerosene and helps to ignite and achieve a self- sustained two-phase rotating detonation wave (RDW).,"PDF p.1, abstract",text,complete,verified,Tier 2 chapter-core extraction; exact supporting sentence retained in definition/notes.,PAR-D011-0003,CTX-D011-CORE-CORE,simulated_output,RDE/detonation application,,,,,HIST-D011-001,,,PROC-D011-001,LOC-D011-0001,,,1.1
D013,D-RDE-08,tier2,CORE,CORE,,,study_context,study_type,numerical,,,,reported,Study type stated or directly established from the paper's method description.,"PDF p.1, 1. Introduction",text,complete,verified,Tier 2 chapter-core extraction; exact supporting sentence retained in definition/notes.,PAR-D013-0001,CTX-D013-CORE-CORE,classification,chapter_core,,,,,,,,,LOC-D013-0001,,,1.1
D013,D-RDE-08,tier2,CORE,CORE,,,study_context,application_context,Effects of the droplet size and engine size on two-phase kerosene/air rotating detonation engines in flight operation conditions,,,,reported,Paper-specific review context identified by the verified title and abstract.,"PDF p.1, 1. Introduction",text,complete,verified,Tier 2 chapter-core extraction; exact supporting sentence retained in definition/notes.,PAR-D013-0002,CTX-D013-CORE-CORE,classification,chapter_core,,,,,,,,,LOC-D013-0001,,,1.1
D013,D-RDE-08,tier2,CORE,CORE,,,rde_detonation,droplet_detonation_interaction,"When the 20 μ m and 30 μ m droplets are adopted, the rotating detonation waves tend to be divided into two layers and form the λ -shaped shock structure.",,,,reported,"When the 20 μ m and 30 μ m droplets are adopted, the rotating detonation waves tend to be divided into two layers and form the λ -shaped shock structure.","PDF p.10, References",text,complete,verified,Tier 2 chapter-core extraction; exact supporting sentence retained in definition/notes.,PAR-D013-0003,CTX-D013-CORE-CORE,simulated_output,RDE/detonation application,,,,,HIST-D013-001,,,PROC-D013-001,LOC-D013-0002,,,1.1
D014,D-RDE-09,tier2,CORE,CORE,,,study_context,study_type,numerical,,,,reported,Study type stated or directly established from the paper's method description.,"PDF p.1, 1. Introduction",text,complete,verified,Tier 2 chapter-core extraction; exact supporting sentence retained in definition/notes.,PAR-D014-0001,CTX-D014-CORE-CORE,classification,chapter_core,,,,,,,,,LOC-D014-0001,,,1.1
D014,D-RDE-09,tier2,CORE,CORE,,,study_context,application_context,Characterization of droplet kinematics and spatial distribution in a two-phase ethanol-fueled rotating detonation flow field,,,,reported,Paper-specific review context identified by the verified title and abstract.,"PDF p.1, 1. Introduction",text,complete,verified,Tier 2 chapter-core extraction; exact supporting sentence retained in definition/notes.,PAR-D014-0002,CTX-D014-CORE-CORE,classification,chapter_core,,,,,,,,,LOC-D014-0001,,,1.1
D014,D-RDE-09,tier2,CORE,CORE,,,rde_detonation,droplet_detonation_interaction,"Droplets close to the detonation wave undergo rapid evaporation and experience temperature spikes, while those further downstream encounter gradual temperature increases and slower evaporation rates.",,,,reported,"Droplets close to the detonation wave undergo rapid evaporation and experience temperature spikes, while those further downstream encounter gradual temperature increases and slower evaporation rates.","PDF p.10, 4. Conclusion",text,complete,verified,Tier 2 chapter-core extraction; exact supporting sentence retained in definition/notes.,PAR-D014-0003,CTX-D014-CORE-CORE,simulated_output,RDE/detonation application,,,,,HIST-D014-001,,,PROC-D014-001,LOC-D014-0002,,,1.1
D015,D-RDE-10,tier2,CORE,CORE,,,study_context,study_type,experimental,,,,reported,Study type stated or directly established from the paper's method description.,"PDF p.1, 1. Introduction",text,complete,verified,Tier 2 chapter-core extraction; exact supporting sentence retained in definition/notes.,PAR-D015-0001,CTX-D015-CORE-CORE,classification,chapter_core,,,,,,,,,LOC-D015-0001,,,1.1
D015,D-RDE-10,tier2,CORE,CORE,,,study_context,application_context,Effect of spray characteristics on the dynamic characteristics and mode distribution pattern of kerosene/air detonation,,,,reported,Paper-specific review context identified by the verified title and abstract.,"PDF p.1, 1. Introduction",text,complete,verified,Tier 2 chapter-core extraction; exact supporting sentence retained in definition/notes.,PAR-D015-0002,CTX-D015-CORE-CORE,classification,chapter_core,,,,,,,,,LOC-D015-0001,,,1.1
D015,D-RDE-10,tier2,CORE,CORE,,,rde_detonation,droplet_detonation_interaction,This study conducted experimental study of kerosene/air two-phase rotating detonation.,,,,reported,This study conducted experimental study of kerosene/air two-phase rotating detonation.,"PDF p.16, 7. Conclusion",text,complete,verified,Tier 2 chapter-core extraction; exact supporting sentence retained in definition/notes.,PAR-D015-0003,CTX-D015-CORE-CORE,measured_output,RDE/detonation application,,,,,HIST-D015-001,,,PROC-D015-001,LOC-D015-0002,,,1.1
D016,D-DW-01,tier2,CORE,CORE,,,study_context,study_type,experimental,,,,reported,Study type stated or directly established from the paper's method description.,"PDF p.1, Front matter and abstract",text,complete,verified,Tier 2 chapter-core extraction; exact supporting sentence retained in definition/notes.,PAR-D016-0001,CTX-D016-CORE-CORE,classification,chapter_core,,,,,,,,,LOC-D016-0001,,,1.1
D016,D-DW-01,tier2,CORE,CORE,,,study_context,application_context,Breakup characteristics of droplets induced bydetonation waves under different diametersand Mach numbers,,,,reported,Paper-specific review context identified by the verified title and abstract.,"PDF p.1, Front matter and abstract",text,complete,verified,Tier 2 chapter-core extraction; exact supporting sentence retained in definition/notes.,PAR-D016-0002,CTX-D016-CORE-CORE,classification,chapter_core,,,,,,,,,LOC-D016-0001,,,1.1
D016,D-DW-01,tier2,CORE,CORE,,,rde_detonation,droplet_detonation_interaction,The breakup dynamics of water droplets induced by detonation waves under varying diameters and Mach numbers were experimentally investi- gated in the present study.,,,,reported,The breakup dynamics of water droplets induced by detonation waves under varying diameters and Mach numbers were experimentally investi- gated in the present study.,"PDF p.2, ABSTRACT",text,complete,verified,Tier 2 chapter-core extraction; exact supporting sentence retained in definition/notes.,PAR-D016-0003,CTX-D016-CORE-CORE,measured_output,RDE/detonation application,,,,,HIST-D016-001,,,PROC-D016-001,LOC-D016-0002,,,1.1
A007,A-NG-07,tier1,A007-RCEM,A007-RCEM,,,study_context,study_type,experimental,,,,reported,RCEM optical experiment.,"PDF p.1, Abstract",text,complete,verified,Primary experiment.,PAR-A007-0001,CTX-A007-A007-RCEM-A007-RCEM,classification,,,,,,,,,,LOC-A007-0001,,,1.1
A007,A-NG-07,tier1,A007-RCEM,A007-RCEM,,,study_context,geometry_type,200 mm bore RCEM; 14 dm3 cylinder volume,,,,reported,Test-facility geometry.,"PDF p.2, Table 1",table,complete,verified,Composite descriptive geometry retained verbatim.,PAR-A007-0002,CTX-A007-A007-RCEM-A007-RCEM,experimental_control,,,,,,,,,,LOC-A007-0002,,,1.1
A007,A-NG-07,tier1,A007-RCEM,A007-RCEM,,,ambient_conditions,ambient_pressure,75 +/- 1.5,bar,7500000 +/- 150000,Pa,reported,Combustion-chamber pressure at TDC.,"PDF p.2, Table 1",table,complete,verified,Pressure basis not stated; retained without absolute/gauge inference.,PAR-A007-0003,CTX-A007-A007-RCEM-A007-RCEM,operating_condition,RCEM_TDC,,,,,,,,,LOC-A007-0002,,,1.1
A007,A-NG-07,tier1,A007-RCEM,A007-RCEM,,,ambient_conditions,ambient_temperature,780 +/- 4,K,780 +/- 4,K,reported,Combustion-chamber temperature at TDC.,"PDF p.2, Table 1",table,complete,verified,Reported uncertainty retained.,PAR-A007-0004,CTX-A007-A007-RCEM-A007-RCEM,operating_condition,RCEM_TDC,,,,,,,,,LOC-A007-0002,,,1.1
A007,A-NG-07,tier1,A007-RCEM,A007-RCEM,,,injection_conditions,injection_pressure,2000,bar,200000000,Pa,reported,Diesel injection pressure; basis not specified.,"PDF p.2, Table 1",table,complete,verified,No absolute/gauge assumption.,PAR-A007-0005,CTX-A007-A007-RCEM-A007-RCEM,operating_condition,diesel_pilot,,,,,,,,,LOC-A007-0002,,,1.1
A007,A-NG-07,tier1,A007-RCEM,A007-RCEM,,,injection_conditions,injection_pressure,330,bar,33000000,Pa,reported,Natural-gas injection pressure; basis not specified.,"PDF p.2, Table 1",table,complete,verified,No NPR derived.,PAR-A007-0006,CTX-A007-A007-RCEM-A007-RCEM,operating_condition,natural_gas,,,,,,,,,LOC-A007-0002,,,1.1
A007,A-NG-07,tier1,A007-RCEM,A007-RCEM,,,injection_conditions,injection_duration,395,us,0.000395,s,reported,Diesel injection duration.,"PDF p.2, Table 1",table,complete,verified,,PAR-A007-0007,CTX-A007-A007-RCEM-A007-RCEM,experimental_control,diesel_pilot,,,,,,,,,LOC-A007-0002,,,1.1
A007,A-NG-07,tier1,A007-RCEM,A007-RCEM,,,injection_conditions,injection_duration,2730,us,0.00273,s,reported,Natural-gas injection duration.,"PDF p.2, Table 1",table,complete,verified,,PAR-A007-0008,CTX-A007-A007-RCEM-A007-RCEM,experimental_control,natural_gas,,,,,,,,,LOC-A007-0002,,,1.1
A007,A-NG-07,tier1,A007-RCEM,A007-RCEM,,,interaction_geometry,relative_injection_angle,-90 to +30,deg,,,reported,Angle between diesel-pilot and natural-gas jet axes using the paper sign convention.,"PDF p.2, Table 1",table,complete,verified,Range retained.,PAR-A007-0009,CTX-A007-A007-RCEM-A007-RCEM,experimental_control,two_jet_interaction,,,,,,,,,LOC-A007-0002,Paper-defined signed jet angle; negative values indicate intersecting configurations shown in Fig. 7.,,1.1
A007,A-NG-07,tier1,A007-RCEM,A007-RCEM,,,ignition_combustion,gas_jet_pilot_interaction,successful gas ignition possible below +25 deg between diverging jets; strong overlap can inhibit pilot ignition,,,,reported,Observed operability boundary and interaction effect.,"PDF pp.7-8, Conclusions",text,complete,verified,Boundary is configuration-specific.,PAR-A007-0010,CTX-A007-A007-RCEM-A007-RCEM,measured_output,two_jet_interaction,,,,,,,,,LOC-A007-0007,,,1.1
B021,B-E-01,tier1,B021-NPR,B021-NPR,,,study_context,study_type,numerical,,,,reported,RANS/URANS study.,"PDF p.1, Abstract",text,complete,verified,Primary simulation evidence.,PAR-B021-0001,CTX-B021-B021-NPR-B021-NPR,classification,,,,,,,,,,LOC-B021-0001,,,1.1
B021,B-E-01,tier1,B021-NPR,B021-NPR,,,injection_conditions,stagnation_pressure,10,bar,1000000,Pa,reported,Total pressure imposed at plenum inlet.,"PDF p.4, numerical boundary conditions",text,complete,verified,Total pressure explicitly stated.,PAR-B021-0002,CTX-B021-B021-NPR-B021-NPR,boundary_condition,plenum_inlet,,,,,,,,,LOC-B021-0002,,,1.1
B021,B-E-01,tier1,B021-NPR10,B021-NPR10,,,ambient_conditions,ambient_pressure,1,bar,100000,Pa,reported,Uniform static outlet pressure in validation case.,"PDF p.4, numerical boundary conditions",text,complete,verified,Static pressure.,PAR-B021-0003,CTX-B021-B021-NPR10-B021-NPR10,boundary_condition,discharge_chamber,,,,,,,,,LOC-B021-0002,,,1.1
B021,B-E-01,tier1,B021-NPR10,B021-NPR10,,,jet_global,NPR_reported,10,1,10,1,reported,Plenum total pressure divided by discharge-chamber static pressure.,"PDF p.7, Fig. 10",text,complete,verified,Contextual NPR.,PAR-B021-0004,CTX-B021-B021-NPR10-B021-NPR10,experimental_control,underexpanded_hydrogen_jet,,,,,,RATIO-B021-001,,,LOC-B021-0003,,,1.1
B021,B-E-01,tier1,B021-NPR,B021-NPR,,,injector_nozzle,nozzle_diameter,1,mm,0.001,m,reported,Convergent-nozzle exit diameter in NPR sweep.,"PDF p.4, numerical boundary conditions",text,complete,verified,,PAR-B021-0005,CTX-B021-B021-NPR-B021-NPR,boundary_condition,,,,,,,,,,LOC-B021-0002,,,1.1
B021,B-E-01,tier1,B021-NPR5,B021-NPR5,,,shock_structure,mach_disk_distance,1.299,mm,0.001299,m,reported,Steady simulated Mach-disk height at NPR 5.,"PDF pp.7-9, Eqs. 7-9, Tables 2-3",table,complete,verified,Table 3.,PAR-B021-0006,CTX-B021-B021-NPR5-B021-NPR5,simulated_output,Mach_disk,jet_axis,quasi_steady,,,,,,,LOC-B021-0004,,,1.1
B021,B-E-01,tier1,B021-NPR60,B021-NPR60,,,shock_structure,mach_disk_distance,5.362,mm,0.005362,m,reported,Steady simulated Mach-disk height at NPR 60.,"PDF pp.7-9, Eqs. 7-9, Tables 2-3",table,complete,verified,Table 3.,PAR-B021-0007,CTX-B021-B021-NPR60-B021-NPR60,simulated_output,Mach_disk,jet_axis,quasi_steady,,,,,,,LOC-B021-0004,,,1.1
B021,B-E-01,tier1,B021-NPR5,B021-NPR5,,,shock_structure,mach_disk_diameter,0.337,mm,0.000337,m,reported,Steady simulated Mach-disk diameter at NPR 5.,"PDF pp.7-9, Eqs. 7-9, Tables 2-3",table,complete,verified,Table 2.,PAR-B021-0008,CTX-B021-B021-NPR5-B021-NPR5,simulated_output,Mach_disk,,quasi_steady,,,,,,,LOC-B021-0004,,,1.1
B021,B-E-01,tier1,B021-NPR60,B021-NPR60,,,shock_structure,mach_disk_diameter,3.425,mm,0.003425,m,reported,Steady simulated Mach-disk diameter at NPR 60.,"PDF pp.7-9, Eqs. 7-9, Tables 2-3",table,complete,verified,Table 2.,PAR-B021-0009,CTX-B021-B021-NPR60-B021-NPR60,simulated_output,Mach_disk,,quasi_steady,,,,,,,LOC-B021-0004,,,1.1
B021,B-E-01,tier1,B021-ICE,B021-ICE,,,injection_conditions,injection_pressure,100,bar,10000000,Pa,reported,Upstream hydrogen pressure in ICE test case.,"PDF pp.9-10, Fig. 16, Tables 4-6",text,complete,verified,Pressure basis not explicitly labeled absolute/gauge.,PAR-B021-0010,CTX-B021-B021-ICE-B021-ICE,boundary_condition,upstream_hydrogen,,,,,,,,,LOC-B021-0005,,,1.1
B021,B-E-01,tier1,B021-ICE,B021-ICE,,,ambient_conditions,ambient_pressure,6.15 to 32.94,bar,615000 to 3294000,Pa,reported,Modeled static in-cylinder chamber pressure over injection.,"PDF pp.9-10, Fig. 16, Tables 4-6",text,complete,verified,Range and time dependence retained; this is the chamber-side pressure used in NPR.,PAR-B021-0011,CTX-B021-B021-ICE-B021-ICE,operating_condition,ICE_time_resolved_chamber,,,,,HIST-B021-001,,,,LOC-B021-0005,,,1.1
B021,B-E-01,tier1,B021-ICE,B021-ICE,,,jet_global,NPR_reported,16.24 to 2.97,1,,,reported,Upstream hydrogen pressure divided by time-varying in-cylinder static pressure.,"PDF pp.9-10, Fig. 16, Tables 4-6",text,complete,verified,Decreasing over 4.9 ms.,PAR-B021-0012,CTX-B021-B021-ICE-B021-ICE,operating_condition,ICE_time_resolved,,,,,HIST-B021-001,RATIO-B021-002,,,LOC-B021-0005,,,1.1
B021,B-E-01,tier1,B021-ICE,B021-ICE,,,ambient_conditions,ambient_temperature,491,K,491,K,reported,Computed ICE ambient temperature for NPR 12.7 case; compared with 300 K.,"PDF p.12, Figs. 20-21",text,complete,verified,Authors compute using isentropic/compressor/intercooler assumptions.,PAR-B021-0013,CTX-B021-B021-ICE-B021-ICE,model_input,ICE_cylinder,,,,,,,,,LOC-B021-0007,,,1.1
B021,B-E-01,tier1,B021-MULTI,B021-MULTI,,,interaction_geometry,interaction_region,parallel jets at 1 and 2 mm inter-axis spacing,,,,reported,Two- and three-jet geometries at NPR 10.,"PDF pp.13-15, Figs. 22-28",text,complete,verified,No droplet S/D interpretation.,PAR-B021-0014,CTX-B021-B021-MULTI-B021-MULTI,experimental_control,parallel_hydrogen_jets,,,,,,,,,LOC-B021-0008,,,1.1
B021,B-E-01,tier1,B021-MULTI-1MM,B021-MULTI-1MM,,,interaction_geometry,jet_axis_angle,12.5,deg,,,reported,Mean post-Mach-disk flow deflection toward symmetry line for two jets at 1 mm inter-axis.,"PDF pp.13-15, Figs. 22-28",figure,complete,verified,Explicitly stated; not digitized.,PAR-B021-0015,CTX-B021-B021-MULTI-1MM-B021-MULTI-1MM,simulated_output,jet_jet_interaction,,,,,,,,,LOC-B021-0008,,,1.1
B021,B-E-01,tier1,B021-MULTI-1MM,B021-MULTI-1MM,,,ambient_conditions,ambient_pressure,39,kPa,39000,Pa,reported,Minimum static pressure along inter-jet symmetry line after initial squeeze-induced rise.,"PDF pp.13-15, Figs. 22-28",text,complete,verified,Not ambient boundary condition; name retained as nearest schema variable with contextual definition.,PAR-B021-0016,CTX-B021-B021-MULTI-1MM-B021-MULTI-1MM,simulated_output,inter_jet_low_pressure_region,,,,,,,,,LOC-B021-0008,,,1.1
C029,C-PC-03,tier1,C029-TEMP,C029-TEMP,,,study_context,study_type,numerical,,,,reported,Axisymmetric diffuse-interface simulation.,"PDF p.1, Abstract",text,complete,verified,Primary numerical evidence.,PAR-C029-0001,CTX-C029-C029-TEMP-C029-TEMP,classification,,,,,,,,,,LOC-C029-0001,,,1.1
C029,C-PC-03,tier1,C029-TEMP,C029-TEMP,,,study_context,working_gas,nitrogen,,,,reported,Surrounding fluid.,"PDF pp.7-10, Figs. 4-5, Eqs. 11-12",text,complete,verified,,PAR-C029-0002,CTX-C029-C029-TEMP-C029-TEMP,model_input,,,,,,,,,,LOC-C029-0005,,,1.1
C029,C-PC-03,tier1,C029-TEMP,C029-TEMP,,,droplet_initial,fuel_species,n-dodecane,,,,reported,Droplet fluid/diesel surrogate.,"PDF pp.7-10, Figs. 4-5, Eqs. 11-12",text,complete,verified,,PAR-C029-0003,CTX-C029-C029-TEMP-C029-TEMP,model_input,,,,,,,,,,LOC-C029-0005,,,1.1
C029,C-PC-03,tier1,C029-TEMP,C029-TEMP,,,droplet_initial,droplet_diameter_initial,5,cm,0.05,m,reported,Initial modeled droplet diameter.,"PDF pp.7-10, Figs. 4-5, Eqs. 11-12",text,complete,verified,Large idealized droplet.,PAR-C029-0004,CTX-C029-C029-TEMP-C029-TEMP,initial_condition,,,,,,,,,,LOC-C029-0005,,,1.1
C029,C-PC-03,tier1,C029-TEMP,C029-TEMP,,,phase_change,transcritical_condition,p/pc > 1 with temperature crossing the pseudoboiling/Widom line from liquidlike to gaslike supercritical state,,,,reported,Authors' transcritical state definition.,"PDF pp.2-3, Fig. 1",text,complete,verified,No external property completion.,PAR-C029-0005,CTX-C029-C029-TEMP-C029-TEMP,classification,,,,,,,,,,LOC-C029-0002,,,1.1
C029,C-PC-03,tier1,C029-T500,C029-T500,,,droplet_initial,droplet_temperature_initial,500,K,500,K,reported,Temperature-sweep initial state at 6 MPa/Mach 1.2.,"PDF pp.31-32, Tables I-III",table,complete,verified,Liquidlike divergent case.,PAR-C029-0006,CTX-C029-C029-T500-C029-T500,initial_condition,,,,,,,,,,LOC-C029-0010,,,1.1
C029,C-PC-03,tier1,C029-T650,C029-T650,,,droplet_initial,droplet_temperature_initial,650,K,650,K,reported,Temperature-sweep initial state at 6 MPa/Mach 1.2.,"PDF pp.31-32, Tables I-III",table,complete,verified,Near-critical convergent case.,PAR-C029-0007,CTX-C029-C029-T650-C029-T650,initial_condition,,,,,,,,,,LOC-C029-0010,,,1.1
C029,C-PC-03,tier1,C029-T650,C029-T650,,,ambient_conditions,ambient_pressure,6,MPa,6000000,Pa,reported,Preshock nitrogen and droplet pressure.,"PDF pp.31-32, Tables I-III",table,complete,verified,Absolute/gauge basis not separately labeled; PR-EoS thermodynamic pressure.,PAR-C029-0008,CTX-C029-C029-T650-C029-T650,initial_condition,preshock,,,,,,,,,LOC-C029-0010,,,1.1
C029,C-PC-03,tier1,C029-T650,C029-T650,,,shock_structure,incident_shock_Mach,1.2,1,1.2,1,reported,Incident normal-shock propagation Mach in nitrogen.,"PDF pp.31-32, Tables I-III",table,complete,verified,Not a jet or detonation Mach.,PAR-C029-0009,CTX-C029-C029-T650-C029-T650,initial_condition,incident_shock,laboratory,,,,,,DIM-C029-001,,LOC-C029-0010,,,1.1
C029,C-PC-03,tier1,C029-T650,C029-T650,,,dimensionless_numbers,reported_value,1.8,1,1.8,1,reported,"Speed-of-sound ratio n=c_surrounding/c_droplet at 650 K, 6 MPa.","PDF pp.5-7, Eqs. 8-10",table,complete,verified,Strongly convergent.,PAR-C029-0010,CTX-C029-C029-T650-C029-T650,initial_condition,shock_droplet_refraction,,,,,,RATIO-C029-001,,,LOC-C029-0004,,,1.1
C029,C-PC-03,tier1,C029-T650,C029-T650,,,shock_structure,post_shock_density,40.38,kg/m^3,40.38,kg/m^3,reported,"Postshock nitrogen density for 650 K, 6 MPa, Mach 1.2.","PDF pp.31-32, Tables I-III",table,complete,verified,Table I.,PAR-C029-0011,CTX-C029-C029-T650-C029-T650,model_input,post_shock_freestream,,,,,,,,,LOC-C029-0010,,,1.1
C029,C-PC-03,tier1,C029-T650,C029-T650,,,shock_structure,post_shock_velocity,-160.3,m/s,-160.3,m/s,reported,Postshock axial velocity; negative follows paper leftward sign convention.,"PDF pp.31-32, Tables I-III",table,complete,verified,Table I.,PAR-C029-0012,CTX-C029-C029-T650-C029-T650,model_input,post_shock_freestream,laboratory,,,,,,,,LOC-C029-0010,Negative z velocity corresponds to leftward postshock flow.,,1.1
C029,C-PC-03,tier1,C029-T650,C029-T650,,,droplet_initial,surface_tension,approximately 1e-3,N/m,approximately 1e-3,N/m,reported,Authors' conservative approximation near critical temperature from their prior work.,"PDF p.19, Eq. 13",text,complete,verified,Approximate and not externally completed.,PAR-C029-0013,CTX-C029-C029-T650-C029-T650,model_input,,,,,,,,,,LOC-C029-0007,,,1.1
C029,C-PC-03,tier1,C029-T650,C029-T650,,,dimensionless_numbers,We_reported,approximately 5e7,1,approximately 5e7,1,reported,"rho_post*u_post^2*D0/sigma for the Mach 1.2, 650 K, 6 MPa case.","PDF p.19, Eq. 13",text,complete,verified,Paper-reported approximate value; not recalculated by the project.,PAR-C029-0014,CTX-C029-C029-T650-C029-T650,initial_condition,post_shock_aerodynamic,droplet_fixed,,,,,,DIM-C029-002,,LOC-C029-0007,,,1.1
C029,C-PC-03,tier1,C029-P9.2,C029-P9.2,,,dimensionless_numbers,reported_value,1.48,1,1.48,1,reported,Computed SoS ratio for transitional weak/strong-convergence case near 9.2 MPa and 650 K.,"PDF pp.21-25, Figs. 15-20",text,complete,verified,Paper notes a simplified predicted threshold n=1.5 and simulated case n=1.48.,PAR-C029-0015,CTX-C029-C029-P9.2-C029-P9.2,classification,shock_droplet_refraction,,,,,,RATIO-C029-002,,,LOC-C029-0008,,,1.1
C029,C-PC-03,tier1,C029-M2,C029-M2,,,shock_structure,incident_shock_Mach,2.0,1,2.0,1,reported,Incident normal-shock propagation Mach at 650 K and 6 MPa.,"PDF pp.31-32, Tables I-III",table,complete,verified,Table III.,PAR-C029-0016,CTX-C029-C029-M2-C029-M2,initial_condition,incident_shock,laboratory,,,,,,DIM-C029-003,,LOC-C029-0010,,,1.1
D019,D-DW-04,tier1,D019-ALL,D019-ALL,,,study_context,study_type,numerical,,,,reported,Comparative reactive/inert compressible multiphase simulation.,"PDF p.1, Abstract",text,complete,verified,Primary numerical evidence.,PAR-D019-0001,CTX-D019-D019-ALL-D019-ALL,classification,,,,,,,,,,LOC-D019-0001,,,1.1
D019,D-DW-04,tier1,D019-ALL,D019-ALL,,,droplet_initial,droplet_diameter_initial,4.8,mm,0.0048,m,reported,Initial water-droplet diameter.,"PDF pp.3-4, Table I",text,complete,verified,,PAR-D019-0002,CTX-D019-D019-ALL-D019-ALL,initial_condition,,,,,,,,,,LOC-D019-0002,,,1.1
D019,D-DW-04,tier1,D019-DET,D019-DET,,,ambient_conditions,ambient_temperature,300,K,300,K,reported,Initial reactive-mixture temperature.,"PDF pp.3-4, Table I",text,complete,verified,,PAR-D019-0003,CTX-D019-D019-DET-D019-DET,initial_condition,preshock,,,,,,,,,LOC-D019-0002,,,1.1
D019,D-DW-04,tier1,D019-DET,D019-DET,,,ambient_conditions,ambient_pressure,50,kPa,50000,Pa,reported,Initial reactive-mixture pressure.,"PDF pp.3-4, Table I",text,complete,verified,Thermodynamic pressure; gauge/absolute not separately labeled.,PAR-D019-0004,CTX-D019-D019-DET-D019-DET,initial_condition,preshock,,,,,,,,,LOC-D019-0002,,,1.1
D019,D-DW-04,tier1,D019-ALL,D019-ALL,,,shock_structure,incident_shock_Mach,4.8,1,4.8,1,reported,Leading shock Mach matched between detonation and inert-shock cases.,"PDF pp.10-15, Figs. 8-15, Eqs. 23-25",text,complete,verified,Not detonation-wave Mach in a rotating frame.,PAR-D019-0005,CTX-D019-D019-ALL-D019-ALL,initial_condition,incident_shock,laboratory,,,,,,DIM-D019-001,,LOC-D019-0006,,,1.1
D019,D-DW-04,tier1,D019-DET,D019-DET,,,dimensionless_numbers,We_reported,5.42e4,1,5.42e4,1,reported,Reported Weber number for planar detonation-wave case; component definition not given in Table I.,"PDF pp.3-4, Table I",table,complete,verified,Definition incomplete in source.,PAR-D019-0006,CTX-D019-D019-DET-D019-DET,initial_condition,post_wave_aerodynamic,,,,,,,DIM-D019-002,,LOC-D019-0002,,,1.1
D019,D-DW-04,tier1,D019-SHOCK,D019-SHOCK,,,dimensionless_numbers,We_reported,3.18e5,1,3.18e5,1,reported,Reported Weber number for planar inert-shock case; component definition not given in Table I.,"PDF pp.3-4, Table I",table,complete,verified,Definition incomplete in source.,PAR-D019-0007,CTX-D019-D019-SHOCK-D019-SHOCK,initial_condition,post_wave_aerodynamic,,,,,,,DIM-D019-003,,LOC-D019-0002,,,1.1
D019,D-DW-04,tier1,D019-DET,D019-DET,,,dimensionless_numbers,Re_reported,4.80e4,1,4.80e4,1,reported,Reported Reynolds number for planar detonation-wave case.,"PDF pp.3-4, Table I",table,complete,verified,Definition incomplete in source.,PAR-D019-0008,CTX-D019-D019-DET-D019-DET,initial_condition,post_wave_aerodynamic,,,,,,,DIM-D019-004,,LOC-D019-0002,,,1.1
D019,D-DW-04,tier1,D019-SHOCK,D019-SHOCK,,,dimensionless_numbers,Re_reported,2.00e5,1,2.00e5,1,reported,Reported Reynolds number for planar inert-shock case.,"PDF pp.3-4, Table I",table,complete,verified,Definition incomplete in source.,PAR-D019-0009,CTX-D019-D019-SHOCK-D019-SHOCK,initial_condition,post_wave_aerodynamic,,,,,,,DIM-D019-005,,LOC-D019-0002,,,1.1
D019,D-DW-04,tier1,D019-ALL,D019-ALL,,,dimensionless_numbers,reference_density,NV,,,,NV,Gas-density component used in reported We/Re values.,"PDF pp.3-4, Table I",table,complete,verified,No external property lookup.,PAR-D019-0010,CTX-D019-D019-ALL-D019-ALL,unknown,post_wave_aerodynamic,,,,,,,,,LOC-D019-0002,,Table I reports We/Re but does not atomize the density component.,1.1
D019,D-DW-04,tier1,D019-ALL,D019-ALL,,,dimensionless_numbers,reference_velocity,NV,,,,NV,Velocity component used in reported We/Re values.,"PDF pp.3-4, Table I",table,complete,verified,No derivation.,PAR-D019-0011,CTX-D019-D019-ALL-D019-ALL,unknown,post_wave_aerodynamic,laboratory,,,,,,,,LOC-D019-0002,,Table I reports We/Re but does not atomize the velocity component.,1.1
D019,D-DW-04,tier1,D019-ALL,D019-ALL,,,dimensionless_numbers,We_surface_tension,NV,,,,NV,Surface-tension component of reported Weber values.,"PDF pp.3-4, Table I",table,complete,verified,Surface tension is omitted from the model.,PAR-D019-0012,CTX-D019-D019-ALL-D019-ALL,unknown,post_wave_aerodynamic,,,,,,,,,LOC-D019-0002,,Component value is not reported with Table I.,1.1
D019,D-DW-04,tier1,D019-ALL,D019-ALL,,,dimensionless_numbers,Re_viscosity,NV,,,,NV,Viscosity component of reported Reynolds values.,"PDF pp.3-4, Table I",table,complete,verified,Viscosity is omitted from the model.,PAR-D019-0013,CTX-D019-D019-ALL-D019-ALL,unknown,post_wave_aerodynamic,,,,,,,,,LOC-D019-0002,,Component value is not reported with Table I.,1.1
D019,D-DW-04,tier1,D019-ALL,D019-ALL,,,numerical_method,mesh_resolution,5,um,0.000005,m,reported,Uniform grid size selected after comparison with 2.5 and 10 um.,"PDF pp.7-8, Figs. 2-4",text,complete,verified,Primary contour convergence achieved; fine filament details remain resolution sensitive.,PAR-D019-0014,CTX-D019-D019-ALL-D019-ALL,model_input,,,,,,,,,,LOC-D019-0005,,,1.1
D019,D-DW-04,tier1,D019-ALL,D019-ALL,,,shock_loading,loading_time_scale,order 1e2,s,,,reported,Thermal-conduction timescale for main water droplet.,"PDF pp.5-6, thermal/deformation timescale analysis",text,complete,verified,Author timescale estimate.,PAR-D019-0015,CTX-D019-D019-ALL-D019-ALL,reported_correlation,thermal_conduction,,,,,,,,,LOC-D019-0004,,,1.1
D019,D-DW-04,tier1,D019-ALL,D019-ALL,,,droplet_response,deformation_time,order 1e-4,s,,,reported,Droplet deformation/wave-interaction characteristic timescale.,"PDF pp.5-6, thermal/deformation timescale analysis",text,complete,verified,Author timescale estimate.,PAR-D019-0016,CTX-D019-D019-ALL-D019-ALL,reported_correlation,wave_droplet_interaction,,,,,,,,,LOC-D019-0004,,,1.1
A002,A-NG-02,tier2,A002-HPDI,A002-HPDI,,,study_context,study_type,mixed,,,,reported,Experimental engine study with numerical support.,"PDF p. 1, Abstract",text,complete,verified,Classification from reported methods.,PAR-A002-0001,CTX-A002-A002-HPDI-A002-HPDI,classification,study_design,,,,,,,,,LOC-A002-0001,,,1.1
A002,A-NG-02,tier2,A002-HPDI,A002-HPDI,,,study_context,working_gas,natural gas,,,,reported,Main directly injected gaseous fuel.,"PDF p. 1, Abstract",text,complete,verified,Pilot fuel is diesel.,PAR-A002-0002,CTX-A002-A002-HPDI-A002-HPDI,descriptive_state,HPDI_main_fuel,,,,,,,,,LOC-A002-0001,,,1.1
A002,A-NG-02,tier2,A002-HPDI,A002-HPDI,,,injection_conditions,injection_pressure,300 to approximately 600,bar,30000000 to approximately 60000000,Pa,reported,Natural-gas rail/injection pressure range evaluated.,"PDF p. 14, Conclusions and Recommendations",text,complete,verified,Pressure reference type is not stated in the cited conclusion.,PAR-A002-0003,CTX-A002-A002-HPDI-A002-HPDI,experimental_control,natural_gas_rail_pressure,,,,,,,,,LOC-A002-0003,,,1.1
A002,A-NG-02,tier2,A002-HPDI,A002-HPDI,,,mixing,mixing_rate,higher pressure improved late-cycle mixing,,,,reported,Qualitative CFD comparison of 280 and 580 bar cases.,"PDF p. 12, Figure 16 and accompanying text",text,complete,verified,No project quantification.,PAR-A002-0004,CTX-A002-A002-HPDI-A002-HPDI,simulated_output,post_end_of_injection,,,,,,,,,LOC-A002-0002,,,1.1
A005,A-NG-05,tier2,A005-NOZZLES,A005-NOZZLES,,,study_context,study_type,mixed,,,,reported,Engine experiments plus reacting CFD.,"PDF p. 1, Abstract",text,complete,verified,Reported methods.,PAR-A005-0001,CTX-A005-A005-NOZZLES-A005-NOZZLES,classification,study_design,,,,,,,,,LOC-A005-0001,,,1.1
A005,A-NG-05,tier2,A005-NOZZLES,A005-NOZZLES,,,study_context,working_gas,natural gas,,,,reported,Main gaseous fuel in pilot-ignited HPDI.,"PDF p. 1, Abstract",text,complete,verified,Diesel pilot retained.,PAR-A005-0002,CTX-A005-A005-NOZZLES-A005-NOZZLES,descriptive_state,main_fuel,,,,,,,,,LOC-A005-0001,,,1.1
A005,A-NG-05,tier2,A005-NOZZLES,A005-NOZZLES,,,interaction_geometry,interaction_geometry,seven single holes replaced by seven closely aligned hole pairs,,,,reported,Paired-hole nozzle concept relative to equally spaced reference holes.,"PDF p. 1, Abstract",text,complete,verified,Four paired-hole variants were tested.,PAR-A005-0003,CTX-A005-A005-NOZZLES-A005-NOZZLES,experimental_control,injector_nozzle_pairing,,,,,,,,,LOC-A005-0001,,,1.1
A005,A-NG-05,tier2,A005-NOZZLES,A005-NOZZLES,,,mixing,equivalence_ratio,2 < phi_g < 6,1,,,reported,Natural-gas-basis local equivalence-ratio interval used as the soot-forming zone in the CFD analysis.,"PDF p. 9, Figures 9–10 and Conclusions",text,complete,verified,Operational definition from the paper; not universalized.,PAR-A005-0004,CTX-A005-A005-NOZZLES-A005-NOZZLES,model_input,soot_forming_zone,,,,,,,,,LOC-A005-0002,,,1.1
A009,A-NG-09,tier2,A009-RCM,A009-RCM,,,injection_conditions,injection_pressure,2000,bar,200000000,Pa,reported,Diesel pilot injection pressure.,"PDF p. 3, Tables 1–2",table,complete,verified,Fixed across operating points.,PAR-A009-0001,CTX-A009-A009-RCM-A009-RCM,experimental_control,diesel_pilot,,,,,,,,,LOC-A009-0001,,,1.1
A009,A-NG-09,tier2,A009-RCM,A009-RCM,,,injection_conditions,injection_pressure,330,bar,33000000,Pa,reported,Natural-gas injection pressure.,"PDF p. 3, Tables 1–2",table,complete,verified,Fixed across operating points.,PAR-A009-0002,CTX-A009-A009-RCM-A009-RCM,experimental_control,natural_gas,,,,,,,,,LOC-A009-0001,,,1.1
A009,A-NG-09,tier2,A009-RCM,A009-RCM,,,ambient_conditions,ambient_pressure,75; 88; 100; 125,bar,7500000; 8800000; 10000000; 12500000,Pa,reported,Chamber pressure at TDC for OP1–OP4.,"PDF p. 3, Tables 1–2",table,complete,verified,Four discrete operating points.,PAR-A009-0003,CTX-A009-A009-RCM-A009-RCM,experimental_control,TDC_chamber_state,,,,,,,,,LOC-A009-0001,,,1.1
A009,A-NG-09,tier2,A009-RCM,A009-RCM,,,ambient_conditions,ambient_temperature,780; 820; 865; 920,K,780; 820; 865; 920,K,reported,Adiabatic-core temperature at TDC for OP1–OP4.,"PDF p. 3, Tables 1–2",table,complete,verified,Four discrete operating points.,PAR-A009-0004,CTX-A009-A009-RCM-A009-RCM,experimental_control,TDC_adiabatic_core,,,,,,,,,LOC-A009-0001,,,1.1
A011,A-NG-11,tier2,A011-OPTICAL,A011-OPTICAL,,,study_context,study_type,experimental,,,,reported,Optical single-cylinder engine experiment.,"PDF p. 1, Abstract",text,complete,verified,HRR and OH* imaging.,PAR-A011-0001,CTX-A011-A011-OPTICAL-A011-OPTICAL,classification,study_design,,,,,,,,,LOC-A011-0001,,,1.1
A011,A-NG-11,tier2,A011-OPTICAL,A011-OPTICAL,,,experimental_method,engine,optically accessible 2 L single-cylinder engine,,,,reported,Research engine used for parametric sweep.,"PDF p. 1, Abstract",text,complete,verified,Optical geometry has acknowledged limits.,PAR-A011-0002,CTX-A011-A011-OPTICAL-A011-OPTICAL,descriptive_state,facility,,,,,,,,,LOC-A011-0001,,,1.1
A011,A-NG-11,tier2,A011-OPTICAL,A011-OPTICAL,,,ignition_combustion,combustion_mode,non-premixed to distributed partially premixed to stratified premixed flame propagation as RIT decreased,,,,reported,Observed primary NG combustion-mode transition with relative injection timing.,"PDF pp. 14–15, Conclusion",text,complete,verified,Preserves author terminology.,PAR-A011-0003,CTX-A011-A011-OPTICAL-A011-OPTICAL,measured_output,RIT_sweep,,,,,,,,,LOC-A011-0002,,,1.1
A011,A-NG-11,tier2,A011-OPTICAL,A011-OPTICAL,,,ignition_combustion,ignition_location,along the side of the natural-gas jet,,,,reported,Observed NG ignition location relative to jet structure.,"PDF pp. 14–15, Conclusion",text,complete,verified,Contrasts with a previously published conceptualization.,PAR-A011-0004,CTX-A011-A011-OPTICAL-A011-OPTICAL,measured_output,OH_chemiluminescence,injector_fixed,,,,,,,,LOC-A011-0002,,,1.1
A012,A-NG-12,tier2,A012-HPDI,A012-HPDI,,,study_context,application_context,engine-like HPDI at 1400 RPM and 1285 Nm,,,,reported,"Selected medium-speed, medium-load operating point.","PDF p. 1, Abstract",text,complete,verified,Composite context retained as text.,PAR-A012-0001,CTX-A012-A012-HPDI-A012-HPDI,operating_condition,engine_operating_point,,,,,,,,,LOC-A012-0001,,,1.1
A012,A-NG-12,tier2,A012-HPDI,A012-HPDI,,,injection_conditions,injection_pressure,234,bar,23400000,Pa,reported,Main natural-gas injection pressure.,"PDF p. 4, Tables 2–3",table,complete,verified,CFD boundary input.,PAR-A012-0002,CTX-A012-A012-HPDI-A012-HPDI,model_input,natural_gas,,,,,,,,,LOC-A012-0002,,,1.1
A012,A-NG-12,tier2,A012-HPDI,A012-HPDI,,,injection_conditions,injection_temperature,328,K,328,K,reported,Estimated natural-gas temperature at injector nozzle.,"PDF p. 4, Tables 2–3",text,complete,verified,Paper labels this as estimated.,PAR-A012-0003,CTX-A012-A012-HPDI-A012-HPDI,model_input,natural_gas_nozzle,,,,,,,,,LOC-A012-0002,,,1.1
A012,A-NG-12,tier2,A012-HPDI,A012-HPDI,,,ignition_combustion,combustion_mode,NG ignition within considered engine timing required initial temperature above approximately 1110 K in HRM,,,,reported,Homogeneous-reactor ignition threshold under the selected engine-like composition/timing window.,"PDF p. 1, Abstract",text,complete,verified,Not a universal methane ignition temperature.,PAR-A012-0004,CTX-A012-A012-HPDI-A012-HPDI,simulated_output,HRM_sensitivity,,,,,,,,,LOC-A012-0001,,,1.1
B008,B-H2-03,tier2,B008-H2,B008-H2,,,injection_conditions,stagnation_pressure,75,MPa,75000000,Pa,reported,Hydrogen tank/injector total pressure.,"PDF p. 1, Abstract",text,complete,verified,Highly underexpanded case.,PAR-B008-0001,CTX-B008-B008-H2-B008-H2,boundary_condition,hydrogen_plenum,,,,,,,,,LOC-B008-0001,,,1.1
B008,B-H2-03,tier2,B008-H2,B008-H2,,,ambient_conditions,ambient_pressure,5,MPa,5000000,Pa,reported,Still-nitrogen ambient static pressure.,"PDF p. 1, Abstract",text,complete,verified,Highly underexpanded case.,PAR-B008-0002,CTX-B008-B008-H2-B008-H2,boundary_condition,nitrogen_ambient,,,,,,,,,LOC-B008-0001,,,1.1
B008,B-H2-03,tier2,B008-H2,B008-H2,,,injector_nozzle,nozzle_diameter,0.3,mm,0.0003,m,reported,Nozzle inner diameter.,"PDF p. 8, Table 3",text,complete,verified,Outer diameter reported as 0.6 mm.,PAR-B008-0003,CTX-B008-B008-H2-B008-H2,model_input,axisymmetric_nozzle_inner,,,,,,,,,LOC-B008-0002,,,1.1
B008,B-H2-03,tier2,B008-H2-IDEAL,B008-H2-IDEAL,,,injection_conditions,mass_flow_rate,2.98,g/s,0.00298,kg/s,reported,Computed jet mass flow with ideal-gas EoS.,"PDF p. 8, Table 3",table,complete,verified,Table 3.,PAR-B008-0004,CTX-B008-B008-H2-IDEAL-B008-H2-IDEAL,simulated_output,ideal_EoS_exit,,,,,,,,,LOC-B008-0002,,,1.1
B008,B-H2-03,tier2,B008-H2-RK,B008-H2-RK,,,injection_conditions,mass_flow_rate,2.72,g/s,0.00272,kg/s,reported,Computed jet mass flow with Redlich–Kwong EoS.,"PDF p. 8, Table 3",table,complete,verified,8.7% below ideal result.,PAR-B008-0005,CTX-B008-B008-H2-RK-B008-H2-RK,simulated_output,Redlich_Kwong_EoS_exit,,,,,,,,,LOC-B008-0002,,,1.1
C036,C-MD-04,tier2,C036-PARALLEL,C036-PARALLEL,,,study_context,single_or_multidroplet,multidroplet,,,,reported,Parallel array of interacting droplets.,"PDF p. 1, Abstract",text,complete,verified,Actively generated aligned droplets.,PAR-C036-0001,CTX-C036-C036-PARALLEL-C036-PARALLEL,classification,droplet_population,,,,,,,,,LOC-C036-0001,,,1.1
C036,C-MD-04,tier2,C036-PARALLEL,C036-PARALLEL,,,study_context,liquid_fuel,alcohol,,,,reported,Droplet liquid identified by the authors.,"PDF p. 4, Eqs. (1)–(5)",text,complete,verified,Recorded as reported; no external property lookup.,PAR-C036-0002,CTX-C036-C036-PARALLEL-C036-PARALLEL,descriptive_state,droplet_material,,,,,,,,,LOC-C036-0002,,,1.1
C036,C-MD-04,tier2,C036-PARALLEL,C036-PARALLEL,,,droplet_initial,droplet_diameter_initial,230 to 430,um,0.000230 to 0.000430,m,reported,Representative droplet diameters reported for illustrated experimental regimes.,"PDF pp. 14–15, Conclusion",text,complete,verified,Range compiled only from explicitly described cases.,PAR-C036-0003,CTX-C036-C036-PARALLEL-C036-PARALLEL,experimental_control,parallel_droplet_cases,,,,,,,,,LOC-C036-0004,,,1.1
C036,C-MD-04,tier2,C036-PARALLEL,C036-PARALLEL,,,spray_initial,S_over_D,L/D varied across below 0.1 to above 2 in illustrated cases,1,,,reported,Adjacent-droplet spacing L divided by initial diameter D.,"PDF p. 4, Eqs. (1)–(5)",text,complete,verified,Qualitative range retained; no inferred endpoints.,PAR-C036-0004,CTX-C036-C036-PARALLEL-C036-PARALLEL,experimental_control,parallel_centerline_spacing,,,,,,,,,LOC-C036-0002,,,1.1
C036,C-MD-04,tier2,C036-PARALLEL,C036-PARALLEL,,,dimensionless_numbers,We_reported,O(10) to O(100); representative 16.7 and 351,1,,,reported,rho_g*U_g^2*D/sigma using post-wave gas density/velocity and initial droplet diameter.,"PDF p. 4, Eqs. (1)–(5)",equation,complete,verified,Author-reported Weber number range and examples; no project recalculation.,PAR-C036-0005,CTX-C036-C036-PARALLEL-C036-PARALLEL,experimental_control,post_shock_aerodynamic,droplet_fixed,,,,,,DIM-C036-001,,LOC-C036-0002,,,1.1
C036,C-MD-04,tier2,C036-PARALLEL,C036-PARALLEL,,,droplet_response,breakup_regime,bag; trailing; shuttlecock; open; closed,,,,reported,Author terminology for spacing- and Weber-dependent breakup modes.,"PDF pp. 8–11, Figures 5–7",figure,complete,verified,Mode names preserved verbatim.,PAR-C036-0006,CTX-C036-C036-PARALLEL-C036-PARALLEL,classification,phase_diagram,,,,,,,,,LOC-C036-0003,,,1.1
A001,A-NG-01,tier3,A001-ENGINE,A001-ENGINE,,,injection_conditions,injection_pressure,21 and 30,MPa,21000000 and 30000000,Pa,reported,Natural-gas injection-pressure levels in the operating-condition matrix.,"PDF p. 9, Conclusions",table,complete,verified,Values are shown in Table 5 adjacent to the conclusion.,PAR-A001-0001,CTX-A001-A001-ENGINE-A001-ENGINE,experimental_control,HPDI_gas,,,,,,,,,LOC-A001-0002,,,1.1
A001,A-NG-01,tier3,A001-ENGINE,A001-ENGINE,,,mixing,mixing_rate,increased injection pressure enhanced mixing and shortened combustion duration,,,,reported,Qualitative engine response attributed to mass flux and turbulence.,"PDF p. 9, Conclusions",text,complete,verified,Author interpretation tied to measurements.,PAR-A001-0002,CTX-A001-A001-ENGINE-A001-ENGINE,measured_output,mixing_controlled_combustion,,,,,,,,,LOC-A001-0002,,,1.1
A006,A-NG-06,tier3,A006-SPC,A006-SPC,,,ignition_combustion,combustion_mode,slightly premixed combustion by delaying diesel pilot until after NG injection begins,,,,reported,SPC strategy used to premix more NG before ignition.,"PDF p. 1, Abstract",text,complete,verified,Preserves paper definition.,PAR-A006-0001,CTX-A006-A006-SPC-A006-SPC,experimental_control,relative_injection_timing,,,,,,,,,LOC-A006-0001,,,1.1
A006,A-NG-06,tier3,A006-SPC,A006-SPC,,,mixing,equivalence_ratio,baseline >50% versus optimized SPC <10% of fuel in 2<EQR<5 at gas ignition,1,,,reported,Fraction of injected gas in the paper-defined rich zone at ignition.,"PDF p. 10, Conclusions",text,complete,verified,CFD trend; ignition timing was not correctly predicted.,PAR-A006-0002,CTX-A006-A006-SPC-A006-SPC,simulated_output,gas_ignition_state,,,,,,,,,LOC-A006-0002,,,1.1
A008,A-NG-08,tier3,A008-HIGH,A008-HIGH,,,ambient_conditions,ambient_temperature,920,K,920,K,reported,Final compression temperature for high-temperature validation case.,"PDF p. 6, Table 2",text,complete,verified,Corresponding pressure 125 bar.,PAR-A008-0001,CTX-A008-A008-HIGH-A008-HIGH,model_input,RCEM_final_compression,,,,,,,,,LOC-A008-0002,,,1.1
A008,A-NG-08,tier3,A008-CFD,A008-CFD,,,numerical_method,chemical_mechanism,"Chalmers-53: 53 species, 244 reactions; reduced from Chalmers-83",,,,reported,Reduced mechanism for high-temperature cases.,"PDF p. 6, Table 2",table,complete,verified,Reported to reduce total compute time about 35%.,PAR-A008-0002,CTX-A008-A008-CFD-A008-CFD,model_input,combustion_chemistry,,,,,,,,,LOC-A008-0002,,,1.1
B006,B-H2-01,tier3,B006-H2,B006-H2,,,injection_conditions,injection_pressure,52 and 104,bar,5200000 and 10400000,Pa,reported,Hydrogen injection pressures.,"PDF p. 2, Abstract",text,complete,verified,Both produced underexpanded jets.,PAR-B006-0001,CTX-B006-B006-H2-B006-H2,experimental_control,hydrogen_plenum,,,,,,,,,LOC-B006-0001,,,1.1
B006,B-H2-01,tier3,B006-H2,B006-H2,,,ambient_conditions,ambient_density,1.15 to 12.8,kg/m3,1.15 to 12.8,kg/m3,reported,Quiescent chamber density range.,"PDF p. 2, Abstract",text,complete,verified,Ambient gases included nitrogen.,PAR-B006-0002,CTX-B006-B006-H2-B006-H2,experimental_control,constant_volume_chamber,,,,,,,,,LOC-B006-0001,,,1.1
B018,B-NG-03,tier3,B018-CH4,B018-CH4,,,injection_conditions,injection_pressure,up to 1.2,MPa,up to 1200000,Pa,reported,Methane injection-pressure range maximum.,"PDF p. 1, Abstract",text,complete,verified,Pressure sweeps paired with chamber-state changes.,PAR-B018-0001,CTX-B018-B018-CH4-B018-CH4,experimental_control,commercial_single_hole_injector,,,,,,,,,LOC-B018-0001,,,1.1
B018,B-NG-03,tier3,B018-CH4,B018-CH4,,,shock_structure,wave_type,subsonic; moderately underexpanded shock cells; highly underexpanded Mach disk and barrel shock,,,,reported,Three transient flow patterns observed as pressure ratio evolved.,"PDF p. 13, Conclusions",text,complete,verified,LES reproduced the same sequence.,PAR-B018-0002,CTX-B018-B018-CH4-B018-CH4,classification,transient_injector_opening,,,,,,,,,LOC-B018-0002,,,1.1
C005,C-F-05,tier3,C005-BREAKUP,C005-BREAKUP,,,dimensionless_numbers,We_reported,20 to 120,1,,,reported,"rho_g U_infinity^2 D0 / gamma using initial relative gas/drop velocity, initial diameter, gas density, and surface tension.","PDF p. 3, Eq. (2.1)",equation,complete,verified,Author range and formula; no project recalculation.,PAR-C005-0001,CTX-C005-C005-BREAKUP-C005-BREAKUP,experimental_control,continuous_air_jet,droplet_fixed,,,,,,DIM-C005-001,,LOC-C005-0002,,,1.1
C005,C-F-05,tier3,C005-BREAKUP,C005-BREAKUP,,,droplet_response,breakup_regime,bag; bag-stamen; multibag; shear,,,,reported,Author-observed moderate-We breakup modes.,"PDF p. 22, Conclusion",text,complete,verified,Terminology preserved.,PAR-C005-0002,CTX-C005-C005-BREAKUP-C005-BREAKUP,classification,secondary_breakup,,,,,,,,,LOC-C005-0003,,,1.1
C011,C-SD-04,tier3,C011-SINGLE,C011-SINGLE,,,study_context,liquid_fuel,water,,,,reported,Droplet liquid.,"PDF p. 1, Abstract",text,complete,verified,No external properties added.,PAR-C011-0001,CTX-C011-C011-SINGLE-C011-SINGLE,descriptive_state,single_droplet,,,,,,,,,LOC-C011-0001,,,1.1
C011,C-SD-04,tier3,C011-SINGLE,C011-SINGLE,,,droplet_response,deformation_mode,persistent internal recirculation pattern with a stationary saddle point,,,,reported,Internal-flow topology established shortly after shock passage.,"PDF p. 5, Eqs. (9)–(12) and Conclusions",text,complete,verified,Saddle-point position varies with incident shock strength.,PAR-C011-0002,CTX-C011-C011-SINGLE-C011-SINGLE,simulated_output,initial_shock_impact,,,,,,,,,LOC-C011-0002,,,1.1
D001,D-IC-01,tier3,D001-DIESEL,D001-DIESEL,,,injection_conditions,injection_pressure,150,MPa,150000000,Pa,reported,Diesel injection pressure used for shock-wave observations.,"PDF p. 1, Abstract",text,complete,verified,Single-hole research injector.,PAR-D001-0001,CTX-D001-D001-DIESEL-D001-DIESEL,experimental_control,diesel_spray,,,,,,,,,LOC-D001-0001,,,1.1
D001,D-IC-01,tier3,D001-DIESEL,D001-DIESEL,,,shock_structure,wave_type,oblique shock; detached bow shock; acoustic wave; no spray shock,,,,reported,Observed/predicted wave classes across ambient state and injection ramp-up.,"PDF p. 12, Conclusion",text,complete,verified,Acoustic waves are distinguished from shocks.,PAR-D001-0002,CTX-D001-D001-DIESEL-D001-DIESEL,classification,spray_tip_wave,,,,,,,,,LOC-D001-0002,,,1.1
