source_locator_id,paper_id,source_file,pdf_page,printed_page,section,subsection,figure,figure_panel,table,equation,appendix,raw_locator,locator_status,verification_status,notes
LOC-B011-0001,B011,02_PDF_Raw/B/B-H2-06_2016_Hamzehloo_GasDynamics_Hydrogen_MethaneJets_NPR.pdf,1,6544,Abstract,,,,,,,"PDF p.1, Abstract",complete,verified,Safely parsed from the preserved Phase 6 human-readable locator; unparsed components remain blank.
LOC-B011-0002,B011,02_PDF_Raw/B/B-H2-06_2016_Hamzehloo_GasDynamics_Hydrogen_MethaneJets_NPR.pdf,6,6549,,,,,,,,"PDF p.6, numerical setup",partial,verified,Safely parsed from the preserved Phase 6 human-readable locator; unparsed components remain blank.
LOC-B011-0003,B011,02_PDF_Raw/B/B-H2-06_2016_Hamzehloo_GasDynamics_Hydrogen_MethaneJets_NPR.pdf,3,6546,definition,,,,,,,"PDF p.3, NPR definition",complete,verified,Safely parsed from the preserved Phase 6 human-readable locator; unparsed components remain blank.
LOC-B011-0004,B011,02_PDF_Raw/B/B-H2-06_2016_Hamzehloo_GasDynamics_Hydrogen_MethaneJets_NPR.pdf,6,6549,case conditions,,,,,,,"PDF p.6, case conditions",complete,verified,Safely parsed from the preserved Phase 6 human-readable locator; unparsed components remain blank.
LOC-B011-0005,B011,02_PDF_Raw/B/B-H2-06_2016_Hamzehloo_GasDynamics_Hydrogen_MethaneJets_NPR.pdf,7,6550,validation,,,,,,,"PDF p.7, validation",complete,verified,Safely parsed from the preserved Phase 6 human-readable locator; unparsed components remain blank.
LOC-B011-0006,B011,02_PDF_Raw/B/B-H2-06_2016_Hamzehloo_GasDynamics_Hydrogen_MethaneJets_NPR.pdf,16,6559,results,,,,,,,"PDF p.16, results",complete,verified,Safely parsed from the preserved Phase 6 human-readable locator; unparsed components remain blank.
LOC-C014-0001,C014,02_PDF_Raw/C/C-SD-07_2020_Wang_MachNumber_DropletAerobreakup_ShearStripping.pdf,1,1,Abstract,,,,,,,"PDF p.1, Abstract",complete,verified,Safely parsed from the preserved Phase 6 human-readable locator; unparsed components remain blank.
LOC-C014-0002,C014,02_PDF_Raw/C/C-SD-07_2020_Wang_MachNumber_DropletAerobreakup_ShearStripping.pdf,5,5,,,,,1,,,"PDF p.5, Table 1",complete,verified,Safely parsed from the preserved Phase 6 human-readable locator; unparsed components remain blank.
LOC-C016-0001,C016,02_PDF_Raw/C/C-SD-09_2021_Sharma_ShockInduced_DropletAerobreakup.pdf,1,A27-1,Abstract,,,,,,,"PDF p.1, Abstract",complete,verified,Safely parsed from the preserved Phase 6 human-readable locator; unparsed components remain blank.
LOC-C016-0002,C016,02_PDF_Raw/C/C-SD-09_2021_Sharma_ShockInduced_DropletAerobreakup.pdf,8,A27-8,definitions,,,,,,,"PDF p.8, definitions",complete,verified,Safely parsed from the preserved Phase 6 human-readable locator; unparsed components remain blank.
LOC-C016-0003,C016,02_PDF_Raw/C/C-SD-09_2021_Sharma_ShockInduced_DropletAerobreakup.pdf,13,A27-13,,,6 labels,,,,,"PDF p.13, Fig. 6 labels",complete,verified,Safely parsed from the preserved Phase 6 human-readable locator; unparsed components remain blank.
LOC-C016-0004,C016,02_PDF_Raw/C/C-SD-09_2021_Sharma_ShockInduced_DropletAerobreakup.pdf,13,A27-13,,,6,,,,,"PDF p.13, Fig. 6",complete,verified,Safely parsed from the preserved Phase 6 human-readable locator; unparsed components remain blank.
LOC-D003-0001,D003,02_PDF_Raw/D/D-IC-03_2018_Tetrault_JetInducedShockWave_UpstreamDropletCloud.pdf,1,64,Abstract,,,,,,,"PDF p.1, Abstract",complete,verified,Safely parsed from the preserved Phase 6 human-readable locator; unparsed components remain blank.
LOC-D003-0002,D003,02_PDF_Raw/D/D-IC-03_2018_Tetrault_JetInducedShockWave_UpstreamDropletCloud.pdf,3,66,,,,,1,,,"PDF p.3, Table 1",complete,verified,Safely parsed from the preserved Phase 6 human-readable locator; unparsed components remain blank.
LOC-D003-0003,D003,02_PDF_Raw/D/D-IC-03_2018_Tetrault_JetInducedShockWave_UpstreamDropletCloud.pdf,5,68,pressure analysis,,,,,,,"PDF p.5, pressure analysis",complete,verified,Safely parsed from the preserved Phase 6 human-readable locator; unparsed components remain blank.
LOC-D003-0004,D003,02_PDF_Raw/D/D-IC-03_2018_Tetrault_JetInducedShockWave_UpstreamDropletCloud.pdf,9,72,response discussion,,,,,,,"PDF p.9, response discussion",complete,verified,Safely parsed from the preserved Phase 6 human-readable locator; unparsed components remain blank.
LOC-D003-0005,D003,02_PDF_Raw/D/D-IC-03_2018_Tetrault_JetInducedShockWave_UpstreamDropletCloud.pdf,6,69,assumptions,,,,,,,"PDF p.6, model assumptions",complete,verified,Safely parsed from the preserved Phase 6 human-readable locator; unparsed components remain blank.
LOC-B013-0001,B013,02_PDF_Raw/B/B-H2-08_2017_Tang_82MPa_HydrogenJet_AMR_MachDisk.pdf,1,7120,Abstract,,,,,,,"PDF p.1, Abstract",complete,verified,Safely parsed from the preserved Phase 6 human-readable locator; unparsed components remain blank.
LOC-B013-0002,B013,02_PDF_Raw/B/B-H2-08_2017_Tang_82MPa_HydrogenJet_AMR_MachDisk.pdf,5,7124,,,,,1,,,"PDF p.5, Table 1",complete,verified,Safely parsed from the preserved Phase 6 human-readable locator; unparsed components remain blank.
LOC-B013-0003,B013,02_PDF_Raw/B/B-H2-08_2017_Tang_82MPa_HydrogenJet_AMR_MachDisk.pdf,14,7133,Conclusions,,,,,,,"PDF p.14, Conclusions",complete,verified,Safely parsed from the preserved Phase 6 human-readable locator; unparsed components remain blank.
LOC-B013-0004,B013,02_PDF_Raw/B/B-H2-08_2017_Tang_82MPa_HydrogenJet_AMR_MachDisk.pdf,11,7130,results,,,,,,,"PDF p.11, transient results",complete,verified,Safely parsed from the preserved Phase 6 human-readable locator; unparsed components remain blank.
LOC-B013-0005,B013,02_PDF_Raw/B/B-H2-08_2017_Tang_82MPa_HydrogenJet_AMR_MachDisk.pdf,12,7131,,,17–18,,,,,"PDF p.12, Figs. 17–18",complete,verified,Safely parsed from the preserved Phase 6 human-readable locator; unparsed components remain blank.
LOC-B029-0001,B029,02_PDF_Raw/B/B-E-09_2026_Sang_InjectorPressureBuildUp_Underexpanded_HydrogenJet.pdf,1,24028,Abstract,,,,,,,"PDF p.1, Abstract",complete,verified,Safely parsed from the preserved Phase 6 human-readable locator; unparsed components remain blank.
LOC-B029-0002,B029,02_PDF_Raw/B/B-E-09_2026_Sang_InjectorPressureBuildUp_Underexpanded_HydrogenJet.pdf,3,24030,,,1,,,,,"PDF p.3, Fig. 1",complete,verified,Safely parsed from the preserved Phase 6 human-readable locator; unparsed components remain blank.
LOC-B029-0003,B029,02_PDF_Raw/B/B-E-09_2026_Sang_InjectorPressureBuildUp_Underexpanded_HydrogenJet.pdf,3,24030,method,,,,,,,"PDF p.3, method",complete,verified,Safely parsed from the preserved Phase 6 human-readable locator; unparsed components remain blank.
LOC-B029-0004,B029,02_PDF_Raw/B/B-E-09_2026_Sang_InjectorPressureBuildUp_Underexpanded_HydrogenJet.pdf,3,24030,definition,,,,,,,"PDF p.3, definition",complete,verified,Safely parsed from the preserved Phase 6 human-readable locator; unparsed components remain blank.
LOC-B029-0005,B029,02_PDF_Raw/B/B-E-09_2026_Sang_InjectorPressureBuildUp_Underexpanded_HydrogenJet.pdf,5,24032,,,,,,,,"PDF p.5, pressure trace",partial,verified,Safely parsed from the preserved Phase 6 human-readable locator; unparsed components remain blank.
LOC-B029-0006,B029,02_PDF_Raw/B/B-E-09_2026_Sang_InjectorPressureBuildUp_Underexpanded_HydrogenJet.pdf,9,24036,results,,,,,,,"PDF p.9, results",complete,verified,Safely parsed from the preserved Phase 6 human-readable locator; unparsed components remain blank.
LOC-B029-0007,B029,02_PDF_Raw/B/B-E-09_2026_Sang_InjectorPressureBuildUp_Underexpanded_HydrogenJet.pdf,7,24034,,,,,3,,,"PDF p.7, Table 3",complete,verified,Safely parsed from the preserved Phase 6 human-readable locator; unparsed components remain blank.
LOC-C031-0001,C031,02_PDF_Raw/C/C-PC-05_2025_Song_3D_PhaseChange_ShockDroplet_Interaction.pdf,1,,Abstract,,,,,,,"PDF p.1, Abstract",complete,verified,Safely parsed from the preserved Phase 6 human-readable locator; unparsed components remain blank.
LOC-C031-0002,C031,02_PDF_Raw/C/C-PC-05_2025_Song_3D_PhaseChange_ShockDroplet_Interaction.pdf,8,033358-7,,,,,II,,,"PDF p.8, Table II",complete,verified,Safely parsed from the preserved Phase 6 human-readable locator; unparsed components remain blank.
LOC-C031-0003,C031,02_PDF_Raw/C/C-PC-05_2025_Song_3D_PhaseChange_ShockDroplet_Interaction.pdf,8,033358-7,baseline case,,,,,,,"PDF p.8, baseline case",complete,verified,Safely parsed from the preserved Phase 6 human-readable locator; unparsed components remain blank.
LOC-C031-0004,C031,02_PDF_Raw/C/C-PC-05_2025_Song_3D_PhaseChange_ShockDroplet_Interaction.pdf,8,033358-7,,,,,,,,"PDF p.8, baseline",partial,verified,Safely parsed from the preserved Phase 6 human-readable locator; unparsed components remain blank.
LOC-C031-0005,C031,02_PDF_Raw/C/C-PC-05_2025_Song_3D_PhaseChange_ShockDroplet_Interaction.pdf,6,033358-5,model coefficients,,,,,,,"PDF p.6, model coefficients",complete,verified,Safely parsed from the preserved Phase 6 human-readable locator; unparsed components remain blank.
LOC-C031-0006,C031,02_PDF_Raw/C/C-PC-05_2025_Song_3D_PhaseChange_ShockDroplet_Interaction.pdf,8,033358-7,definition,,,,,,,"PDF p.8, case definition",complete,verified,Safely parsed from the preserved Phase 6 human-readable locator; unparsed components remain blank.
LOC-C031-0007,C031,02_PDF_Raw/C/C-PC-05_2025_Song_3D_PhaseChange_ShockDroplet_Interaction.pdf,18,033358-17,definition,,,,,,,"PDF p.18, case definition",complete,verified,Safely parsed from the preserved Phase 6 human-readable locator; unparsed components remain blank.
LOC-D017-0001,D017,02_PDF_Raw/D/D-DW-02_2025_Young_DropletBreakup_Evaporation_LiquidFueledDetonations.pdf,1,1,Abstract,,,,,,,"PDF p.1, Abstract",complete,verified,Safely parsed from the preserved Phase 6 human-readable locator; unparsed components remain blank.
LOC-D017-0002,D017,02_PDF_Raw/D/D-DW-02_2025_Young_DropletBreakup_Evaporation_LiquidFueledDetonations.pdf,5,5,method,,,,,,,"PDF p.5, methods",complete,verified,Safely parsed from the preserved Phase 6 human-readable locator; unparsed components remain blank.
LOC-D017-0003,D017,02_PDF_Raw/D/D-DW-02_2025_Young_DropletBreakup_Evaporation_LiquidFueledDetonations.pdf,6,6,results,,,,,,,"PDF p.6, results",complete,verified,Safely parsed from the preserved Phase 6 human-readable locator; unparsed components remain blank.
LOC-D017-0004,D017,02_PDF_Raw/D/D-DW-02_2025_Young_DropletBreakup_Evaporation_LiquidFueledDetonations.pdf,4,4,,,,,2,,,"PDF p.4, Table 2",complete,verified,Safely parsed from the preserved Phase 6 human-readable locator; unparsed components remain blank.
LOC-D017-0005,D017,02_PDF_Raw/D/D-DW-02_2025_Young_DropletBreakup_Evaporation_LiquidFueledDetonations.pdf,6,6,,,,,,,,"PDF p.6, image processing",partial,verified,Safely parsed from the preserved Phase 6 human-readable locator; unparsed components remain blank.
LOC-D017-0006,D017,02_PDF_Raw/D/D-DW-02_2025_Young_DropletBreakup_Evaporation_LiquidFueledDetonations.pdf,8,8,model setup,,,,,,,"PDF p.8, model setup",complete,verified,Safely parsed from the preserved Phase 6 human-readable locator; unparsed components remain blank.
LOC-D017-0007,D017,02_PDF_Raw/D/D-DW-02_2025_Young_DropletBreakup_Evaporation_LiquidFueledDetonations.pdf,9,9,,,,,4,,,"PDF p.9, Table 4",complete,verified,Safely parsed from the preserved Phase 6 human-readable locator; unparsed components remain blank.
LOC-A020-0001,A020,02_PDF_Raw/A/A-H2-03_2023_Rorimpandey_H2DDI_Combustion_CI_Conditions.pdf,1,766,Abstract,,,,,,,"PDF p.1, Abstract",complete,verified,Safely parsed from the preserved Phase 6 human-readable locator; unparsed components remain blank.
LOC-A020-0002,A020,02_PDF_Raw/A/A-H2-03_2023_Rorimpandey_H2DDI_Combustion_CI_Conditions.pdf,2,767,,,,,1,,,"PDF p.2, Table 1",complete,verified,Safely parsed from the preserved Phase 6 human-readable locator; unparsed components remain blank.
LOC-A020-0003,A020,02_PDF_Raw/A/A-H2-03_2023_Rorimpandey_H2DDI_Combustion_CI_Conditions.pdf,3,768,,,,,2,,,"PDF p.3, Table 2",complete,verified,Safely parsed from the preserved Phase 6 human-readable locator; unparsed components remain blank.
LOC-A020-0004,A020,02_PDF_Raw/A/A-H2-03_2023_Rorimpandey_H2DDI_Combustion_CI_Conditions.pdf,4,769,,,,,,,,"PDF p.4, Injection settings",partial,verified,Safely parsed from the preserved Phase 6 human-readable locator; unparsed components remain blank.
LOC-A020-0005,A020,02_PDF_Raw/A/A-H2-03_2023_Rorimpandey_H2DDI_Combustion_CI_Conditions.pdf,1,766,study configuration,,,,,,,"PDF p.1, study configuration",complete,verified,Safely parsed from the preserved Phase 6 human-readable locator; unparsed components remain blank.
LOC-A020-0006,A020,02_PDF_Raw/A/A-H2-03_2023_Rorimpandey_H2DDI_Combustion_CI_Conditions.pdf,4,769,,,,,3,,,"PDF p.4, Table 3",complete,verified,Safely parsed from the preserved Phase 6 human-readable locator; unparsed components remain blank.
LOC-A020-0007,A020,02_PDF_Raw/A/A-H2-03_2023_Rorimpandey_H2DDI_Combustion_CI_Conditions.pdf,7,772,definitions,,,,,,,"PDF p.7, definitions",complete,verified,Safely parsed from the preserved Phase 6 human-readable locator; unparsed components remain blank.
LOC-A022-0001,A022,02_PDF_Raw/A/A-H2-05_2024_Rorimpandey_JetInteractionAngle_H2DDI.pdf,1,172,Abstract,,,,,,,"PDF p.1, Abstract",complete,verified,Safely parsed from the preserved Phase 6 human-readable locator; unparsed components remain blank.
LOC-A022-0002,A022,02_PDF_Raw/A/A-H2-05_2024_Rorimpandey_JetInteractionAngle_H2DDI.pdf,4,175,,,,,2,,,"PDF p.4, Table 2",complete,verified,Safely parsed from the preserved Phase 6 human-readable locator; unparsed components remain blank.
LOC-A022-0003,A022,02_PDF_Raw/A/A-H2-05_2024_Rorimpandey_JetInteractionAngle_H2DDI.pdf,4,175,injection conditions,,,,,,,"PDF p.4, injection conditions",complete,verified,Safely parsed from the preserved Phase 6 human-readable locator; unparsed components remain blank.
LOC-A022-0004,A022,02_PDF_Raw/A/A-H2-05_2024_Rorimpandey_JetInteractionAngle_H2DDI.pdf,12,183,3.4,,,,,,,"PDF p.12, Sec. 3.4",complete,verified,Safely parsed from the preserved Phase 6 human-readable locator; unparsed components remain blank.
LOC-A022-0005,A022,02_PDF_Raw/A/A-H2-05_2024_Rorimpandey_JetInteractionAngle_H2DDI.pdf,1,172,study configuration,,,,,,,"PDF p.1, study configuration",complete,verified,Safely parsed from the preserved Phase 6 human-readable locator; unparsed components remain blank.
LOC-A022-0006,A022,02_PDF_Raw/A/A-H2-05_2024_Rorimpandey_JetInteractionAngle_H2DDI.pdf,3,174,,,2 and Table 2,,2,,,"PDF p.3, Fig. 2 and Table 2",complete,verified,Safely parsed from the preserved Phase 6 human-readable locator; unparsed components remain blank.
LOC-A022-0007,A022,02_PDF_Raw/A/A-H2-05_2024_Rorimpandey_JetInteractionAngle_H2DDI.pdf,3,174,,,,,1,,,"PDF p.3, Table 1",complete,verified,Safely parsed from the preserved Phase 6 human-readable locator; unparsed components remain blank.
LOC-A016-0001,A016,02_PDF_Raw/A/A-NG-16_2025_Lian_DieselNG_Interaction_LES_HPDI_DualFuel.pdf,1,1,Abstract,,,,,,,"PDF p.1, Abstract",complete,verified,Safely parsed from the preserved Phase 6 human-readable locator; unparsed components remain blank.
LOC-A016-0002,A016,02_PDF_Raw/A/A-NG-16_2025_Lian_DieselNG_Interaction_LES_HPDI_DualFuel.pdf,4,4,CFD model,,,,,,,"PDF p.4, CFD model",complete,verified,Safely parsed from the preserved Phase 6 human-readable locator; unparsed components remain blank.
LOC-A016-0003,A016,02_PDF_Raw/A/A-NG-16_2025_Lian_DieselNG_Interaction_LES_HPDI_DualFuel.pdf,3,3,,,,,,,,"PDF p.3, model",partial,verified,Safely parsed from the preserved Phase 6 human-readable locator; unparsed components remain blank.
LOC-A016-0004,A016,02_PDF_Raw/A/A-NG-16_2025_Lian_DieselNG_Interaction_LES_HPDI_DualFuel.pdf,4,4,,,,,,,,"PDF p.4, model",partial,verified,Safely parsed from the preserved Phase 6 human-readable locator; unparsed components remain blank.
LOC-A016-0005,A016,02_PDF_Raw/A/A-NG-16_2025_Lian_DieselNG_Interaction_LES_HPDI_DualFuel.pdf,1,1,study configuration,,,,,,,"PDF p.1, study configuration",complete,verified,Safely parsed from the preserved Phase 6 human-readable locator; unparsed components remain blank.
LOC-A016-0006,A016,02_PDF_Raw/A/A-NG-16_2025_Lian_DieselNG_Interaction_LES_HPDI_DualFuel.pdf,9,9,,,,,5,,,"PDF p.9, Table 5",complete,verified,Safely parsed from the preserved Phase 6 human-readable locator; unparsed components remain blank.
LOC-A016-0007,A016,02_PDF_Raw/A/A-NG-16_2025_Lian_DieselNG_Interaction_LES_HPDI_DualFuel.pdf,9,9,,,15–17,,,,,"PDF p.9, Figs. 15–17",complete,verified,Safely parsed from the preserved Phase 6 human-readable locator; unparsed components remain blank.
LOC-A016-0008,A016,02_PDF_Raw/A/A-NG-16_2025_Lian_DieselNG_Interaction_LES_HPDI_DualFuel.pdf,12,12,Conclusions,,,,,,,"PDF p.12, Conclusions",complete,verified,Safely parsed from the preserved Phase 6 human-readable locator; unparsed components remain blank.
LOC-D009-0001,D009,02_PDF_Raw/D/D-RDE-04_2022_Wen_DropletLaden_RotatingDetonation_PropagationStability.pdf,1,1,Abstract,,,,,,,"PDF p.1, Abstract",complete,verified,Safely parsed from the preserved Phase 6 human-readable locator; unparsed components remain blank.
LOC-D009-0002,D009,02_PDF_Raw/D/D-RDE-04_2022_Wen_DropletLaden_RotatingDetonation_PropagationStability.pdf,3,3,,,,,,6,,"PDF p.3, Eq. 6",complete,verified,Safely parsed from the preserved Phase 6 human-readable locator; unparsed components remain blank.
LOC-D009-0003,D009,02_PDF_Raw/D/D-RDE-04_2022_Wen_DropletLaden_RotatingDetonation_PropagationStability.pdf,3,3,,,,,,10,,"PDF p.3, Eq. 10",complete,verified,Safely parsed from the preserved Phase 6 human-readable locator; unparsed components remain blank.
LOC-D009-0004,D009,02_PDF_Raw/D/D-RDE-04_2022_Wen_DropletLaden_RotatingDetonation_PropagationStability.pdf,2,2,assumptions,,,,,,,"PDF p.2, assumptions",complete,verified,Safely parsed from the preserved Phase 6 human-readable locator; unparsed components remain blank.
LOC-D009-0005,D009,02_PDF_Raw/D/D-RDE-04_2022_Wen_DropletLaden_RotatingDetonation_PropagationStability.pdf,10,10,,,,,2,,,"PDF p.10, Table 2",complete,verified,Safely parsed from the preserved Phase 6 human-readable locator; unparsed components remain blank.
LOC-D009-0006,D009,02_PDF_Raw/D/D-RDE-04_2022_Wen_DropletLaden_RotatingDetonation_PropagationStability.pdf,12,12,,,,,3,,,"PDF p.12, Table 3",complete,verified,Safely parsed from the preserved Phase 6 human-readable locator; unparsed components remain blank.
LOC-D009-0007,D009,02_PDF_Raw/D/D-RDE-04_2022_Wen_DropletLaden_RotatingDetonation_PropagationStability.pdf,12,12,,,,,3–4,,,"PDF p.12, Tables 3–4",complete,verified,Safely parsed from the preserved Phase 6 human-readable locator; unparsed components remain blank.
LOC-A016-0009,A016,02_PDF_Raw/A/A-NG-16_2025_Lian_DieselNG_Interaction_LES_HPDI_DualFuel.pdf,12,12,Conclusion item 1,,,,,,,"PDF p.12, Conclusion item 1",complete,verified,Safely parsed from the preserved Phase 6 human-readable locator; unparsed components remain blank.
LOC-A016-0010,A016,02_PDF_Raw/A/A-NG-16_2025_Lian_DieselNG_Interaction_LES_HPDI_DualFuel.pdf,12,12,Conclusion item 2,,,,,,,"PDF p.12, Conclusion item 2",complete,verified,Safely parsed from the preserved Phase 6 human-readable locator; unparsed components remain blank.
LOC-A020-0008,A020,02_PDF_Raw/A/A-H2-03_2023_Rorimpandey_H2DDI_Combustion_CI_Conditions.pdf,16,781,Conclusions,,,,,,,"PDF p.16, Conclusions",complete,verified,Safely parsed from the preserved Phase 6 human-readable locator; unparsed components remain blank.
LOC-A020-0009,A020,02_PDF_Raw/A/A-H2-03_2023_Rorimpandey_H2DDI_Combustion_CI_Conditions.pdf,16,781,,,,,,,,"PDF p.16, Conclusion item 4",partial,verified,Safely parsed from the preserved Phase 6 human-readable locator; unparsed components remain blank.
LOC-A022-0008,A022,02_PDF_Raw/A/A-H2-05_2024_Rorimpandey_JetInteractionAngle_H2DDI.pdf,14,185,,,,,,,,"PDF p.14, Conclusion item 3",partial,verified,Safely parsed from the preserved Phase 6 human-readable locator; unparsed components remain blank.
LOC-B011-0007,B011,02_PDF_Raw/B/B-H2-06_2016_Hamzehloo_GasDynamics_Hydrogen_MethaneJets_NPR.pdf,21,6564,Conclusions,,,,,,,"PDF p.21, Conclusions",complete,verified,Safely parsed from the preserved Phase 6 human-readable locator; unparsed components remain blank.
LOC-B013-0006,B013,02_PDF_Raw/B/B-H2-08_2017_Tang_82MPa_HydrogenJet_AMR_MachDisk.pdf,12,7131,discussion,,17–18 and discussion,,,,,"PDF p.12, Figs. 17–18 and discussion",complete,verified,Safely parsed from the preserved Phase 6 human-readable locator; unparsed components remain blank.
LOC-B029-0008,B029,02_PDF_Raw/B/B-E-09_2026_Sang_InjectorPressureBuildUp_Underexpanded_HydrogenJet.pdf,9,24036,discussion,,8–12 and discussion,,,,,"PDF p.9, Figs. 8–12 and discussion",complete,verified,Safely parsed from the preserved Phase 6 human-readable locator; unparsed components remain blank.
LOC-B029-0009,B029,02_PDF_Raw/B/B-E-09_2026_Sang_InjectorPressureBuildUp_Underexpanded_HydrogenJet.pdf,7,24034,,,,,3 and pressure histories,,,"PDF p.7, Table 3 and pressure histories",complete,verified,Safely parsed from the preserved Phase 6 human-readable locator; unparsed components remain blank.
LOC-C014-0003,C014,02_PDF_Raw/C/C-SD-07_2020_Wang_MachNumber_DropletAerobreakup_ShearStripping.pdf,15,15,4 Conclusions,,,,,,,"PDF p.15, Sec. 4 Conclusions",complete,verified,Safely parsed from the preserved Phase 6 human-readable locator; unparsed components remain blank.
LOC-C014-0004,C014,02_PDF_Raw/C/C-SD-07_2020_Wang_MachNumber_DropletAerobreakup_ShearStripping.pdf,5,5,,,,,1 and Eqs. 1–3,1–3,,"PDF p.5, Table 1 and Eqs. 1–3",complete,verified,Safely parsed from the preserved Phase 6 human-readable locator; unparsed components remain blank.
LOC-C016-0005,C016,02_PDF_Raw/C/C-SD-09_2021_Sharma_ShockInduced_DropletAerobreakup.pdf,29,A27-29,Conclusions,,,,,,,"PDF p.29, Conclusions",complete,verified,Safely parsed from the preserved Phase 6 human-readable locator; unparsed components remain blank.
LOC-C031-0008,C031,02_PDF_Raw/C/C-PC-05_2025_Song_3D_PhaseChange_ShockDroplet_Interaction.pdf,20,033358-19,Conclusions,,,,,,,"PDF p.20, Conclusions",complete,verified,Safely parsed from the preserved Phase 6 human-readable locator; unparsed components remain blank.
LOC-C031-0009,C031,02_PDF_Raw/C/C-PC-05_2025_Song_3D_PhaseChange_ShockDroplet_Interaction.pdf,19,033358-18,,,16,,,,,"PDF p.19, Fig. 16",complete,verified,Safely parsed from the preserved Phase 6 human-readable locator; unparsed components remain blank.
LOC-D003-0006,D003,02_PDF_Raw/D/D-IC-03_2018_Tetrault_JetInducedShockWave_UpstreamDropletCloud.pdf,10,73,Conclusions,,,,,,,"PDF p.10, Conclusions",complete,verified,Safely parsed from the preserved Phase 6 human-readable locator; unparsed components remain blank.
LOC-D003-0007,D003,02_PDF_Raw/D/D-IC-03_2018_Tetrault_JetInducedShockWave_UpstreamDropletCloud.pdf,9,72,discussion,,12–13 and discussion,,,,,"PDF p.9, Figs. 12–13 and discussion",complete,verified,Safely parsed from the preserved Phase 6 human-readable locator; unparsed components remain blank.
LOC-D009-0008,D009,02_PDF_Raw/D/D-RDE-04_2022_Wen_DropletLaden_RotatingDetonation_PropagationStability.pdf,3,3,,,,,,6–10,,"PDF p.3, Eqs. 6–10",complete,verified,Safely parsed from the preserved Phase 6 human-readable locator; unparsed components remain blank.
LOC-D009-0009,D009,02_PDF_Raw/D/D-RDE-04_2022_Wen_DropletLaden_RotatingDetonation_PropagationStability.pdf,12,12,discussion,,,,3 and quench discussion,,,"PDF p.12, Table 3 and quench discussion",complete,verified,Safely parsed from the preserved Phase 6 human-readable locator; unparsed components remain blank.
LOC-D017-0008,D017,02_PDF_Raw/D/D-DW-02_2025_Young_DropletBreakup_Evaporation_LiquidFueledDetonations.pdf,10,10,Conclusions,,,,,,,"PDF p.10, Conclusions",complete,verified,Safely parsed from the preserved Phase 6 human-readable locator; unparsed components remain blank.
LOC-D017-0009,D017,02_PDF_Raw/D/D-DW-02_2025_Young_DropletBreakup_Evaporation_LiquidFueledDetonations.pdf,9–10,,,,,,,,,PDF pp.9–10,partial,verified,Safely parsed from the preserved Phase 6 human-readable locator; unparsed components remain blank.
LOC-C031-0010,C031,02_PDF_Raw/C/C-PC-05_2025_Song_3D_PhaseChange_ShockDroplet_Interaction.pdf,9–20,,,,,,,,,PDF pp.9–20,partial,verified,Safely parsed from the preserved Phase 6 human-readable locator; unparsed components remain blank.
LOC-B004-0001,B004,02_PDF_Raw/B/B-T-04_2015_Franquet_FreeUnderexpanded_Jets_Review.pdf,1,25,Abstract,,,,,,,"PDF p.1, Abstract",complete,verified,Review scope.
LOC-B004-0002,B004,02_PDF_Raw/B/B-T-04_2015_Franquet_FreeUnderexpanded_Jets_Review.pdf,3,27,2. Forewords,,,,,1-4,,"PDF p.3, Eqs. (1)-(4)",complete,verified,Definitions of total and exit pressure ratios.
LOC-B004-0003,B004,02_PDF_Raw/B/B-T-04_2015_Franquet_FreeUnderexpanded_Jets_Review.pdf,5,29,3.2 Near field zone,,5-7,,,,,"PDF p.5, Section 3.2, Figs. 5-7",complete,verified,"Moderate, high, and very high underexpansion taxonomy."
LOC-B004-0004,B004,02_PDF_Raw/B/B-T-04_2015_Franquet_FreeUnderexpanded_Jets_Review.pdf,7,31,4.1.1 Position,,8-9,,,5-8,,"PDF p.7, Section 4.1.1, Eqs. (5)-(8)",complete,verified,Review meta-fit for Mach-disk position.
LOC-B004-0005,B004,02_PDF_Raw/B/B-T-04_2015_Franquet_FreeUnderexpanded_Jets_Review.pdf,9,33,4.1.2 Diameter,,10-11,,,9-12,,"PDF p.9, Section 4.1.2, Eqs. (9)-(12)",complete,verified,Review synthesis emphasizes correlation uncertainty.
LOC-B004-0006,B004,02_PDF_Raw/B/B-T-04_2015_Franquet_FreeUnderexpanded_Jets_Review.pdf,11,35,4.1.4 Conclusion,,,,,,,"PDF p.11, Section 4.1.4",complete,verified,Mach-disk knowledge assessment.
LOC-B004-0007,B004,02_PDF_Raw/B/B-T-04_2015_Franquet_FreeUnderexpanded_Jets_Review.pdf,22,46,5.3 Conclusion,,,,,,,"PDF p.22, Section 5.3",complete,verified,Far-field similarity and notional-nozzle assessment.
LOC-B004-0008,B004,02_PDF_Raw/B/B-T-04_2015_Franquet_FreeUnderexpanded_Jets_Review.pdf,24,48,8. Conclusion,,,,,,,"PDF p.24, Section 8",complete,verified,Review-level consensus and gaps.
LOC-B009-0001,B009,02_PDF_Raw/B/B-H2-04_2014_Hamzehloo_LES_Underexpanded_Hydrogen_MethaneJets.pdf,1,21275,Abstract,,,,,,,"PDF p.1, Abstract",complete,verified,Cases and principal findings.
LOC-B009-0002,B009,02_PDF_Raw/B/B-H2-04_2014_Hamzehloo_LES_Underexpanded_Hydrogen_MethaneJets.pdf,2,21276,Under-expanded jets - Definition,,,,,,,"PDF p.2, NPR definition",complete,verified,NPR=P0/P_infinity.
LOC-B009-0003,B009,02_PDF_Raw/B/B-H2-04_2014_Hamzehloo_LES_Underexpanded_Hydrogen_MethaneJets.pdf,5,21279,Simulation setup,,2,,,,,"PDF p.5, Simulation setup",complete,verified,Nozzle and ambient conditions.
LOC-B009-0004,B009,02_PDF_Raw/B/B-H2-04_2014_Hamzehloo_LES_Underexpanded_Hydrogen_MethaneJets.pdf,6,21280,Simulation setup,,,,1,,,"PDF p.6, grid description and Table 1",complete,verified,Grid and transport settings.
LOC-B009-0005,B009,02_PDF_Raw/B/B-H2-04_2014_Hamzehloo_LES_Underexpanded_Hydrogen_MethaneJets.pdf,9,21283,Transient in-nozzle flow and jet development,,5-8,,,,,"PDF p.9, transient development, Figs. 5-8",complete,verified,Microsecond timing visually verified on rendered PDF page.
LOC-B009-0006,B009,02_PDF_Raw/B/B-H2-04_2014_Hamzehloo_LES_Underexpanded_Hydrogen_MethaneJets.pdf,12,21286,Near-nozzle shock structure,,,,3,,,"PDF p.12, Table 3",complete,verified,Case-specific quasi-steady shock metrics.
LOC-B009-0007,B009,02_PDF_Raw/B/B-H2-04_2014_Hamzehloo_LES_Underexpanded_Hydrogen_MethaneJets.pdf,19,21293,Summary and conclusions,,,,,,,"PDF p.19, Summary and conclusions",complete,verified,Primary findings and limits.
LOC-B028-0001,B028,02_PDF_Raw/B/B-E-08_2025_Xie_HydrogenJet_DualScale_Shock_SprayEvolution.pdf,1,1,Abstract,,,,,,,"PDF p.1, Abstract",complete,verified,Scope and major factor ranking.
LOC-B028-0002,B028,02_PDF_Raw/B/B-E-08_2025_Xie_HydrogenJet_DualScale_Shock_SprayEvolution.pdf,2,2,2.1 CVCC platform,,,,,,,"PDF p.2, Section 2.1",complete,verified,Diagnostics and tested ranges.
LOC-B028-0003,B028,02_PDF_Raw/B/B-E-08_2025_Xie_HydrogenJet_DualScale_Shock_SprayEvolution.pdf,4,4,2.2 CFD modelling,,3,,,,,"PDF p.4, Section 2.2",complete,verified,Dual near-/far-field numerical strategy.
LOC-B028-0004,B028,02_PDF_Raw/B/B-E-08_2025_Xie_HydrogenJet_DualScale_Shock_SprayEvolution.pdf,6,6,3.1 Impact of NPR,,,,1,,,"PDF p.6, Table 1",complete,verified,Six NPR cases with explicit pressure pairs.
LOC-B028-0005,B028,02_PDF_Raw/B/B-E-08_2025_Xie_HydrogenJet_DualScale_Shock_SprayEvolution.pdf,7,7,3.1 Impact of NPR,,,,2,,,"PDF p.7, Table 2",complete,verified,Nozzle-hole-diameter sweep.
LOC-B028-0006,B028,02_PDF_Raw/B/B-E-08_2025_Xie_HydrogenJet_DualScale_Shock_SprayEvolution.pdf,8,8,3.1 Impact of NPR,,10,,,,,"PDF p.8, Fig. 10",complete,verified,20 us Mach-disk power-law fits.
LOC-B028-0007,B028,02_PDF_Raw/B/B-E-08_2025_Xie_HydrogenJet_DualScale_Shock_SprayEvolution.pdf,10,10,3.1 Impact of NPR,,12,,,,,"PDF p.10, Fig. 12 and accompanying text",complete,verified,Far-field penetration and projected area statements.
LOC-B028-0008,B028,02_PDF_Raw/B/B-E-08_2025_Xie_HydrogenJet_DualScale_Shock_SprayEvolution.pdf,16,16,3.3 Impact of AT,,,,3,,,"PDF p.16, Table 3",complete,verified,Ambient-temperature sweep.
LOC-B028-0009,B028,02_PDF_Raw/B/B-E-08_2025_Xie_HydrogenJet_DualScale_Shock_SprayEvolution.pdf,21,21,4. Conclusion,,,,,,,"PDF p.21, Section 4 Conclusion",complete,verified,Factor-specific synthesis and limitations.
LOC-C007-0001,C007,02_PDF_Raw/C/C-F-07_2026_Rao_SecondaryAtomization_ExtremeConditions_Review.pdf,1,83,Abstract,,,,,,,"PDF p.1, Abstract",complete,verified,Scope and high-level cascade statement.
LOC-C007-0002,C007,02_PDF_Raw/C/C-F-07_2026_Rao_SecondaryAtomization_ExtremeConditions_Review.pdf,2,84,1. Introduction,,,,,1,,"PDF p.2, Eq. (1)",complete,verified,"Definitions of We, Oh, Re and Ma."
LOC-C007-0003,C007,02_PDF_Raw/C/C-F-07_2026_Rao_SecondaryAtomization_ExtremeConditions_Review.pdf,4,86,1.1 Modes of Breakup,,,,,,,"PDF p.4, Section 1.1",complete,verified,Review taxonomy and reviewed thresholds.
LOC-C007-0004,C007,02_PDF_Raw/C/C-F-07_2026_Rao_SecondaryAtomization_ExtremeConditions_Review.pdf,17,99,4.2 Unsteady Effects: Shocks and Blasts,,8,,,,,"PDF p.17, Section 4.2 and Fig. 8",complete,verified,Typed forcing histories and timescale compatibility.
LOC-C007-0005,C007,02_PDF_Raw/C/C-F-07_2026_Rao_SecondaryAtomization_ExtremeConditions_Review.pdf,18,100,5. Breakup in Compressible Flow Fields,,,,,,,"PDF pp.18-20, Section 5",complete,verified,Compressibility mechanism and morphology.
LOC-C007-0006,C007,02_PDF_Raw/C/C-F-07_2026_Rao_SecondaryAtomization_ExtremeConditions_Review.pdf,23,105,Summary Points and Future Issues,,,,,,,"PDF p.23, Summary Points",complete,verified,Review synthesis and gaps.
LOC-C018-0001,C018,02_PDF_Raw/C/C-SD-11_2024_Xiong_ShockDroplet_HighFidelitySimulation_TheoreticalModel.pdf,1,A46-1,Abstract,,,,,,,"PDF p.1, Abstract",complete,verified,Scope and central conclusion.
LOC-C018-0002,C018,02_PDF_Raw/C/C-SD-11_2024_Xiong_ShockDroplet_HighFidelitySimulation_TheoreticalModel.pdf,4,A46-4,2.1 Problem description,,1,,,,,"PDF p.4, Section 2.1 and Fig. 1",complete,verified,"Geometry, boundaries and wave-speed ratio definition."
LOC-C018-0003,C018,02_PDF_Raw/C/C-SD-11_2024_Xiong_ShockDroplet_HighFidelitySimulation_TheoreticalModel.pdf,5,A46-5,2.1 Problem description,,,,1,2.1-2.2,,"PDF p.5, Table 1 and Eqs. (2.1)-(2.2)",complete,verified,Complete case matrix and Re/We definitions.
LOC-C018-0004,C018,02_PDF_Raw/C/C-SD-11_2024_Xiong_ShockDroplet_HighFidelitySimulation_TheoreticalModel.pdf,6,A46-6,2.2 Numerical method,,,,2,,,"PDF p.6, Table 2",complete,verified,Fluid densities and SGEOS properties.
LOC-C018-0005,C018,02_PDF_Raw/C/C-SD-11_2024_Xiong_ShockDroplet_HighFidelitySimulation_TheoreticalModel.pdf,9,A46-9,3.1 Time history of the NPP point,,3,,,,,"PDF p.9, Section 3.1 and Fig. 3",complete,verified,NPP timing near t*=1.25.
LOC-C018-0006,C018,02_PDF_Raw/C/C-SD-11_2024_Xiong_ShockDroplet_HighFidelitySimulation_TheoreticalModel.pdf,13,A46-13,3. NPP location comparison,,5,,,,,"PDF p.13, Fig. 5 and accompanying text",complete,verified,Low/high n trend distinction.
LOC-C018-0007,C018,02_PDF_Raw/C/C-SD-11_2024_Xiong_ShockDroplet_HighFidelitySimulation_TheoreticalModel.pdf,20,A46-20,4. Improved theoretical model,,9-10,,,,,"PDF pp.20-22, improved model comparison",partial,verified,Mach-stem role in high wave-speed-ratio cases.
LOC-C018-0008,C018,02_PDF_Raw/C/C-SD-11_2024_Xiong_ShockDroplet_HighFidelitySimulation_TheoreticalModel.pdf,23,A46-23,5.2 Factors of pressure variation,,14-16,,,,,"PDF pp.23-28, Sections 5.2-5.3",partial,verified,Four-factor pressure history.
LOC-C018-0009,C018,02_PDF_Raw/C/C-SD-11_2024_Xiong_ShockDroplet_HighFidelitySimulation_TheoreticalModel.pdf,28,A46-28,6. Conclusion,,,,,,,"PDF pp.28-29, Section 6 Conclusion",complete,verified,NPP/focus distinction and limitations.
LOC-C019-0001,C019,02_PDF_Raw/C/C-SD-12_2025_Chen_Droplet_DivergentShockWave_Dynamics.pdf.pdf,1,,Abstract,,,,,,,"PDF p.1, Abstract",complete,verified,Study scope and principal curvature findings.
LOC-C019-0002,C019,02_PDF_Raw/C/C-SD-12_2025_Chen_Droplet_DivergentShockWave_Dynamics.pdf.pdf,3,,2. Physical model,,1,,,,,"PDF p.3, Section 2, Fig. 1",complete,verified,"Droplet diameter, ambient state, Ma0 and omega definitions."
LOC-C019-0003,C019,02_PDF_Raw/C/C-SD-12_2025_Chen_Droplet_DivergentShockWave_Dynamics.pdf.pdf,6,,3.3 Numerical verification and validation,,,,,2.5,,"PDF p.6, Section 3.3, Eq. (2.5)",complete,verified,"Time normalization, shock-contact origin and mesh."
LOC-C019-0004,C019,02_PDF_Raw/C/C-SD-12_2025_Chen_Droplet_DivergentShockWave_Dynamics.pdf.pdf,8,,3.3 Numerical verification and validation,,4,,,,,"PDF p.8, capillary/viscous limitation discussion",complete,verified,Two-dimensionality and omitted surface tension/viscosity.
LOC-C019-0005,C019,02_PDF_Raw/C/C-SD-12_2025_Chen_Droplet_DivergentShockWave_Dynamics.pdf.pdf,9,,4.1 Shock-droplet interaction dynamics,,5,,,,,"PDF p.9, Section 4.1",complete,verified,"Main Ma0=2.4, omega=6 case and early wave sequence."
LOC-C019-0006,C019,02_PDF_Raw/C/C-SD-12_2025_Chen_Droplet_DivergentShockWave_Dynamics.pdf.pdf,16,,4.3 Analysis of the starting point of K-H instability,,11,,,4.4-4.6,,"PDF p.16, Section 4.3, Eqs. (4.4)-(4.6), Fig. 11",complete,verified,Tangential/normal components and K-H inception.
LOC-C019-0007,C019,02_PDF_Raw/C/C-SD-12_2025_Chen_Droplet_DivergentShockWave_Dynamics.pdf.pdf,18,,4.3 Analysis of the starting point of K-H instability,,,,1,,,"PDF p.18, Table 1",complete,verified,"Critical, fixed, and diffraction angles."
LOC-C019-0008,C019,02_PDF_Raw/C/C-SD-12_2025_Chen_Droplet_DivergentShockWave_Dynamics.pdf.pdf,22,,Conclusion,,,,,,,"PDF pp.22-23, Conclusion",complete,verified,"Curvature effects, mechanisms and limitations."
LOC-C024-0001,C024,02_PDF_Raw/C/C-ST-04_2023_DukeWalker_SmallDroplet_BreakupEvaporation_HighWeber.pdf,1,,Abstract,,,,,,,"PDF p.1, Abstract",complete,verified,Scope and principal model conclusion.
LOC-C024-0002,C024,02_PDF_Raw/C/C-ST-04_2023_DukeWalker_SmallDroplet_BreakupEvaporation_HighWeber.pdf,2,,2. Background,,,,,"We, Re, Oh definitions",,"PDF p.2, dimensionless definitions",complete,verified,Definitions and reference variables.
LOC-C024-0003,C024,02_PDF_Raw/C/C-ST-04_2023_DukeWalker_SmallDroplet_BreakupEvaporation_HighWeber.pdf,5,,3.2 Initial conditions,,,,1,,,"PDF p.5, Table 1",complete,verified,"D10/D32, Oh, We and Re."
LOC-C024-0004,C024,02_PDF_Raw/C/C-ST-04_2023_DukeWalker_SmallDroplet_BreakupEvaporation_HighWeber.pdf,6,,3.3 Experimental diagnostics,,,,3,,,"PDF p.6, Table 3",complete,verified,Shock Mach and post-shock conditions.
LOC-C024-0005,C024,02_PDF_Raw/C/C-ST-04_2023_DukeWalker_SmallDroplet_BreakupEvaporation_HighWeber.pdf,7,,4.1 Qualitative description,,7-8,,,,,"PDF p.7, Section 4.1, Figs. 7-8",complete,verified,"Breakup, cloud growth and evaporation intervals."
LOC-C024-0006,C024,02_PDF_Raw/C/C-ST-04_2023_DukeWalker_SmallDroplet_BreakupEvaporation_HighWeber.pdf,10,,5.4 Breakup models,,15-16,,,,,"PDF p.10, Section 5.4",complete,verified,Characteristic time and breakup models.
LOC-C024-0007,C024,02_PDF_Raw/C/C-ST-04_2023_DukeWalker_SmallDroplet_BreakupEvaporation_HighWeber.pdf,13,,6. Conclusion,,,,,,,"PDF p.13, Conclusion",complete,verified,Quantitative ranges and model assessment.
LOC-C025-0001,C025,02_PDF_Raw/C/C-ST-05_2025_Ullman_ShockInduced_DropletBreakup_TimescalesStatistics.pdf,1,,Abstract,,,,,,,"PDF p.1, Abstract",complete,verified,Scope and statistics.
LOC-C025-0002,C025,02_PDF_Raw/C/C-ST-05_2025_Ullman_ShockInduced_DropletBreakup_TimescalesStatistics.pdf,3,,III. Case Configurations,,1,,,13,,"PDF p.3, Section III, Fig.1, Eq. (13)",complete,verified,"Initial state, mesh, cases and Ranger-Nicholls time."
LOC-C025-0003,C025,02_PDF_Raw/C/C-ST-05_2025_Ullman_ShockInduced_DropletBreakup_TimescalesStatistics.pdf,5,,IV. Results - displacement and deformation,,4-6,,,,,"PDF p.5, Figs.4-6",complete,verified,Self-similar spreading and piercing.
LOC-C025-0004,C025,02_PDF_Raw/C/C-ST-05_2025_Ullman_ShockInduced_DropletBreakup_TimescalesStatistics.pdf,6,,IV. Results - droplet size distributions,,7-8,,,,,"PDF p.6, Figs.7-8",complete,verified,Bimodal size PDFs.
LOC-C025-0005,C025,02_PDF_Raw/C/C-ST-05_2025_Ullman_ShockInduced_DropletBreakup_TimescalesStatistics.pdf,7,,IV. Results - droplet breakup times,,9-11,,,,,"PDF pp.7-8, Figs.9-11",complete,verified,"Induction, atomized mass and definition caveat."
LOC-C025-0006,C025,02_PDF_Raw/C/C-ST-05_2025_Ullman_ShockInduced_DropletBreakup_TimescalesStatistics.pdf,8,,V. Conclusions,,,,,,,"PDF p.8, Conclusions",complete,verified,Quantitative summary.
LOC-C035-0001,C035,02_PDF_Raw/C/C-MD-03_2021_Wang_ShockInduced_TandemDroplet_Breakup.pdf,2,,I. Introduction,,,,,1-2,,"PDF p.2, Eqs. (1)-(2)",complete,verified,We and Oh definitions.
LOC-C035-0002,C035,02_PDF_Raw/C/C-MD-03_2021_Wang_ShockInduced_TandemDroplet_Breakup.pdf,4,,II. Experimental setup,,1-3,,,,,"PDF pp.3-4, Section II, Figs.1-3",complete,verified,"Wave timing, steady window and diagnostics."
LOC-C035-0003,C035,02_PDF_Raw/C/C-MD-03_2021_Wang_ShockInduced_TandemDroplet_Breakup.pdf,4,,II. Experimental setup,,,,I,3-4,,"PDF p.4, Table I, Eqs. (3)-(4)",complete,verified,"Flow cases, morphology, Re and time normalization."
LOC-C035-0004,C035,02_PDF_Raw/C/C-MD-03_2021_Wang_ShockInduced_TandemDroplet_Breakup.pdf,5,,III. Results and discussion,,4,,,,,"PDF p.5, Fig.4",complete,verified,Interaction-mode map and critical spacing.
LOC-C035-0005,C035,02_PDF_Raw/C/C-MD-03_2021_Wang_ShockInduced_TandemDroplet_Breakup.pdf,10,,III.E Quantitative analyses,,,,II,5-6,,"PDF p.10, Table II, Eqs. (5)-(6)",complete,verified,Lead-droplet early-stage metrics.
LOC-C035-0006,C035,02_PDF_Raw/C/C-MD-03_2021_Wang_ShockInduced_TandemDroplet_Breakup.pdf,11,,IV. Summary and conclusion,,,,,,,"PDF pp.11-12, Summary and conclusion",complete,verified,Shielding effects and critical spacing.
LOC-D018-0001,D018,02_PDF_Raw/D/D-DW-03_2026_Yang_RP3_Droplet_DeformationBreakup_Detonation.pdf,1,,Abstract,,,,,,,"PDF p.1, Abstract",complete,verified,Scope and correlations.
LOC-D018-0002,D018,02_PDF_Raw/D/D-DW-03_2026_Yang_RP3_Droplet_DeformationBreakup_Detonation.pdf,3,,2. Experimental methods,,,,,,,"PDF p.3, Section 2.1",complete,verified,"Reactants, imaging, diagnostics and uncertainty."
LOC-D018-0003,D018,02_PDF_Raw/D/D-DW-03_2026_Yang_RP3_Droplet_DeformationBreakup_Detonation.pdf,3,,2.2 Testing conditions,,,,1,,,"PDF p.3, Table 1",complete,verified,Fifteen case conditions and surface tensions.
LOC-D018-0004,D018,02_PDF_Raw/D/D-DW-03_2026_Yang_RP3_Droplet_DeformationBreakup_Detonation.pdf,4,,2.2 Testing conditions,,,,,1-2,,"PDF p.4, Eqs. (1)-(2)",complete,verified,We/Oh and post-detonation reference-state definitions.
LOC-D018-0005,D018,02_PDF_Raw/D/D-DW-03_2026_Yang_RP3_Droplet_DeformationBreakup_Detonation.pdf,5,,3.1 Global observations,,4-6,,,,,"PDF pp.4-6, Section 3.1",complete,verified,KHI then coupled KHI-RTI breakup.
LOC-D018-0006,D018,02_PDF_Raw/D/D-DW-03_2026_Yang_RP3_Droplet_DeformationBreakup_Detonation.pdf,8,,3.2 Droplet deformation dynamics,,11-12,,,,,"PDF p.8, Figs.11-12",complete,verified,Cross-stream correlation and adverse pressure gradient.
LOC-D018-0007,D018,02_PDF_Raw/D/D-DW-03_2026_Yang_RP3_Droplet_DeformationBreakup_Detonation.pdf,10,,3.2 Droplet deformation dynamics,,13-14,,,8,,"PDF pp.9-10, Eq. (8), Figs.13-14",complete,verified,Displacement fit and drag coefficient.
LOC-D018-0008,D018,02_PDF_Raw/D/D-DW-03_2026_Yang_RP3_Droplet_DeformationBreakup_Detonation.pdf,10,,3.3 Droplet breakup dynamics,,15-16,,,,,"PDF p.10, Section 3.3, Figs.15-16",complete,verified,Breakup criterion and collapsed times.
LOC-D018-0009,D018,02_PDF_Raw/D/D-DW-03_2026_Yang_RP3_Droplet_DeformationBreakup_Detonation.pdf,11,,4. Conclusions,,,,,10-11,,"PDF p.11, Eqs. (10)-(11), Conclusions",complete,verified,Correlations and limitations.
LOC-A026-0001,A026,02_PDF_Raw/A/A-H2-09_2025_Heaton_HydrogenInjectionTiming_EnergyProportion_Flame.pdf,1,,Abstract,,,,,,,"PDF p.1, Abstract",complete,verified,Scope and main findings.
LOC-A026-0002,A026,02_PDF_Raw/A/A-H2-09_2025_Heaton_HydrogenInjectionTiming_EnergyProportion_Flame.pdf,3,,2.1 Optical engine and injection system,,,,1-2,,,"PDF p.3, Tables 1-2",complete,verified,"Engine, injector and operating conditions."
LOC-A026-0003,A026,02_PDF_Raw/A/A-H2-09_2025_Heaton_HydrogenInjectionTiming_EnergyProportion_Flame.pdf,4,,2.2-2.3 Diagnostics and image processing,,,,3,,,"PDF p.4, Table 3",complete,verified,Dual-camera settings and limitations.
LOC-A026-0004,A026,02_PDF_Raw/A/A-H2-09_2025_Heaton_HydrogenInjectionTiming_EnergyProportion_Flame.pdf,6,,3.1 Effect of hydrogen energy share,,3-8,,,,,"PDF pp.4-7, Section 3.1, Figs.3-8",complete,verified,Energy-share response.
LOC-A026-0005,A026,02_PDF_Raw/A/A-H2-09_2025_Heaton_HydrogenInjectionTiming_EnergyProportion_Flame.pdf,10,,3.2 Effect of hydrogen injection timing,,9-13,,,,,"PDF pp.7-11, Section 3.2, Figs.9-13",complete,verified,Timing response and pilot dilution.
LOC-A026-0006,A026,02_PDF_Raw/A/A-H2-09_2025_Heaton_HydrogenInjectionTiming_EnergyProportion_Flame.pdf,12,,4. Conclusions,,,,,,,"PDF pp.11-13, Conclusions",complete,verified,Author conclusions.
LOC-A028-0001,A028,02_PDF_Raw/A/A-R-02_2021_Li_NumericalReview_HPDI_NaturalGas_Engines.pdf,4,,1. Introduction / review scope,,,,,,,"PDF p.4, review scope",complete,verified,Two-part framework.
LOC-A028-0002,A028,02_PDF_Raw/A/A-R-02_2021_Li_NumericalReview_HPDI_NaturalGas_Engines.pdf,5,,2.1-2.2 Underexpanded gas jets,,,,2-3,7-11,,"PDF pp.5-7, Sections 2.1-2.2, Tables 2-3",complete,verified,Penetration and Mach-disk model taxonomy.
LOC-A028-0003,A028,02_PDF_Raw/A/A-R-02_2021_Li_NumericalReview_HPDI_NaturalGas_Engines.pdf,15,,4. Challenges,,,,,,,"PDF p.15, Section 4",complete,verified,Accuracy/cost/model-transfer gaps.
LOC-A028-0004,A028,02_PDF_Raw/A/A-R-02_2021_Li_NumericalReview_HPDI_NaturalGas_Engines.pdf,16,,5. Conclusions and prospects,,,,,,,"PDF pp.15-17, Section 5",complete,verified,Review recommendations and limitations.
LOC-A029-0001,A029,02_PDF_Raw/A/A-R-03_2025_Li_DualFuel_DualDirectInjection_Review.pdf,1,,Abstract,,,,,,,"PDF p.1, Abstract",complete,verified,Review scope.
LOC-A029-0002,A029,02_PDF_Raw/A/A-R-03_2025_Li_DualFuel_DualDirectInjection_Review.pdf,13,,5. Diesel-hydrogen DFDI combustion,,,,,,,"PDF pp.13-14, Section 5",complete,verified,Hydrogen-specific synthesis and source pointers.
LOC-A029-0003,A029,02_PDF_Raw/A/A-R-03_2025_Li_DualFuel_DualDirectInjection_Review.pdf,21,,7. Conclusion and further recommendations,,,,,,,"PDF pp.21-22, Section 7",complete,verified,Review taxonomy and future gaps.
LOC-A030-0001,A030,02_PDF_Raw/A/A-R-04_2025_Rorimpandey_HydrogenDiesel_DI_Combustion_Review.pdf,1,,Abstract,,,,,,,"PDF p.1, Abstract",complete,verified,Review scope and key synthesis.
LOC-A030-0002,A030,02_PDF_Raw/A/A-R-04_2025_Rorimpandey_HydrogenDiesel_DI_Combustion_Review.pdf,12,,3.2 Relative injection duration,,4-5,,,,,"PDF p.12, Section 3.2, Figs.4-5",complete,verified,Momentum-balance and entrainment synthesis.
LOC-A030-0003,A030,02_PDF_Raw/A/A-R-04_2025_Rorimpandey_HydrogenDiesel_DI_Combustion_Review.pdf,13,,3.3 Jet interaction angle,,6,,,,,"PDF pp.12-13, Section 3.3, Fig.6",complete,verified,Diverging/parallel/converging taxonomy.
LOC-A030-0004,A030,02_PDF_Raw/A/A-R-04_2025_Rorimpandey_HydrogenDiesel_DI_Combustion_Review.pdf,17,,4. Challenges and opportunities,,,,,,,"PDF pp.17-18, Section 4",complete,verified,"Diagnostics, conditions and application gaps."
LOC-A030-0005,A030,02_PDF_Raw/A/A-R-04_2025_Rorimpandey_HydrogenDiesel_DI_Combustion_Review.pdf,18,,5. Conclusion,,,,,,,"PDF pp.18-19, Section 5",complete,verified,Mechanism synthesis.
LOC-A013-0001,A013,02_PDF_Raw/A/A-NG-13_2023_Rochussen_HeatRelease_Emissions_Stratified_PIDING.pdf,1,,Introduction,,,,,,,"PDF p.1, Introduction",complete,verified,Exact page boundary verified in machine-readable full text; no figure digitization.
LOC-A013-0002,A013,02_PDF_Raw/A/A-NG-13_2023_Rochussen_HeatRelease_Emissions_Stratified_PIDING.pdf,17,,Conclusions,,,,,,,"PDF p.17, Conclusions",complete,verified,Exact page boundary verified in machine-readable full text; no figure digitization.
LOC-A014-0001,A014,02_PDF_Raw/A/A-NG-14_2023_Rochussen_Optical_StratifiedPremixed_NGDI_Combustion.pdf,1,,Introduction,,,,,,,"PDF p.1, Introduction",complete,verified,Exact page boundary verified in machine-readable full text; no figure digitization.
LOC-A014-0002,A014,02_PDF_Raw/A/A-NG-14_2023_Rochussen_Optical_StratifiedPremixed_NGDI_Combustion.pdf,19,,Conclusions,,,,,,,"PDF p.19, Conclusions",complete,verified,Exact page boundary verified in machine-readable full text; no figure digitization.
LOC-A018-0001,A018,02_PDF_Raw/A/A-H2-01_2021_Liu_Performance_Emissions_H2DDI.pdf,1,,abstract,,,,,,,"PDF p.1, abstract",complete,verified,Exact page boundary verified in machine-readable full text; no figure digitization.
LOC-A018-0002,A018,02_PDF_Raw/A/A-H2-01_2021_Liu_Performance_Emissions_H2DDI.pdf,11,,Conclusions,,,,,,,"PDF p.11, Conclusions",complete,verified,Exact page boundary verified in machine-readable full text; no figure digitization.
LOC-A021-0001,A021,02_PDF_Raw/A/A-H2-04_2024_Rorimpandey_EnergyShare_AmbientOxygen_H2DDI.pdf,1,,1. Introduction,,,,,,,"PDF p.1, 1. Introduction",complete,verified,Exact page boundary verified in machine-readable full text; no figure digitization.
LOC-A021-0002,A021,02_PDF_Raw/A/A-H2-04_2024_Rorimpandey_EnergyShare_AmbientOxygen_H2DDI.pdf,14,,Appendix A. Supplementary data,,,,,,,"PDF p.14, Appendix A. Supplementary data",complete,verified,Exact page boundary verified in machine-readable full text; no figure digitization.
LOC-A021-0003,A021,02_PDF_Raw/A/A-H2-04_2024_Rorimpandey_EnergyShare_AmbientOxygen_H2DDI.pdf,13,,3. Results and discussion,,,,,,,"PDF p.13, 3. Results and discussion",complete,verified,Exact page boundary verified in machine-readable full text; no figure digitization.
LOC-A024-0001,A024,02_PDF_Raw/A/A-H2-07_2024_Ramsay_HeavyDuty_DieselHydrogen_HPDI_Modeling.pdf,1,,abstract,,,,,,,"PDF p.1, abstract",complete,verified,Exact page boundary verified in machine-readable full text; no figure digitization.
LOC-A024-0002,A024,02_PDF_Raw/A/A-H2-07_2024_Ramsay_HeavyDuty_DieselHydrogen_HPDI_Modeling.pdf,21,,references,,,,,,,"PDF p.21, references",complete,verified,Exact page boundary verified in machine-readable full text; no figure digitization.
LOC-A025-0001,A025,02_PDF_Raw/A/A-H2-08_2024_Lucchini_H2DDI_FGM_TransportedPDF.pdf,1,,1. Introduction,,,,,,,"PDF p.1, 1. Introduction",complete,verified,Exact page boundary verified in machine-readable full text; no figure digitization.
LOC-A025-0002,A025,02_PDF_Raw/A/A-H2-08_2024_Lucchini_H2DDI_FGM_TransportedPDF.pdf,6,,References,,,,,,,"PDF p.6, References",complete,verified,Exact page boundary verified in machine-readable full text; no figure digitization.
LOC-B002-0001,B002,02_PDF_Raw/B/B-T-02_2012_Papanikolaou_NotionalNozzle_Underexpanded_HydrogenJets.pdf,1,,1. Introduction,,,,,,,"PDF p.1, 1. Introduction",complete,verified,Exact page boundary verified in machine-readable full text; no figure digitization.
LOC-B002-0002,B002,02_PDF_Raw/B/B-T-02_2012_Papanikolaou_NotionalNozzle_Underexpanded_HydrogenJets.pdf,10,,7. Conclusions,,,,,,,"PDF p.10, 7. Conclusions",complete,verified,Exact page boundary verified in machine-readable full text; no figure digitization.
LOC-B003-0001,B003,02_PDF_Raw/B/B-T-03_2013_Vuorinen_LES_HighlyUnderexpanded_TransientGasJets.pdf,1,,Front matter and abstract,,,,,,,"PDF p.1, Front matter and abstract",complete,verified,Exact page boundary verified in machine-readable full text; no figure digitization.
LOC-B003-0002,B003,02_PDF_Raw/B/B-T-03_2013_Vuorinen_LES_HighlyUnderexpanded_TransientGasJets.pdf,2,,Front matter and abstract,,,,,,,"PDF p.2, Front matter and abstract",complete,verified,Exact page boundary verified in machine-readable full text; no figure digitization.
LOC-B005-0001,B005,02_PDF_Raw/B/B-T-05_2023_Duronio_UnderexpandedJets_AdvancedPropulsion_Review.pdf,1,,1. Introduction,,,,,,,"PDF p.1, 1. Introduction",complete,verified,Exact page boundary verified in machine-readable full text; no figure digitization.
LOC-B005-0002,B005,02_PDF_Raw/B/B-T-05_2023_Duronio_UnderexpandedJets_AdvancedPropulsion_Review.pdf,15,,6. Conclusions,,,,,,,"PDF p.15, 6. Conclusions",complete,verified,Exact page boundary verified in machine-readable full text; no figure digitization.
LOC-B007-0001,B007,02_PDF_Raw/B/B-H2-02_2012_Ruggles_Ignitability_Mixing_Underexpanded_HydrogenJets.pdf,1,,1. Introduction,,,,,,,"PDF p.1, 1. Introduction",complete,verified,Exact page boundary verified in machine-readable full text; no figure digitization.
LOC-B007-0002,B007,02_PDF_Raw/B/B-H2-02_2012_Ruggles_Ignitability_Mixing_Underexpanded_HydrogenJets.pdf,2,,modeling. Traditional RANS calculations struggle to reconcile,,,,,,,"PDF p.2, modeling. Traditional RANS calculations struggle to reconcile",complete,verified,Exact page boundary verified in machine-readable full text; no figure digitization.
LOC-B012-0001,B012,02_PDF_Raw/B/B-H2-07_2016_Hamzehloo_Transient_UnderexpandedJets_AMR.pdf,1,,1. Introduction,,,,,,,"PDF p.1, 1. Introduction",complete,verified,Exact page boundary verified in machine-readable full text; no figure digitization.
LOC-B012-0002,B012,02_PDF_Raw/B/B-H2-07_2016_Hamzehloo_Transient_UnderexpandedJets_AMR.pdf,17,,4. Conclusions,,,,,,,"PDF p.17, 4. Conclusions",complete,verified,Exact page boundary verified in machine-readable full text; no figure digitization.
LOC-B016-0001,B016,02_PDF_Raw/B/B-NG-01_2017_Dong_HighPressure_GasJets_ShockWaveStructure.pdf,1,,abstract,,,,,,,"PDF p.1, abstract",complete,verified,Exact page boundary verified in machine-readable full text; no figure digitization.
LOC-B016-0002,B016,02_PDF_Raw/B/B-NG-01_2017_Dong_HighPressure_GasJets_ShockWaveStructure.pdf,12,,References,,,,,,,"PDF p.12, References",complete,verified,Exact page boundary verified in machine-readable full text; no figure digitization.
LOC-B017-0001,B017,02_PDF_Raw/B/B-NG-02_2019_Lei_HighPressure_Methane_PulsedInjection.pdf,1,,1. Introduction,,,,,,,"PDF p.1, 1. Introduction",complete,verified,Exact page boundary verified in machine-readable full text; no figure digitization.
LOC-B017-0002,B017,02_PDF_Raw/B/B-NG-02_2019_Lei_HighPressure_Methane_PulsedInjection.pdf,13,,5. Conclusion,,,,,,,"PDF p.13, 5. Conclusion",complete,verified,Exact page boundary verified in machine-readable full text; no figure digitization.
LOC-B017-0003,B017,02_PDF_Raw/B/B-NG-02_2019_Lei_HighPressure_Methane_PulsedInjection.pdf,14,,5. Conclusion,,,,,,,"PDF p.14, 5. Conclusion",complete,verified,Exact page boundary verified in machine-readable full text; no figure digitization.
LOC-B019-0001,B019,02_PDF_Raw/B/B-NG-04_2021_Yosri_LES_MethaneDI_FullInjectorGeometry.pdf,1,,1. Introduction,,,,,,,"PDF p.1, 1. Introduction",complete,verified,Exact page boundary verified in machine-readable full text; no figure digitization.
LOC-B019-0002,B019,02_PDF_Raw/B/B-NG-04_2021_Yosri_LES_MethaneDI_FullInjectorGeometry.pdf,10,,5. Conclusions,,,,,,,"PDF p.10, 5. Conclusions",complete,verified,Exact page boundary verified in machine-readable full text; no figure digitization.
LOC-B019-0003,B019,02_PDF_Raw/B/B-NG-04_2021_Yosri_LES_MethaneDI_FullInjectorGeometry.pdf,11,,5. Conclusions,,,,,,,"PDF p.11, 5. Conclusions",complete,verified,Exact page boundary verified in machine-readable full text; no figure digitization.
LOC-B023-0001,B023,02_PDF_Raw/B/B-E-03_2024_Ballatore_PressureBased_LES_HydrogenJets.pdf,1,,abstract,,,,,,,"PDF p.1, abstract",complete,verified,Exact page boundary verified in machine-readable full text; no figure digitization.
LOC-B023-0002,B023,02_PDF_Raw/B/B-E-03_2024_Ballatore_PressureBased_LES_HydrogenJets.pdf,11,,5. Conclusions,,,,,,,"PDF p.11, 5. Conclusions",complete,verified,Exact page boundary verified in machine-readable full text; no figure digitization.
LOC-B024-0001,B024,02_PDF_Raw/B/B-E-04_2024_Coratella_HollowCone_HydrogenJet_Schlieren.pdf,1,,1. Introduction,,,,,,,"PDF p.1, 1. Introduction",complete,verified,Exact page boundary verified in machine-readable full text; no figure digitization.
LOC-B024-0002,B024,02_PDF_Raw/B/B-E-04_2024_Coratella_HollowCone_HydrogenJet_Schlieren.pdf,13,,5. Conclusions,,,,,,,"PDF p.13, 5. Conclusions",complete,verified,Exact page boundary verified in machine-readable full text; no figure digitization.
LOC-B030-0001,B030,02_PDF_Raw/B/B-E-10_2026_Zhang_ExtremelyUnderexpanded_HydrogenJet_HPDI.pdf,1,,1. Introduction,,,,,,,"PDF p.1, 1. Introduction",complete,verified,Exact page boundary verified in machine-readable full text; no figure digitization.
LOC-B030-0002,B030,02_PDF_Raw/B/B-E-10_2026_Zhang_ExtremelyUnderexpanded_HydrogenJet_HPDI.pdf,14,,4. Conclusion,,,,,,,"PDF p.14, 4. Conclusion",complete,verified,Exact page boundary verified in machine-readable full text; no figure digitization.
LOC-C001-0001,C001,02_PDF_Raw/C/C-F-01_2007_Theofanous_Aerobreakup_Disturbed_SubsonicSupersonic_Flow.pdf,1,,1. Introduction,,,,,,,"PDF p.1, 1. Introduction",complete,verified,Exact page boundary verified in machine-readable full text; no figure digitization.
LOC-C001-0002,C001,02_PDF_Raw/C/C-F-01_2007_Theofanous_Aerobreakup_Disturbed_SubsonicSupersonic_Flow.pdf,27,,8. Conclusions,,,,,,,"PDF p.27, 8. Conclusions",complete,verified,Exact page boundary verified in machine-readable full text; no figure digitization.
LOC-C001-0003,C001,02_PDF_Raw/C/C-F-01_2007_Theofanous_Aerobreakup_Disturbed_SubsonicSupersonic_Flow.pdf,28,,Appendix,,,,,,,"PDF p.28, Appendix",complete,verified,Exact page boundary verified in machine-readable full text; no figure digitization.
LOC-C002-0001,C002,02_PDF_Raw/C/C-F-02_2008_Theofanous_Physics_Aerobreakup.pdf,1,,Front matter and abstract,,,,,,,"PDF p.1, Front matter and abstract",complete,verified,Exact page boundary verified in machine-readable full text; no figure digitization.
LOC-C006-0001,C006,02_PDF_Raw/C/C-F-06_2021_Jackiw_Aerodynamic_DropletBreakup.pdf,1,,1. Introduction,,,,,,,"PDF p.1, 1. Introduction",complete,verified,Exact page boundary verified in machine-readable full text; no figure digitization.
LOC-C006-0002,C006,02_PDF_Raw/C/C-F-06_2021_Jackiw_Aerodynamic_DropletBreakup.pdf,35,,Appendix A. Eﬀect of the suspending needle,,,,,,,"PDF p.35, Appendix A. Eﬀect of the suspending needle",complete,verified,Exact page boundary verified in machine-readable full text; no figure digitization.
LOC-C006-0003,C006,02_PDF_Raw/C/C-F-06_2021_Jackiw_Aerodynamic_DropletBreakup.pdf,34,,5. Conclusions,,,,,,,"PDF p.34, 5. Conclusions",complete,verified,Exact page boundary verified in machine-readable full text; no figure digitization.
LOC-C010-0001,C010,02_PDF_Raw/C/C-SD-03_2018_Meng_Numerical_Aerobreakup_WaterDroplet.pdf,1,,1. Introduction,,,,,,,"PDF p.1, 1. Introduction",complete,verified,Exact page boundary verified in machine-readable full text; no figure digitization.
LOC-C010-0002,C010,02_PDF_Raw/C/C-SD-03_2018_Meng_Numerical_Aerobreakup_WaterDroplet.pdf,25,,6. Conclusions,,,,,,,"PDF p.25, 6. Conclusions",complete,verified,Exact page boundary verified in machine-readable full text; no figure digitization.
LOC-C015-0001,C015,02_PDF_Raw/C/C-SD-08_2020_Poplavski_ShockWave_WaterDroplet_ExperimentSimulation.pdf,1,,1. Introduction,,,,,,,"PDF p.1, 1. Introduction",complete,verified,Exact page boundary verified in machine-readable full text; no figure digitization.
LOC-C015-0002,C015,02_PDF_Raw/C/C-SD-08_2020_Poplavski_ShockWave_WaterDroplet_ExperimentSimulation.pdf,14,,References,,,,,,,"PDF p.14, References",complete,verified,Exact page boundary verified in machine-readable full text; no figure digitization.
LOC-C017-0001,C017,02_PDF_Raw/C/C-SD-10_2021_BiasioriPoulanges_ShockInduced_Cavitation_WaterDroplet.pdf,1,,Front matter and abstract,,,,,,,"PDF p.1, Front matter and abstract",complete,verified,Exact page boundary verified in machine-readable full text; no figure digitization.
LOC-C017-0002,C017,02_PDF_Raw/C/C-SD-10_2021_BiasioriPoulanges_ShockInduced_Cavitation_WaterDroplet.pdf,2,,ABSTRACT,,,,,,,"PDF p.2, ABSTRACT",complete,verified,Exact page boundary verified in machine-readable full text; no figure digitization.
LOC-C020-0001,C020,02_PDF_Raw/C/C-SD-13_2026_Young_DropletBreakup_Multimodal_NonlinearRT.pdf,1,,1. Introduction,,,,,,,"PDF p.1, 1. Introduction",complete,verified,Exact page boundary verified in machine-readable full text; no figure digitization.
LOC-C020-0002,C020,02_PDF_Raw/C/C-SD-13_2026_Young_DropletBreakup_Multimodal_NonlinearRT.pdf,2,,1. Introduction,,,,,,,"PDF p.2, 1. Introduction",complete,verified,Exact page boundary verified in machine-readable full text; no figure digitization.
LOC-C020-0003,C020,02_PDF_Raw/C/C-SD-13_2026_Young_DropletBreakup_Multimodal_NonlinearRT.pdf,4,,4. Conclusions,,,,,,,"PDF p.4, 4. Conclusions",complete,verified,Exact page boundary verified in machine-readable full text; no figure digitization.
LOC-C022-0001,C022,02_PDF_Raw/C/C-ST-02_2022_Li_SecondaryDroplet_SizeDistribution_HighSpeedCrossFlow.pdf,1,,1. Introduction,,,,,,,"PDF p.1, 1. Introduction",complete,verified,Exact page boundary verified in machine-readable full text; no figure digitization.
LOC-C022-0002,C022,02_PDF_Raw/C/C-ST-02_2022_Li_SecondaryDroplet_SizeDistribution_HighSpeedCrossFlow.pdf,11,,"Method. Opt Express 21, 26432 – 26449. http://doi.org/10.1364/OE.21.026432",,,,,,,"PDF p.11, Method. Opt Express 21, 26432 – 26449. http://doi.org/10.1364/OE.21.026432",complete,verified,Exact page boundary verified in machine-readable full text; no figure digitization.
LOC-C023-0001,C023,02_PDF_Raw/C/C-ST-03_2022_Zhu_NDecane_DropletBreakup_ShockWave.pdf,1,,Front matter and abstract,,,,,,,"PDF p.1, Front matter and abstract",complete,verified,Exact page boundary verified in machine-readable full text; no figure digitization.
LOC-C023-0002,C023,02_PDF_Raw/C/C-ST-03_2022_Zhu_NDecane_DropletBreakup_ShockWave.pdf,2,,ABSTRACT,,,,,,,"PDF p.2, ABSTRACT",complete,verified,Exact page boundary verified in machine-readable full text; no figure digitization.
LOC-C026-0001,C026,02_PDF_Raw/C/C-ST-06_2025_DukeWalker_SmallDroplet_DeformationAcceleration_HighSpeed.pdf,1,,1. Introduction,,,,,,,"PDF p.1, 1. Introduction",complete,verified,Exact page boundary verified in machine-readable full text; no figure digitization.
LOC-C026-0002,C026,02_PDF_Raw/C/C-ST-06_2025_DukeWalker_SmallDroplet_DeformationAcceleration_HighSpeed.pdf,17,,5. Conclusions,,,,,,,"PDF p.17, 5. Conclusions",complete,verified,Exact page boundary verified in machine-readable full text; no figure digitization.
LOC-C030-0001,C030,02_PDF_Raw/C/C-PC-04_2024_Boyd_Vaporization_DropAerobreakup.pdf,1,,1. Introduction,,,,,,,"PDF p.1, 1. Introduction",complete,verified,Exact page boundary verified in machine-readable full text; no figure digitization.
LOC-C030-0002,C030,02_PDF_Raw/C/C-PC-04_2024_Boyd_Vaporization_DropAerobreakup.pdf,12,,4. Conclusions,,,,,,,"PDF p.12, 4. Conclusions",complete,verified,Exact page boundary verified in machine-readable full text; no figure digitization.
LOC-C033-0001,C033,02_PDF_Raw/C/C-MD-01_2011_Chauvin_PlanarShock_TwoPhase_GasLiquid_Medium.pdf,1,,Front matter and abstract,,,,,,,"PDF p.1, Front matter and abstract",complete,verified,Exact page boundary verified in machine-readable full text; no figure digitization.
LOC-C033-0002,C033,02_PDF_Raw/C/C-MD-01_2011_Chauvin_PlanarShock_TwoPhase_GasLiquid_Medium.pdf,2,,Front matter and abstract,,,,,,,"PDF p.2, Front matter and abstract",complete,verified,Exact page boundary verified in machine-readable full text; no figure digitization.
LOC-C034-0001,C034,02_PDF_Raw/C/C-MD-02_2016_Chauvin_ShockWaves_Sprays_SecondaryAtomization.pdf,1,,1 Introduction,,,,,,,"PDF p.1, 1 Introduction",complete,verified,Exact page boundary verified in machine-readable full text; no figure digitization.
LOC-C034-0002,C034,02_PDF_Raw/C/C-MD-02_2016_Chauvin_ShockWaves_Sprays_SecondaryAtomization.pdf,12,,9 Conclusion,,,,,,,"PDF p.12, 9 Conclusion",complete,verified,Exact page boundary verified in machine-readable full text; no figure digitization.
LOC-D002-0001,D002,02_PDF_Raw/D/D-IC-02_2015_Huang_ShockWaves_HighPressure_FuelJets.pdf,1,,1. Introduction,,,,,,,"PDF p.1, 1. Introduction",complete,verified,Exact page boundary verified in machine-readable full text; no figure digitization.
LOC-D002-0002,D002,02_PDF_Raw/D/D-IC-02_2015_Huang_ShockWaves_HighPressure_FuelJets.pdf,6,,4. Conclusions,,,,,,,"PDF p.6, 4. Conclusions",complete,verified,Exact page boundary verified in machine-readable full text; no figure digitization.
LOC-D005-0001,D005,02_PDF_Raw/D/D-IC-05_2020_Huang_ShockWaveGeneration_DieselEngine_SprayCharacteristics.pdf,1,,1. Introduction,,,,,,,"PDF p.1, 1. Introduction",complete,verified,Exact page boundary verified in machine-readable full text; no figure digitization.
LOC-D005-0002,D005,02_PDF_Raw/D/D-IC-05_2020_Huang_ShockWaveGeneration_DieselEngine_SprayCharacteristics.pdf,17,,References,,,,,,,"PDF p.17, References",complete,verified,Exact page boundary verified in machine-readable full text; no figure digitization.
LOC-D007-0001,D007,02_PDF_Raw/D/D-RDE-02_2021_Ren_TwoPhase_KeroseneAir_RotatingDetonation_Stability.pdf,1,,1. Introduction,,,,,,,"PDF p.1, 1. Introduction",complete,verified,Exact page boundary verified in machine-readable full text; no figure digitization.
LOC-D007-0002,D007,02_PDF_Raw/D/D-RDE-02_2021_Ren_TwoPhase_KeroseneAir_RotatingDetonation_Stability.pdf,18,,References,,,,,,,"PDF p.18, References",complete,verified,Exact page boundary verified in machine-readable full text; no figure digitization.
LOC-D010-0001,D010,02_PDF_Raw/D/D-RDE-05_2023_Salvadori_LiquidDroplet_Combustion_RotatingDetonation.pdf,1,,1. Introduction,,,,,,,"PDF p.1, 1. Introduction",complete,verified,Exact page boundary verified in machine-readable full text; no figure digitization.
LOC-D010-0002,D010,02_PDF_Raw/D/D-RDE-05_2023_Salvadori_LiquidDroplet_Combustion_RotatingDetonation.pdf,8,,4. Conclusions,,,,,,,"PDF p.8, 4. Conclusions",complete,verified,Exact page boundary verified in machine-readable full text; no figure digitization.
LOC-D010-0003,D010,02_PDF_Raw/D/D-RDE-05_2023_Salvadori_LiquidDroplet_Combustion_RotatingDetonation.pdf,7,,3. Results and discussion,,,,,,,"PDF p.7, 3. Results and discussion",complete,verified,Exact page boundary verified in machine-readable full text; no figure digitization.
LOC-D011-0001,D011,02_PDF_Raw/D/D-RDE-06_2023_Yao_DropletEvaporation_HydrogenEnhanced_Kerosene_RDE.pdf,1,,abstract,,,,,,,"PDF p.1, abstract",complete,verified,Exact page boundary verified in machine-readable full text; no figure digitization.
LOC-D013-0001,D013,02_PDF_Raw/D/D-RDE-08_2024_Cao_DropletSize_EngineSize_KeroseneAir_RDE.pdf,1,,1. Introduction,,,,,,,"PDF p.1, 1. Introduction",complete,verified,Exact page boundary verified in machine-readable full text; no figure digitization.
LOC-D013-0002,D013,02_PDF_Raw/D/D-RDE-08_2024_Cao_DropletSize_EngineSize_KeroseneAir_RDE.pdf,10,,References,,,,,,,"PDF p.10, References",complete,verified,Exact page boundary verified in machine-readable full text; no figure digitization.
LOC-D014-0001,D014,02_PDF_Raw/D/D-RDE-09_2025_Li_DropletKinematics_Distribution_Ethanol_RDE.pdf,1,,1. Introduction,,,,,,,"PDF p.1, 1. Introduction",complete,verified,Exact page boundary verified in machine-readable full text; no figure digitization.
LOC-D014-0002,D014,02_PDF_Raw/D/D-RDE-09_2025_Li_DropletKinematics_Distribution_Ethanol_RDE.pdf,10,,4. Conclusion,,,,,,,"PDF p.10, 4. Conclusion",complete,verified,Exact page boundary verified in machine-readable full text; no figure digitization.
LOC-D015-0001,D015,02_PDF_Raw/D/D-RDE-10_2026_Qin_SprayCharacteristics_KeroseneAir_DetonationModes.pdf,1,,1. Introduction,,,,,,,"PDF p.1, 1. Introduction",complete,verified,Exact page boundary verified in machine-readable full text; no figure digitization.
LOC-D015-0002,D015,02_PDF_Raw/D/D-RDE-10_2026_Qin_SprayCharacteristics_KeroseneAir_DetonationModes.pdf,16,,7. Conclusion,,,,,,,"PDF p.16, 7. Conclusion",complete,verified,Exact page boundary verified in machine-readable full text; no figure digitization.
LOC-D015-0003,D015,02_PDF_Raw/D/D-RDE-10_2026_Qin_SprayCharacteristics_KeroseneAir_DetonationModes.pdf,17,,Appendix A,,,,,,,"PDF p.17, Appendix A",complete,verified,Exact page boundary verified in machine-readable full text; no figure digitization.
LOC-D016-0001,D016,02_PDF_Raw/D/D-DW-01_2025_Yang_DetonationWave_DropletBreakup_DiameterMach.pdf,1,,Front matter and abstract,,,,,,,"PDF p.1, Front matter and abstract",complete,verified,Exact page boundary verified in machine-readable full text; no figure digitization.
LOC-D016-0002,D016,02_PDF_Raw/D/D-DW-01_2025_Yang_DetonationWave_DropletBreakup_DiameterMach.pdf,2,,ABSTRACT,,,,,,,"PDF p.2, ABSTRACT",complete,verified,Exact page boundary verified in machine-readable full text; no figure digitization.
LOC-A003-0001,A003,02_PDF_Raw/A/A-NG-03_2015_Li_Performance_HeatRelease_PilotIgnited_NG.pdf,1,,1. Introduction,,,,,,,"PDF p.1, 1. Introduction",complete,verified,Exact PDF page boundary verified in machine-readable full text; no figure digitization.
LOC-A003-0002,A003,02_PDF_Raw/A/A-NG-03_2015_Li_Performance_HeatRelease_PilotIgnited_NG.pdf,6,,1. Introduction,,,,,,,"PDF p.6, 1. Introduction",complete,verified,Exact PDF page boundary verified in machine-readable full text; no figure digitization.
LOC-A003-0003,A003,02_PDF_Raw/A/A-NG-03_2015_Li_Performance_HeatRelease_PilotIgnited_NG.pdf,9,,4. Conclusions,,,,,,,"PDF p.9, 4. Conclusions",complete,verified,Exact PDF page boundary verified in machine-readable full text; no figure digitization.
LOC-A004-0001,A004,02_PDF_Raw/A/A-NG-04_2015_Zhang_Combustion_Emissions_DirectInjected_NG_PilotDiesel.pdf,1,,1. Introduction,,,,,,,"PDF p.1, 1. Introduction",complete,verified,Exact PDF page boundary verified in machine-readable full text; no figure digitization.
LOC-A004-0002,A004,02_PDF_Raw/A/A-NG-04_2015_Zhang_Combustion_Emissions_DirectInjected_NG_PilotDiesel.pdf,11,,References,,,,,,,"PDF p.11, References",complete,verified,Exact PDF page boundary verified in machine-readable full text; no figure digitization.
LOC-A010-0001,A010,02_PDF_Raw/A/A-NG-10_2019_Li_PartiallyPremixed_Combustion_DirectInjection_NG.pdf,1,,1. Introduction,,,,,,,"PDF p.1, 1. Introduction",complete,verified,Exact PDF page boundary verified in machine-readable full text; no figure digitization.
LOC-A010-0002,A010,02_PDF_Raw/A/A-NG-10_2019_Li_PartiallyPremixed_Combustion_DirectInjection_NG.pdf,14,,5. Results and discussion,,,,,,,"PDF p.14, 5. Results and discussion",complete,verified,Exact PDF page boundary verified in machine-readable full text; no figure digitization.
LOC-A010-0003,A010,02_PDF_Raw/A/A-NG-10_2019_Li_PartiallyPremixed_Combustion_DirectInjection_NG.pdf,16,,6. Conclusion,,,,,,,"PDF p.16, 6. Conclusion",complete,verified,Exact PDF page boundary verified in machine-readable full text; no figure digitization.
LOC-A015-0001,A015,02_PDF_Raw/A/A-NG-15_2023_Chen_OperatingParameters_Soot_HPDI_CombustionModes.pdf,1,,1. Introduction,,,,,,,"PDF p.1, 1. Introduction",complete,verified,Exact PDF page boundary verified in machine-readable full text; no figure digitization.
LOC-A015-0002,A015,02_PDF_Raw/A/A-NG-15_2023_Chen_OperatingParameters_Soot_HPDI_CombustionModes.pdf,16,,4. Conclusions,,,,,,,"PDF p.16, 4. Conclusions",complete,verified,Exact PDF page boundary verified in machine-readable full text; no figure digitization.
LOC-A017-0001,A017,02_PDF_Raw/A/A-NG-17_2026_Yang_InjectorStructure_InjectionPressure_Commercial_HPDI.pdf,1,,1. Introduction,,,,,,,"PDF p.1, 1. Introduction",complete,verified,Exact PDF page boundary verified in machine-readable full text; no figure digitization.
LOC-A017-0002,A017,02_PDF_Raw/A/A-NG-17_2026_Yang_InjectorStructure_InjectionPressure_Commercial_HPDI.pdf,10,,4.2. Outlook,,,,,,,"PDF p.10, 4.2. Outlook",complete,verified,Exact PDF page boundary verified in machine-readable full text; no figure digitization.
LOC-A019-0001,A019,02_PDF_Raw/A/A-H2-02_2022_Liu_HydrogenMainFuel_DieselPilot_DirectInjection.pdf,1,,abstract,,,,,,,"PDF p.1, abstract",complete,verified,Exact PDF page boundary verified in machine-readable full text; no figure digitization.
LOC-A019-0002,A019,02_PDF_Raw/A/A-H2-02_2022_Liu_HydrogenMainFuel_DieselPilot_DirectInjection.pdf,5,,Results and discussion,,,,,,,"PDF p.5, Results and discussion",complete,verified,Exact PDF page boundary verified in machine-readable full text; no figure digitization.
LOC-A019-0003,A019,02_PDF_Raw/A/A-H2-02_2022_Liu_HydrogenMainFuel_DieselPilot_DirectInjection.pdf,12,,references,,,,,,,"PDF p.12, references",complete,verified,Exact PDF page boundary verified in machine-readable full text; no figure digitization.
LOC-A023-0001,A023,02_PDF_Raw/A/A-H2-06_2024_Liu_SplitInjection_HighPressure_HydrogenDI.pdf,1,,1. Introduction,,,,,,,"PDF p.1, 1. Introduction",complete,verified,Exact PDF page boundary verified in machine-readable full text; no figure digitization.
LOC-A023-0002,A023,02_PDF_Raw/A/A-H2-06_2024_Liu_SplitInjection_HighPressure_HydrogenDI.pdf,13,,4. Conclusions,,,,,,,"PDF p.13, 4. Conclusions",complete,verified,Exact PDF page boundary verified in machine-readable full text; no figure digitization.
LOC-A027-0001,A027,02_PDF_Raw/A/A-R-01_2020_Li_Review_HPDI_NaturalGas_CombustionEmissionsPerformance.pdf,1,,1. Introduction,,,,,,,"PDF p.1, 1. Introduction",complete,verified,Exact PDF page boundary verified in machine-readable full text; no figure digitization.
LOC-A027-0002,A027,02_PDF_Raw/A/A-R-01_2020_Li_Review_HPDI_NaturalGas_CombustionEmissionsPerformance.pdf,9,,1. Introduction,,,,,,,"PDF p.9, 1. Introduction",complete,verified,Exact PDF page boundary verified in machine-readable full text; no figure digitization.
LOC-A027-0003,A027,02_PDF_Raw/A/A-R-01_2020_Li_Review_HPDI_NaturalGas_CombustionEmissionsPerformance.pdf,13,,5. Conclusions,,,,,,,"PDF p.13, 5. Conclusions",complete,verified,Exact PDF page boundary verified in machine-readable full text; no figure digitization.
LOC-B001-0001,B001,02_PDF_Raw/B/B-T-01_2012_Velikorodny_NearField_HighlyUnderexpanded_TurbulentGasJets.pdf,1,,1. Introduction,,,,,,,"PDF p.1, 1. Introduction",complete,verified,Exact PDF page boundary verified in machine-readable full text; no figure digitization.
LOC-B001-0002,B001,02_PDF_Raw/B/B-T-01_2012_Velikorodny_NearField_HighlyUnderexpanded_TurbulentGasJets.pdf,6,,modeling,,,,,,,"PDF p.6, modeling",complete,verified,Exact PDF page boundary verified in machine-readable full text; no figure digitization.
LOC-B001-0003,B001,02_PDF_Raw/B/B-T-01_2012_Velikorodny_NearField_HighlyUnderexpanded_TurbulentGasJets.pdf,9,,references,,,,,,,"PDF p.9, references",complete,verified,Exact PDF page boundary verified in machine-readable full text; no figure digitization.
LOC-B010-0001,B010,02_PDF_Raw/B/B-H2-05_2016_Li_LES_Underexpanded_Nitrogen_HydrogenJets.pdf,1,,Introduction,,,,,,,"PDF p.1, Introduction",complete,verified,Exact PDF page boundary verified in machine-readable full text; no figure digitization.
LOC-B010-0002,B010,02_PDF_Raw/B/B-H2-05_2016_Li_LES_Underexpanded_Nitrogen_HydrogenJets.pdf,2,,Introduction,,,,,,,"PDF p.2, Introduction",complete,verified,Exact PDF page boundary verified in machine-readable full text; no figure digitization.
LOC-B010-0003,B010,02_PDF_Raw/B/B-H2-05_2016_Li_LES_Underexpanded_Nitrogen_HydrogenJets.pdf,8,,Conclusion,,,,,,,"PDF p.8, Conclusion",complete,verified,Exact PDF page boundary verified in machine-readable full text; no figure digitization.
LOC-B014-0001,B014,02_PDF_Raw/B/B-H2-09_2020_Zhao_Microscopic_Transient_Underexpanded_HydrogenJets.pdf,1,,abstract,,,,,,,"PDF p.1, abstract",complete,verified,Exact PDF page boundary verified in machine-readable full text; no figure digitization.
LOC-B014-0002,B014,02_PDF_Raw/B/B-H2-09_2020_Zhao_Microscopic_Transient_Underexpanded_HydrogenJets.pdf,6,,"results. Overall, the value of G is about 3 for a single-hole",,,,,,,"PDF p.6, results. Overall, the value of G is about 3 for a single-hole",complete,verified,Exact PDF page boundary verified in machine-readable full text; no figure digitization.
LOC-B014-0003,B014,02_PDF_Raw/B/B-H2-09_2020_Zhao_Microscopic_Transient_Underexpanded_HydrogenJets.pdf,8,,references,,,,,,,"PDF p.8, references",complete,verified,Exact PDF page boundary verified in machine-readable full text; no figure digitization.
LOC-B015-0001,B015,02_PDF_Raw/B/B-H2-10_2020_Wang_Visualization_OutwardOpening_HydrogenJet.pdf,1,,1. Introduction,,,,,,,"PDF p.1, 1. Introduction",complete,verified,Exact PDF page boundary verified in machine-readable full text; no figure digitization.
LOC-B015-0002,B015,02_PDF_Raw/B/B-H2-10_2020_Wang_Visualization_OutwardOpening_HydrogenJet.pdf,2,,2.1. Experimental setup,,,,,,,"PDF p.2, 2.1. Experimental setup",complete,verified,Exact PDF page boundary verified in machine-readable full text; no figure digitization.
LOC-B015-0003,B015,02_PDF_Raw/B/B-H2-10_2020_Wang_Visualization_OutwardOpening_HydrogenJet.pdf,8,,4. Conclusions,,,,,,,"PDF p.8, 4. Conclusions",complete,verified,Exact PDF page boundary verified in machine-readable full text; no figure digitization.
LOC-B020-0001,B020,02_PDF_Raw/B/B-NG-05_2023_Lei_HighPressure_MethaneJet_SingleHoleInjector.pdf,1,,1. Introduction,,,,,,,"PDF p.1, 1. Introduction",complete,verified,Exact PDF page boundary verified in machine-readable full text; no figure digitization.
LOC-B020-0002,B020,02_PDF_Raw/B/B-NG-05_2023_Lei_HighPressure_MethaneJet_SingleHoleInjector.pdf,12,,4. Conclusions,,,,,,,"PDF p.12, 4. Conclusions",complete,verified,Exact PDF page boundary verified in machine-readable full text; no figure digitization.
LOC-B022-0001,B022,02_PDF_Raw/B/B-E-02_2023_Anaclerio_GasDynamics_Mixing_CrossSection_HydrogenJets.pdf,1,,1. Introduction,,,,,,,"PDF p.1, 1. Introduction",complete,verified,Exact PDF page boundary verified in machine-readable full text; no figure digitization.
LOC-B022-0002,B022,02_PDF_Raw/B/B-E-02_2023_Anaclerio_GasDynamics_Mixing_CrossSection_HydrogenJets.pdf,24,,4. Results,,,,,,,"PDF p.24, 4. Results",complete,verified,Exact PDF page boundary verified in machine-readable full text; no figure digitization.
LOC-B022-0003,B022,02_PDF_Raw/B/B-E-02_2023_Anaclerio_GasDynamics_Mixing_CrossSection_HydrogenJets.pdf,27,,5. Conclusions,,,,,,,"PDF p.27, 5. Conclusions",complete,verified,Exact PDF page boundary verified in machine-readable full text; no figure digitization.
LOC-B025-0001,B025,02_PDF_Raw/B/B-E-05_2024_Duronio_CFD_Hydrogen_Methane_UnderexpandedJets.pdf,1,,1. Introduction,,,,,,,"PDF p.1, 1. Introduction",complete,verified,Exact PDF page boundary verified in machine-readable full text; no figure digitization.
LOC-B025-0002,B025,02_PDF_Raw/B/B-E-05_2024_Duronio_CFD_Hydrogen_Methane_UnderexpandedJets.pdf,10,,1. Introduction,,,,,,,"PDF p.10, 1. Introduction",complete,verified,Exact PDF page boundary verified in machine-readable full text; no figure digitization.
LOC-B025-0003,B025,02_PDF_Raw/B/B-E-05_2024_Duronio_CFD_Hydrogen_Methane_UnderexpandedJets.pdf,11,,6. Conclusions,,,,,,,"PDF p.11, 6. Conclusions",complete,verified,Exact PDF page boundary verified in machine-readable full text; no figure digitization.
LOC-B026-0001,B026,02_PDF_Raw/B/B-E-06_2024_Caramia_URANS_Underexpanded_HydrogenJets_ICE.pdf,1,,1. Introduction,,,,,,,"PDF p.1, 1. Introduction",complete,verified,Exact PDF page boundary verified in machine-readable full text; no figure digitization.
LOC-B026-0002,B026,02_PDF_Raw/B/B-E-06_2024_Caramia_URANS_Underexpanded_HydrogenJets_ICE.pdf,6,,4. Results,,,,,,,"PDF p.6, 4. Results",complete,verified,Exact PDF page boundary verified in machine-readable full text; no figure digitization.
LOC-B026-0003,B026,02_PDF_Raw/B/B-E-06_2024_Caramia_URANS_Underexpanded_HydrogenJets_ICE.pdf,9,,5. Conclusions,,,,,,,"PDF p.9, 5. Conclusions",complete,verified,Exact PDF page boundary verified in machine-readable full text; no figure digitization.
LOC-B027-0001,B027,02_PDF_Raw/B/B-E-07_2025_Duronio_TurbulentMixing_Underexpanded_HydrogenJets.pdf,1,,ABSTRACT,,,,,,,"PDF p.1, ABSTRACT",complete,verified,Exact PDF page boundary verified in machine-readable full text; no figure digitization.
LOC-B027-0002,B027,02_PDF_Raw/B/B-E-07_2025_Duronio_TurbulentMixing_Underexpanded_HydrogenJets.pdf,2,,METHODS,,,,,,,"PDF p.2, METHODS",complete,verified,Exact PDF page boundary verified in machine-readable full text; no figure digitization.
LOC-C003-0001,C003,02_PDF_Raw/C/C-F-03_2009_Guildenbecher_Secondary_Atomization_Review.pdf,1,,Front matter and abstract,,,,,,,"PDF p.1, Front matter and abstract",complete,verified,Exact PDF page boundary verified in machine-readable full text; no figure digitization.
LOC-C003-0002,C003,02_PDF_Raw/C/C-F-03_2009_Guildenbecher_Secondary_Atomization_Review.pdf,25,,1 Introduction,,,,,,,"PDF p.25, 1 Introduction",complete,verified,Exact PDF page boundary verified in machine-readable full text; no figure digitization.
LOC-C003-0003,C003,02_PDF_Raw/C/C-F-03_2009_Guildenbecher_Secondary_Atomization_Review.pdf,29,,results,,,,,,,"PDF p.29, results",complete,verified,Exact PDF page boundary verified in machine-readable full text; no figure digitization.
LOC-C008-0001,C008,02_PDF_Raw/C/C-SD-01_2015_Meng_EarlyStages_HighSpeed_DropletBreakup.pdf,1,,1 Introduction,,,,,,,"PDF p.1, 1 Introduction",complete,verified,Exact PDF page boundary verified in machine-readable full text; no figure digitization.
LOC-C008-0002,C008,02_PDF_Raw/C/C-SD-01_2015_Meng_EarlyStages_HighSpeed_DropletBreakup.pdf,11,,4 Results and discussion,,,,,,,"PDF p.11, 4 Results and discussion",complete,verified,Exact PDF page boundary verified in machine-readable full text; no figure digitization.
LOC-C008-0003,C008,02_PDF_Raw/C/C-SD-01_2015_Meng_EarlyStages_HighSpeed_DropletBreakup.pdf,12,,5 Conclusions,,,,,,,"PDF p.12, 5 Conclusions",complete,verified,Exact PDF page boundary verified in machine-readable full text; no figure digitization.
LOC-C009-0001,C009,02_PDF_Raw/C/C-SD-02_2017_Xiao_Droplet_DeformationBreakup_SupersonicFlow.pdf,1,,1. Introduction,,,,,,,"PDF p.1, 1. Introduction",complete,verified,Exact PDF page boundary verified in machine-readable full text; no figure digitization.
LOC-C009-0002,C009,02_PDF_Raw/C/C-SD-02_2017_Xiao_Droplet_DeformationBreakup_SupersonicFlow.pdf,7,,References,,,,,,,"PDF p.7, References",complete,verified,Exact PDF page boundary verified in machine-readable full text; no figure digitization.
LOC-C012-0001,C012,02_PDF_Raw/C/C-SD-05_2019_BiasioriPoulanges_HighMagnification_Shadowgraphy_DropBreakup.pdf,1,,Front matter and abstract,,,,,,,"PDF p.1, Front matter and abstract",complete,verified,Exact PDF page boundary verified in machine-readable full text; no figure digitization.
LOC-C013-0001,C013,02_PDF_Raw/C/C-SD-06_2020_Dorschner_LigamentFormation_Shedding_DropletAerobreakup.pdf,1,,1. Introduction,,,,,,,"PDF p.1, 1. Introduction",complete,verified,Exact PDF page boundary verified in machine-readable full text; no figure digitization.
LOC-C013-0002,C013,02_PDF_Raw/C/C-SD-06_2020_Dorschner_LigamentFormation_Shedding_DropletAerobreakup.pdf,24,,6. Conclusion,,,,,,,"PDF p.24, 6. Conclusion",complete,verified,Exact PDF page boundary verified in machine-readable full text; no figure digitization.
LOC-C021-0001,C021,02_PDF_Raw/C/C-ST-01_2021_Nykteri_ShearInduced_DropletAerobreakup_TwoFluid.pdf,1,,Front matter and abstract,,,,,,,"PDF p.1, Front matter and abstract",complete,verified,Exact PDF page boundary verified in machine-readable full text; no figure digitization.
LOC-C021-0002,C021,02_PDF_Raw/C/C-ST-01_2021_Nykteri_ShearInduced_DropletAerobreakup_TwoFluid.pdf,2,,Front matter and abstract,,,,,,,"PDF p.2, Front matter and abstract",complete,verified,Exact PDF page boundary verified in machine-readable full text; no figure digitization.
LOC-C027-0001,C027,02_PDF_Raw/C/C-PC-01_2012_Kim_DropletBreakup_Vaporization_LocallySupersonic.pdf,1,,Front matter and abstract,,,,,,,"PDF p.1, Front matter and abstract",complete,verified,Exact PDF page boundary verified in machine-readable full text; no figure digitization.
LOC-C027-0002,C027,02_PDF_Raw/C/C-PC-01_2012_Kim_DropletBreakup_Vaporization_LocallySupersonic.pdf,3,,Front matter and abstract,,,,,,,"PDF p.3, Front matter and abstract",complete,verified,Exact PDF page boundary verified in machine-readable full text; no figure digitization.
LOC-C028-0001,C028,02_PDF_Raw/C/C-PC-02_2020_Das_SharpInterface_ShockInduced_DropletVaporization.pdf,1,,1. Introduction,,,,,,,"PDF p.1, 1. Introduction",complete,verified,Exact PDF page boundary verified in machine-readable full text; no figure digitization.
LOC-C028-0002,C028,02_PDF_Raw/C/C-PC-02_2020_Das_SharpInterface_ShockInduced_DropletVaporization.pdf,29,,4. Conclusions,,,,,,,"PDF p.29, 4. Conclusions",complete,verified,Exact PDF page boundary verified in machine-readable full text; no figure digitization.
LOC-C032-0001,C032,02_PDF_Raw/C/C-PC-06_2016_Strotos_NDecane_DropletBreakup_HighTemperatureGas.pdf,1,,1. Introduction,,,,,,,"PDF p.1, 1. Introduction",complete,verified,Exact PDF page boundary verified in machine-readable full text; no figure digitization.
LOC-C032-0002,C032,02_PDF_Raw/C/C-PC-06_2016_Strotos_NDecane_DropletBreakup_HighTemperatureGas.pdf,4,,3. Results and discussion,,,,,,,"PDF p.4, 3. Results and discussion",complete,verified,Exact PDF page boundary verified in machine-readable full text; no figure digitization.
LOC-C032-0003,C032,02_PDF_Raw/C/C-PC-06_2016_Strotos_NDecane_DropletBreakup_HighTemperatureGas.pdf,10,,References,,,,,,,"PDF p.10, References",complete,verified,Exact PDF page boundary verified in machine-readable full text; no figure digitization.
LOC-D004-0001,D004,02_PDF_Raw/D/D-IC-04_2019_Li_ReflectedShockWaves_HighPressure_DieselSpray.pdf,1,,1. Introduction,,,,,,,"PDF p.1, 1. Introduction",complete,verified,Exact PDF page boundary verified in machine-readable full text; no figure digitization.
LOC-D004-0002,D004,02_PDF_Raw/D/D-IC-04_2019_Li_ReflectedShockWaves_HighPressure_DieselSpray.pdf,5,,3. Results and discussion,,,,,,,"PDF p.5, 3. Results and discussion",complete,verified,Exact PDF page boundary verified in machine-readable full text; no figure digitization.
LOC-D004-0003,D004,02_PDF_Raw/D/D-IC-04_2019_Li_ReflectedShockWaves_HighPressure_DieselSpray.pdf,7,,References,,,,,,,"PDF p.7, References",complete,verified,Exact PDF page boundary verified in machine-readable full text; no figure digitization.
LOC-D006-0001,D006,02_PDF_Raw/D/D-RDE-01_2021_Meng_NHeptaneSprays_Hydrogen_RotatingDetonation.pdf,1,,1. Introduction,,,,,,,"PDF p.1, 1. Introduction",complete,verified,Exact PDF page boundary verified in machine-readable full text; no figure digitization.
LOC-D006-0002,D006,02_PDF_Raw/D/D-RDE-01_2021_Meng_NHeptaneSprays_Hydrogen_RotatingDetonation.pdf,15,,6. Conclusions,,,,,,,"PDF p.15, 6. Conclusions",complete,verified,Exact PDF page boundary verified in machine-readable full text; no figure digitization.
LOC-D008-0001,D008,02_PDF_Raw/D/D-RDE-03_2022_Jin_Bidisperse_NHeptaneSprays_RotatingDetonation.pdf,1,,1. Introduction,,,,,,,"PDF p.1, 1. Introduction",complete,verified,Exact PDF page boundary verified in machine-readable full text; no figure digitization.
LOC-D008-0002,D008,02_PDF_Raw/D/D-RDE-03_2022_Jin_Bidisperse_NHeptaneSprays_RotatingDetonation.pdf,14,,References,,,,,,,"PDF p.14, References",complete,verified,Exact PDF page boundary verified in machine-readable full text; no figure digitization.
LOC-D012-0001,D012,02_PDF_Raw/D/D-RDE-07_2023_Li_MultistageEvaporation_WaveMultiplicity_Ethanol_RDE.pdf,1,,1. Introduction,,,,,,,"PDF p.1, 1. Introduction",complete,verified,Exact PDF page boundary verified in machine-readable full text; no figure digitization.
LOC-D012-0002,D012,02_PDF_Raw/D/D-RDE-07_2023_Li_MultistageEvaporation_WaveMultiplicity_Ethanol_RDE.pdf,12,,3. Results and discussion,,,,,,,"PDF p.12, 3. Results and discussion",complete,verified,Exact PDF page boundary verified in machine-readable full text; no figure digitization.
LOC-A007-0001,A007,02_PDF_Raw/A/A-NG-07_2018_Fink_DieselPilot_NGJet_SpatialTemporalInteraction.pdf,1,,Abstract,,,,,,,"PDF p.1, Abstract",complete,verified,Scope and principal interaction findings.
LOC-A007-0002,A007,02_PDF_Raw/A/A-NG-07_2018_Fink_DieselPilot_NGJet_SpatialTemporalInteraction.pdf,2,,2 Experimental Setup,,,,1,,,"PDF p.2, Table 1",complete,verified,"RCEM, injection, timing, and angular conditions."
LOC-A007-0003,A007,02_PDF_Raw/A/A-NG-07_2018_Fink_DieselPilot_NGJet_SpatialTemporalInteraction.pdf,4,,3 Thermodynamic Model / 4 Results,,6,,,,,"PDF p.4, Fig. 6",complete,verified,SOI references and ignition threshold definitions.
LOC-A007-0004,A007,02_PDF_Raw/A/A-NG-07_2018_Fink_DieselPilot_NGJet_SpatialTemporalInteraction.pdf,5,,4.1 Operational Range,,7-9,,,,,"PDF p.5, Figs. 7-9",complete,verified,Spatial-temporal operability and pilot ignition.
LOC-A007-0005,A007,02_PDF_Raw/A/A-NG-07_2018_Fink_DieselPilot_NGJet_SpatialTemporalInteraction.pdf,6,,4.2 Ignition Delay,,10,,,,,"PDF p.6, Fig. 10",complete,verified,Pilot and natural-gas ignition-delay trade-off.
LOC-A007-0006,A007,02_PDF_Raw/A/A-NG-07_2018_Fink_DieselPilot_NGJet_SpatialTemporalInteraction.pdf,6,,4.3 Heat Release Rate Characterization,,11-12,,,,,"PDF pp.6-7, Figs. 11-12",complete,verified,Gas ignition relative to SOI as premixing/HRR descriptor.
LOC-A007-0007,A007,02_PDF_Raw/A/A-NG-07_2018_Fink_DieselPilot_NGJet_SpatialTemporalInteraction.pdf,7,,5 Conclusions,,,,,,,"PDF pp.7-8, Conclusions",complete,verified,Reported design implications and limitations.
LOC-B021-0001,B021,02_PDF_Raw/B/B-E-01_2023_Anaclerio_Numerical_Underexpanded_HydrogenJets_ICE.pdf,1,,Abstract,,,,,,,"PDF p.1, Abstract",complete,verified,Scope and conclusions.
LOC-B021-0002,B021,02_PDF_Raw/B/B-E-01_2023_Anaclerio_Numerical_Underexpanded_HydrogenJets_ICE.pdf,4,,Numerical methods,,3,,,,,"PDF p.4, numerical boundary conditions",complete,verified,Total inlet pressure and static outlet-pressure definition of NPR.
LOC-B021-0003,B021,02_PDF_Raw/B/B-E-01_2023_Anaclerio_Numerical_Underexpanded_HydrogenJets_ICE.pdf,7,,Validation,,10,,,,,"PDF p.7, Fig. 10",complete,verified,EoS comparison and NPR 10 validation.
LOC-B021-0004,B021,02_PDF_Raw/B/B-E-01_2023_Anaclerio_Numerical_Underexpanded_HydrogenJets_ICE.pdf,7,,NPR variation,,11-15,,2-3,7-9,,"PDF pp.7-9, Eqs. 7-9, Tables 2-3",complete,verified,"Shock regimes, Mach-disk and L0.3 correlations."
LOC-B021-0005,B021,02_PDF_Raw/B/B-E-01_2023_Anaclerio_Numerical_Underexpanded_HydrogenJets_ICE.pdf,9,,Test case / Results,,16-17,,4-6,,,"PDF pp.9-10, Fig. 16, Tables 4-6",complete,verified,ICE pressure/NPR history and Mach-disk values.
LOC-B021-0006,B021,02_PDF_Raw/B/B-E-01_2023_Anaclerio_Numerical_Underexpanded_HydrogenJets_ICE.pdf,11,,One jet: Unsteady,,18-19,,,,,"PDF pp.11-12, Figs. 18-19",complete,verified,Steady/unsteady comparison and reflection-transition hysteresis.
LOC-B021-0007,B021,02_PDF_Raw/B/B-E-01_2023_Anaclerio_Numerical_Underexpanded_HydrogenJets_ICE.pdf,12,,One jet: External temperature impact,,20-21,,,,,"PDF p.12, Figs. 20-21",complete,verified,Ambient temperature and hydrogen diffusion.
LOC-B021-0008,B021,02_PDF_Raw/B/B-E-01_2023_Anaclerio_Numerical_Underexpanded_HydrogenJets_ICE.pdf,13,,Jet-jet interaction,,22-28,,,,,"PDF pp.13-15, Figs. 22-28",complete,verified,"Inter-axis spacing, deflection, pressure field, and mixing."
LOC-B021-0009,B021,02_PDF_Raw/B/B-E-01_2023_Anaclerio_Numerical_Underexpanded_HydrogenJets_ICE.pdf,15,,Conclusions,,,,,,,"PDF p.15, Conclusions",complete,verified,Reported applicability and limits.
LOC-C029-0001,C029,02_PDF_Raw/C/C-PC-03_2021_Boyd_Transcritical_ShockDroplet_Interaction.pdf,1,,Abstract,,,,,,,"PDF p.1, Abstract",complete,verified,Transcritical definition and scope.
LOC-C029-0002,C029,02_PDF_Raw/C/C-PC-03_2021_Boyd_Transcritical_ShockDroplet_Interaction.pdf,2,,I Introduction,,1,,,,,"PDF pp.2-3, Fig. 1",complete,verified,Reduced pressure/temperature and Widom-line definition.
LOC-C029-0003,C029,02_PDF_Raw/C/C-PC-03_2021_Boyd_Transcritical_ShockDroplet_Interaction.pdf,4,,II Methodology,,,,,1-5,,"PDF pp.3-5, Eqs. 1-5",complete,verified,Inviscid diffuse-interface PR-EoS framework and omissions.
LOC-C029-0004,C029,02_PDF_Raw/C/C-PC-03_2021_Boyd_Transcritical_ShockDroplet_Interaction.pdf,5,,II.D Critical parameters,,,,,8-10,,"PDF pp.5-7, Eqs. 8-10",complete,verified,"SoS ratio, impedance mismatch, and Atwood number."
LOC-C029-0005,C029,02_PDF_Raw/C/C-PC-03_2021_Boyd_Transcritical_ShockDroplet_Interaction.pdf,7,,II.E-F Computational experiments/model,,4-5,,,11-12,,"PDF pp.7-10, Figs. 4-5, Eqs. 11-12",complete,verified,"n-dodecane/nitrogen cases, D0, mesh, and breakup time."
LOC-C029-0006,C029,02_PDF_Raw/C/C-PC-03_2021_Boyd_Transcritical_ShockDroplet_Interaction.pdf,11,,III.A Influence of preshock temperature,,7-14,,,,,"PDF pp.11-20, Figs. 7-14",complete,verified,"Diverging/converging transition, pressure, vorticity and instability."
LOC-C029-0007,C029,02_PDF_Raw/C/C-PC-03_2021_Boyd_Transcritical_ShockDroplet_Interaction.pdf,19,,III.A.3 Droplet breakup and instability,,,,,13,,"PDF p.19, Eq. 13",complete,verified,Approximate surface tension and Weber number.
LOC-C029-0008,C029,02_PDF_Raw/C/C-PC-03_2021_Boyd_Transcritical_ShockDroplet_Interaction.pdf,21,,III.B Influence of preshock pressure,,15-20,,,,,"PDF pp.21-25, Figs. 15-20",complete,verified,Weak/strong convergence and pressure effects.
LOC-C029-0009,C029,02_PDF_Raw/C/C-PC-03_2021_Boyd_Transcritical_ShockDroplet_Interaction.pdf,25,,III.C Influence of shock strength,,21-24,,,,,"PDF pp.25-30, Figs. 21-24",complete,verified,"Shock strength, morphology and circulation."
LOC-C029-0010,C029,02_PDF_Raw/C/C-PC-03_2021_Boyd_Transcritical_ShockDroplet_Interaction.pdf,31,,,,,,I-III,,A,"PDF pp.31-32, Tables I-III",complete,verified,Initial and postshock case parameters.
LOC-C029-0011,C029,02_PDF_Raw/C/C-PC-03_2021_Boyd_Transcritical_ShockDroplet_Interaction.pdf,30,,IV Conclusions,,,,,,,"PDF p.30, Conclusions",complete,verified,Reported mechanism synthesis and limitations.
LOC-D019-0001,D019,02_PDF_Raw/D/D-DW-04_2026_Zou_DetonationShock_DropletInteraction_Mechanisms.pdf,1,,Abstract,,,,,,,"PDF p.1, Abstract",complete,verified,Comparative findings.
LOC-D019-0002,D019,02_PDF_Raw/D/D-DW-04_2026_Zou_DetonationShock_DropletInteraction_Mechanisms.pdf,3,,II Physical Model,,,,I,,,"PDF pp.3-4, Table I",complete,verified,"Droplet, gas, Mach, We/Re and comparison design."
LOC-D019-0003,D019,02_PDF_Raw/D/D-DW-04_2026_Zou_DetonationShock_DropletInteraction_Mechanisms.pdf,4,,III Numerical Methodology,,,,,1-21,,"PDF pp.4-7, Eqs. 1-21",complete,verified,"Multicomponent, phase-transition and reaction models."
LOC-D019-0004,D019,02_PDF_Raw/D/D-DW-04_2026_Zou_DetonationShock_DropletInteraction_Mechanisms.pdf,6,,III.A Governing equations,,,,,,,"PDF pp.5-6, thermal/deformation timescale analysis",complete,verified,Thermal-conduction omission rationale.
LOC-D019-0005,D019,02_PDF_Raw/D/D-DW-04_2026_Zou_DetonationShock_DropletInteraction_Mechanisms.pdf,7,,III.D Grid independence,,2-4,,,,,"PDF pp.7-8, Figs. 2-4",complete,verified,5 um selected resolution.
LOC-D019-0006,D019,02_PDF_Raw/D/D-DW-04_2026_Zou_DetonationShock_DropletInteraction_Mechanisms.pdf,10,,IV.B Influence of reaction heat release,,8-15,,,23-25,,"PDF pp.10-15, Figs. 8-15, Eqs. 23-25",complete,verified,Equal-leading-Mach detonation/shock wave comparison.
LOC-D019-0007,D019,02_PDF_Raw/D/D-DW-04_2026_Zou_DetonationShock_DropletInteraction_Mechanisms.pdf,16,,IV.C Dynamic characteristics of cavitation zone,,16-22,,,,,"PDF pp.16-20, Figs. 16-22",complete,verified,"Cavitation initiation, collapse and disintegration."
LOC-D019-0008,D019,02_PDF_Raw/D/D-DW-04_2026_Zou_DetonationShock_DropletInteraction_Mechanisms.pdf,20,,V Droplet Deformation Behavior,,23-25,,,,,"PDF pp.20-24, Figs. 23-25",complete,verified,Early/late deformation and instability mechanisms.
LOC-D019-0009,D019,02_PDF_Raw/D/D-DW-04_2026_Zou_DetonationShock_DropletInteraction_Mechanisms.pdf,24,,VI Conclusions,,,,,,,"PDF p.24, Conclusions",complete,verified,Comparative conclusions and future limits.
LOC-A002-0001,A002,02_PDF_Raw/A/A-NG-02_2015_McTaggartCowan_NaturalGasInjection_600Bar_HPDI.pdf,,,Abstract,,,,,,,"PDF p. 1, Abstract",complete,verified,Scope and cycle-composite outcomes.
LOC-A002-0002,A002,02_PDF_Raw/A/A-NG-02_2015_McTaggartCowan_NaturalGasInjection_600Bar_HPDI.pdf,,,CFD results,,Figure 16,,,,,"PDF p. 12, Figure 16 and accompanying text",complete,verified,"Mixing, acetylene, and fuel-conversion comparison."
LOC-A002-0003,A002,02_PDF_Raw/A/A-NG-02_2015_McTaggartCowan_NaturalGasInjection_600Bar_HPDI.pdf,,,Conclusions and Recommendations,,,,,,,"PDF p. 14, Conclusions and Recommendations",complete,verified,Pressure-range findings and limitations.
LOC-A005-0001,A005,02_PDF_Raw/A/A-NG-05_2016_Mabson_PairedNozzle_Jets_HPDI_NaturalGas.pdf,,,Abstract,,,,,,,"PDF p. 1, Abstract",complete,verified,Design intent and counterintuitive emission result.
LOC-A005-0002,A005,02_PDF_Raw/A/A-NG-05_2016_Mabson_PairedNozzle_Jets_HPDI_NaturalGas.pdf,,,CFD results and Conclusions,,Figures 9–10,,,,,"PDF p. 9, Figures 9–10 and Conclusions",complete,verified,"Entrainment, equivalence-ratio residence, and conclusions."
LOC-A009-0001,A009,02_PDF_Raw/A/A-NG-09_2019_Fink_DieselPiloted_NG_DirectInjection_OperatingConditions.pdf,,,Experimental setup,,,,Tables 1–2,,,"PDF p. 3, Tables 1–2",complete,verified,Fixed injection settings and four TDC states.
LOC-A009-0002,A009,02_PDF_Raw/A/A-NG-09_2019_Fink_DieselPiloted_NG_DirectInjection_OperatingConditions.pdf,,,Conclusions,,,,,,,"PDF pp. 7–8, Conclusions",complete,verified,Ignition and combustion findings and transfer limitations.
LOC-A011-0001,A011,02_PDF_Raw/A/A-NG-11_2020_Rochussen_ParametricStudy_Optical_HPDI_NG.pdf,,,Abstract,,,,,,,"PDF p. 1, Abstract",complete,verified,"Objective, diagnostics, and five-process model."
LOC-A011-0002,A011,02_PDF_Raw/A/A-NG-11_2020_Rochussen_ParametricStudy_Optical_HPDI_NG.pdf,,,Conclusion,,,,,,,"PDF pp. 14–15, Conclusion",complete,verified,Conceptual model and injection-parameter sensitivities.
LOC-A012-0001,A012,02_PDF_Raw/A/A-NG-12_2021_Diepstraten_PilotDiesel_MainNG_Interaction_HPDI.pdf,,,Abstract,,,,,,,"PDF p. 1, Abstract",complete,verified,Scope and main threshold findings.
LOC-A012-0002,A012,02_PDF_Raw/A/A-NG-12_2021_Diepstraten_PilotDiesel_MainNG_Interaction_HPDI.pdf,,,CFD simulation environment,,,,Tables 2–3,,,"PDF p. 4, Tables 2–3",complete,verified,Models and injection conditions.
LOC-A012-0003,A012,02_PDF_Raw/A/A-NG-12_2021_Diepstraten_PilotDiesel_MainNG_Interaction_HPDI.pdf,,,Conclusions and Recommendations,,,,,,,"PDF pp. 7–8, Conclusions and Recommendations",complete,verified,Pilot-trigger and HRM interpretation.
LOC-B008-0001,B008,02_PDF_Raw/B/B-H2-03_2013_Bonelli_Hydrogen_UnderexpandedJets_RealGas.pdf,,,Abstract,,,,,,,"PDF p. 1, Abstract",complete,verified,Scope and headline real-gas effect.
LOC-B008-0002,B008,02_PDF_Raw/B/B-H2-03_2013_Bonelli_Hydrogen_UnderexpandedJets_RealGas.pdf,,,Real Gas Effects in Hydrogen Underexpanded Jets,,,,Table 3,,,"PDF p. 8, Table 3",complete,verified,Exit-state and mass-flow comparison.
LOC-B008-0003,B008,02_PDF_Raw/B/B-H2-03_2013_Bonelli_Hydrogen_UnderexpandedJets_RealGas.pdf,,,Conclusions,,,,,,,"PDF p. 10, Conclusions",complete,verified,Validated model and EoS-effect summary.
LOC-C036-0001,C036,02_PDF_Raw/C/C-MD-04_2026_Guo_ShockInduced_ParallelDroplets_Aerobreakup.pdf,,,Abstract,,,,,,,"PDF p. 1, Abstract",complete,verified,"Modes, phase diagram, and spacing effects."
LOC-C036-0002,C036,02_PDF_Raw/C/C-MD-04_2026_Guo_ShockInduced_ParallelDroplets_Aerobreakup.pdf,,,Experimental Methodology,,,,,Eqs. (1)–(5),,"PDF p. 4, Eqs. (1)–(5)",complete,verified,Postshock relations and dimensionless definitions.
LOC-C036-0003,C036,02_PDF_Raw/C/C-MD-04_2026_Guo_ShockInduced_ParallelDroplets_Aerobreakup.pdf,,,Phase Diagram and Theoretical Analysis,,Figures 5–7,,,,,"PDF pp. 8–11, Figures 5–7",complete,verified,Mode boundaries and pressure/velocity mechanism.
LOC-C036-0004,C036,02_PDF_Raw/C/C-MD-04_2026_Guo_ShockInduced_ParallelDroplets_Aerobreakup.pdf,,,Conclusion,,,,,,,"PDF pp. 14–15, Conclusion",complete,verified,Experimental findings and mechanisms.
LOC-A001-0001,A001,02_PDF_Raw/A/A-NG-01_2007_McTaggartCowan_HighPressureInjection_NaturalGasEngine.pdf,,,Abstract,,,,,,,"PDF p. 1, Abstract",complete,verified,Scope and load-dependent result.
LOC-A001-0002,A001,02_PDF_Raw/A/A-NG-01_2007_McTaggartCowan_HighPressureInjection_NaturalGasEngine.pdf,,,Conclusions,,,,,,,"PDF p. 9, Conclusions",complete,verified,Mixing interpretation and operating-condition dependence.
LOC-A006-0001,A006,02_PDF_Raw/A/A-NG-06_2017_Faghani_InjectionStrategies_SlightlyPremixed_Combustion.pdf,,,Abstract,,,,,,,"PDF p. 1, Abstract",complete,verified,Strategy and emissions tradeoffs.
LOC-A006-0002,A006,02_PDF_Raw/A/A-NG-06_2017_Faghani_InjectionStrategies_SlightlyPremixed_Combustion.pdf,,,Conclusions,,,,,,,"PDF p. 10, Conclusions",complete,verified,"Optimized point, mechanism, and limitations."
LOC-A008-0001,A008,02_PDF_Raw/A/A-NG-08_2018_Jud_NumericalAnalysis_DualFuel_DirectInjection_NG.pdf,,,Abstract,,,,,,,"PDF p. 1, Abstract",complete,verified,Model objective and validation summary.
LOC-A008-0002,A008,02_PDF_Raw/A/A-NG-08_2018_Jud_NumericalAnalysis_DualFuel_DirectInjection_NG.pdf,,,Mechanism reduction,,,,Table 2,,,"PDF p. 6, Table 2",complete,verified,Chalmers-83 to Chalmers-53 reduction range.
LOC-A008-0003,A008,02_PDF_Raw/A/A-NG-08_2018_Jud_NumericalAnalysis_DualFuel_DirectInjection_NG.pdf,,,Summary and Conclusions,,,,,,,"PDF p. 10, Summary and Conclusions",complete,verified,Mixing/chemistry boundary and misfire mechanism.
LOC-B006-0001,B006,02_PDF_Raw/B/B-H2-01_2006_Petersen_Transient_HighPressure_HydrogenJet.pdf,,,Abstract,,,,,,,"PDF p. 2, Abstract",complete,verified,Conditions and scaling results.
LOC-B006-0002,B006,02_PDF_Raw/B/B-H2-01_2006_Petersen_Transient_HighPressure_HydrogenJet.pdf,,,Conclusions,,,,,,,"PDF p. 11, Conclusions",complete,verified,Jet-structure and penetration conclusions.
LOC-B018-0001,B018,02_PDF_Raw/B/B-NG-03_2020_Allocca_Underexpanded_GaseousJets_DI_Engines.pdf,,,Abstract,,,,,,,"PDF p. 1, Abstract",complete,verified,"Facility, diagnostics, and objectives."
LOC-B018-0002,B018,02_PDF_Raw/B/B-NG-03_2020_Allocca_Underexpanded_GaseousJets_DI_Engines.pdf,,,Conclusions,,,,,,,"PDF p. 13, Conclusions",complete,verified,"Topology, penetration, Mach disk, and mixing results."
LOC-C005-0001,C005,02_PDF_Raw/C/C-F-05_2015_Jain_SecondaryBreakup_Moderate_WeberNumbers.pdf,,,Abstract,,,,,,,"PDF p. 1, Abstract",complete,verified,Regimes and transition mechanism.
LOC-C005-0002,C005,02_PDF_Raw/C/C-F-05_2015_Jain_SecondaryBreakup_Moderate_WeberNumbers.pdf,,,Problem formulation,,,,,Eq. (2.1),,"PDF p. 3, Eq. (2.1)",complete,verified,Aerodynamic Weber-number definition.
LOC-C005-0003,C005,02_PDF_Raw/C/C-F-05_2015_Jain_SecondaryBreakup_Moderate_WeberNumbers.pdf,,,Conclusion,,,,,,,"PDF p. 22, Conclusion",complete,verified,"Validated regimes, rim dynamics, and distributions."
LOC-C011-0001,C011,02_PDF_Raw/C/C-SD-04_2018_Guan_Droplet_InternalFlow_ShockImpact.pdf,,,Abstract,,,,,,,"PDF p. 1, Abstract",complete,verified,Internal-flow focus and saddle-point result.
LOC-C011-0002,C011,02_PDF_Raw/C/C-SD-04_2018_Guan_Droplet_InternalFlow_ShockImpact.pdf,,,Theoretical Prediction and Conclusions,,,,,Eqs. (9)–(12),,"PDF p. 5, Eqs. (9)–(12) and Conclusions",complete,verified,Shock-strength correlation and interpretation.
LOC-D001-0001,D001,02_PDF_Raw/D/D-IC-01_2010_Kook_AmbientTemperatureDensity_ShockWave_DieselEngine.pdf,,,Abstract,,,,,,,"PDF p. 1, Abstract",complete,verified,Ambient-condition effects.
LOC-D001-0002,D001,02_PDF_Raw/D/D-IC-01_2010_Kook_AmbientTemperatureDensity_ShockWave_DieselEngine.pdf,,,Conclusion,,,,,,,"PDF p. 12, Conclusion",complete,verified,Engine relevance and suppression mechanism.
