candidate_claim_id,paper_id,source_record_id,reading_tier,library,claim_text,support_type,evidence_contribution_type,review_mainline_role,source_locator_id,relevant_parameter_ids,relevant_event_ids,relevant_process_relation_ids,existing_core_link,retained_for_global_consolidation,candidate_status,notes
PILOT-A016-C01,A016,A-NG-16,pilot,A,"In the LES, jet intersection organizes vortex entrainment that transports heat and diesel-derived active radicals into the methane jet.",author_interpretation,simulation_resolved,Tests how mechanism support and multi-link transport chains should be structured.,LOC-A016-0009,,,,,yes,active_candidate,"Evidence summary: DMD, temperature and OH fields show increased overlap/entrainment as β decreases. | Limitations: Model-resolved, not directly measured in the engine."
PILOT-A016-C02,A016,A-NG-16,pilot,A,"For the studied full-load point, β=2° gives the best reported combustion response and 44.9% lower CO.",direct,simulation_resolved,Tests how mechanism support and multi-link transport chains should be structured.,LOC-A016-0010,,,,,yes,active_candidate,"Evidence summary: Angle sweep links overlap, combustion phasing and emissions. | Limitations: Do not generalize the optimum beyond this operating point/model."
PILOT-A020-C01,A020,A-H2-03,pilot,A,"Main-fuel ignition follows a finite interaction with reacting/burnt pilot products, and the required interaction duration depends on dwell and charge temperature.",author_interpretation,direct_observation,Tests chronology from injection through interaction to ignition/combustion consequence.,LOC-A020-0008,,,,,yes,active_candidate,Evidence summary: Schlieren and AHRR align ignition with jet overlap under each actual-SOI sequence. | Limitations: Specific to the converging CVCC configuration.
PILOT-A020-C02,A020,A-H2-03,pilot,A,Ignition after H2 end of injection produces slower propagation and persistent lean unburned zones.,direct,direct_observation,Tests chronology from injection through interaction to ignition/combustion consequence.,LOC-A020-0009,,,,,yes,active_candidate,"Evidence summary: Long-delay sequences show post-EOI ignition, slow flame spread and high AHRR variability. | Limitations: Depends on the tested injection duration and ambient state."
PILOT-A022-C01,A022,A-H2-05,pilot,A,"Within the tested converging configurations, greater jet overlap generally shortens the pilot-to-main ignition transition.",direct,direct_observation,"Requires structured jet-geometry, overlap, event timing, and evidence-support fields.",LOC-A022-0008,,,,,yes,active_candidate,Evidence summary: Angle-dependent ignition maps show shorter transition at larger interaction angles under matched ambient conditions. | Limitations: Pilot ignition itself can be slightly delayed at larger angle.
PILOT-A022-C02,A022,A-H2-05,pilot,A,A numeric relative-momentum ratio is not reported and should not be created from incomplete inputs.,project_inference,project_inference,"Requires structured jet-geometry, overlap, event timing, and evidence-support fields.",LOC-A022-0004,,,,,no,inventory_only_schema_observation_only,"Evidence summary: The authors discuss relative momentum qualitatively and test pilot duration, but do not provide a complete ratio definition and inputs. | Limitations: Recorded as NR, not derived. | Phase 10 inventory-only reason: schema_observation_only; original candidate is unchanged."
PILOT-B011-C01,B011,B-H2-06,pilot,B,"At fixed NPR, changing ambient pressure primarily alters starting-transient timing, not the settled near-nozzle shock geometry.",direct,simulation_resolved,Defines the reference pressure roles needed before comparing underexpanded H2-jet papers.,LOC-B011-0007,,,,,yes,active_candidate,"Evidence summary: Mach-disk dimensions, reflected-shock angle, and shock-cell spacing are reported as essentially unchanged across ambient pressures. | Limitations: Applies to the simulated H2 NPR-10 cases."
PILOT-B011-C02,B011,B-H2-06,pilot,B,Hydrogen exhibits upstream tip-vortex mixing behavior that differs from methane at the same NPR.,author_interpretation,author_interpretation,Defines the reference pressure roles needed before comparing underexpanded H2-jet papers.,LOC-B011-0007,,,,,yes,active_candidate,Evidence summary: Resolved vortical structures and mixture fields support earlier mixing upstream of the Mach reflection for H2. | Limitations: Gas properties and modeled conditions are coupled.
PILOT-B013-C01,B013,B-H2-08,pilot,B,"Mach-disk formation time, later instantaneous position, and stabilized position are distinct observables.",direct,simulation_resolved,Requires state-tagged Mach-disk time and position fields.,LOC-B013-0006,,,,,yes,active_candidate,Evidence summary: The study reports formation near 20 μs and later positions near 3.8 mm with small oscillation. | Limitations: Exact time symbols in extracted text were visually checked against the μs-scale figure context.
PILOT-B013-C02,B013,B-H2-08,pilot,B,The nominal NPR based on 82 MPa storage pressure does not uniquely encode the 43.2 MPa sonic-inlet boundary.,project_inference,project_inference,Requires state-tagged Mach-disk time and position fields.,LOC-B013-0002,,,,,no,inventory_only_schema_observation_only,"Evidence summary: Table 1 reports both storage and inlet states, while NPR is quoted from storage/ambient. | Limitations: This is a schema observation, not a scientific conclusion of the paper. | Phase 10 inventory-only reason: schema_observation_only; original candidate is unchanged."
PILOT-B029-C01,B029,B-E-09,pilot,B,Injector pressure-building history controls the timing of Mach-disk and potential-core evolution.,direct,simulation_resolved,"Demonstrates the need for pressure role, time series, and stage fields.",LOC-B029-0008,,,,,yes,active_candidate,Evidence summary: Three pressure histories shift turning times from immediate to ~0.4 or ~1.1 ms. | Limitations: Curves were not digitized; only explicitly stated times and stable averages were extracted.
PILOT-B029-C02,B029,B-E-09,pilot,B,A steady NPR scalar cannot preserve the pressure-history information required by this experiment.,project_inference,project_inference,"Demonstrates the need for pressure role, time series, and stage fields.",LOC-B029-0009,,,,,no,inventory_only_schema_observation_only,"Evidence summary: NPR is defined from p_in(t)/p_b, and distinct p_in(t) histories yield different transients despite the same final level. | Limitations: Schema-level conclusion only. | Phase 10 inventory-only reason: schema_observation_only; original candidate is unchanged."
PILOT-C014-C01,C014,C-SD-07,pilot,C,"At We near 1100, breakup morphology and timing still change substantially with post-shock freestream Mach number.",direct,direct_observation,Establishes that Mach context and We reference scales must be explicit.,LOC-C014-0003,,,,,yes,active_candidate,"Evidence summary: Matched-We experiments show distinct peripheral-mist, multiple-bag, and leeward-ligament responses across M∞. | Limitations: Other variables, especially Re and gas identity, are not perfectly fixed."
PILOT-C014-C02,C014,C-SD-07,pilot,C,"The paper's Mach number is the post-shock freestream-flow Mach, whereas We uses post-shock gas density and velocity.",direct,direct_observation,Establishes that Mach context and We reference scales must be explicit.,LOC-C014-0004,,,,,yes,active_candidate,Evidence summary: Definitions explicitly separate M∞ from the shock and define We with ρg and ug. | Limitations: This definition is paper-specific and should not be merged with M_s.
PILOT-C016-C01,C016,C-SD-09,pilot,C,Shock-induced aerobreakup is described in two stages: early wave dynamics followed by airflow-driven breakup.,author_interpretation,author_interpretation,Supplies the canonical wave → loading → instability → breakup sequence.,LOC-C016-0005,,,,,yes,active_candidate,"Evidence summary: Wave imaging resolves reflected/transmitted/internal structures before induced-airflow deformation and fragmentation. | Limitations: Stage boundaries are mechanistic, not a universal fixed time."
PILOT-C016-C02,C016,C-SD-09,pilot,C,"RTP can persist to We near 800 for small droplets, while SIE can occur near We 200 for larger droplets.",direct,direct_observation,Supplies the canonical wave → loading → instability → breakup sequence.,LOC-C016-0004,,,,,yes,active_candidate,Evidence summary: Reported cases demonstrate breakup-mode overlap in We and motivate the D_i/λ_KH criterion. | Limitations: Mode boundaries depend on the tested droplet sizes and shock conditions.
PILOT-C031-C01,C031,C-PC-05,pilot,C,Evaporation can suppress KH-wave growth through a low-temperature vapor layer that reduces interfacial shear.,author_interpretation,simulation_resolved,"Shows that breakup and phase change require coupled state and support-type fields, while preserving model inputs separately.",LOC-C031-0008,,,,,yes,active_candidate,"Evidence summary: Temperature, vorticity and interface morphology are mutually consistent across no-phase-change and evaporation cases. | Limitations: Depends on manually selected phase-change coefficients."
PILOT-C031-C02,C031,C-PC-05,pilot,C,"For the modeled condensation-dominated family, reducing shock Mach from 1.47 to 1.27–1.37 shifts net phase change toward evaporation.",direct,simulation_resolved,"Shows that breakup and phase change require coupled state and support-type fields, while preserving model inputs separately.",LOC-C031-0009,,,,,yes,active_candidate,Evidence summary: Total mass flux and normalized droplet mass show overall evaporation at the two lower Mach numbers. | Limitations: Single-component n-dodecane vapor and specified model coefficients.
PILOT-D003-C01,D003,D-IC-03,pilot,D,"A jet-induced shock can create a push-away impulse, but the effective shocked-state duration is shortened by a following expansion wave.",indirect,model_based,Directly determines the loading-duration taxonomy required before bulk extraction.,LOC-D003-0006,,,,,yes,active_candidate,Evidence summary: Measured waves and the 1D model show a thin shocked region and finite momentum-transfer interval. | Limitations: Breakup and evaporation were not modeled.
PILOT-D003-C02,D003,D-IC-03,pilot,D,Droplet response depends strongly on particle size relative to the short forcing interval.,direct,simulation_resolved,Directly determines the loading-duration taxonomy required before bulk extraction.,LOC-D003-0007,,,,,yes,active_candidate,Evidence summary: Small droplets approach the gas response; 50 μm droplets have a response time much longer than the shocked-state exposure. | Limitations: Stokes comparison is model-context specific.
PILOT-D009-C01,D009,D-RDE-04,pilot,D,The paper defines Δ=L_E/L_D to compare droplet evaporation distance with detonation-front height.,direct,model_based,Tests explicit characteristic-scale definitions and state-dependent RDE stability.,LOC-D009-0008,,,,,yes,active_candidate,Evidence summary: Analytical derivation links Δ to d0² under the stated assumptions. | Limitations: Definition depends on the paper's idealized refill-zone model.
PILOT-D009-C02,D009,D-RDE-04,pilot,D,"For the simulated no-pre-evaporation family, increasing Δ produces larger unburned pockets and eventual shock–flame decoupling.",direct,simulation_resolved,Tests explicit characteristic-scale definitions and state-dependent RDE stability.,LOC-D009-0009,,,,,yes,active_candidate,Evidence summary: Cases B2–B5 progress from stable propagation to failure as d0 and Δ rise. | Limitations: Critical values are specific to the selected inlet and chemistry.
PILOT-D017-C01,D017,D-DW-02,pilot,D,Evaporation alone cannot explain the observed ~10.9 mm droplet-survival region; concurrent breakup is required in the model interpretation.,indirect,model_based,"Tests joint storage of breakup, evaporation, variable acceleration, cloud morphology and model validity.",LOC-D017-0007,,,,,yes,active_candidate,"Evidence summary: No-breakup calculations exceed observations by orders of magnitude, whereas breakup models shorten survival into the observed range. | Limitations: Reduced models assume constant post-shock gas conditions."
PILOT-D017-C02,D017,D-DW-02,pilot,D,Existing shock-driven breakup models predict faster extinction than some observed droplets under the detonation's variable acceleration.,author_interpretation,author_interpretation,"Tests joint storage of breakup, evaporation, variable acceleration, cloud morphology and model validity.",LOC-D017-0008,,,,,yes,active_candidate,Evidence summary: Clouds persist beyond 15 mm while the largest WERT49 modeled case is ~11 mm. | Limitations: Mie scattering has a detection threshold and snapshots are ensemble-based.
T1-A007-C01,A007,A-NG-07,tier1,A,"Stronger temporal and spatial overlap can delay or suppress diesel-pilot ignition while promoting faster natural-gas ignition, producing an interaction-dependent trade-off.",experimental_correlation,primary_experimental,Pilot-main-gas chronology and interaction mechanism.,LOC-A007-0005,PAR-A007-0009;PAR-A007-0006;PAR-A007-0005,INT-A007-001,PROC-A007-001;PROC-A007-002,,yes,active_candidate,"Evidence summary: Shadowgraph operability and ignition-delay maps show opposing pilot and gas responses across timing and angle. | Limitations: Single RCEM operating point, two separate single-hole injectors, no swirl or neighboring jets."
T1-A007-C02,A007,A-NG-07,tier1,A,The time of natural-gas ignition relative to gas SOI organizes heat-release shape because it represents the achieved level of premixing.,experimental_correlation,primary_experimental,Temporal control of premixing and combustion phasing.,LOC-A007-0006,PAR-A007-0008;PAR-A007-0010,HIST-A007-001,PROC-A007-003,,yes,active_candidate,Evidence summary: Peak and mean HRR plus combustion-duration trends collapse by ignition time relative to gas SOI. | Limitations: HRR is model-derived and hot-product heat losses are neglected; curves were not digitized.
T1-A007-C03,A007,A-NG-07,tier1,A,Slightly diverging jets (+10 to +20 deg) retain local overlap for gas ignition while leaving part of the diesel spray able to ignite without strong disturbance.,author_interpretation,author_interpretation,Injector-geometry design implication.,LOC-A007-0007,PAR-A007-0009,,PROC-A007-001;PROC-A007-002,,yes,active_candidate,"Evidence summary: Conclusion synthesizes the operability map into a proposed robust injector arrangement. | Limitations: Design transfer to engines remains contingent on swirl, walls, and adjacent jets."
T1-A026-C01,A026,A-H2-09,tier1,A,"Increasing diesel energy share strengthens and spreads the pilot flame, accelerating the initial H2 reaction, while the late mixing-controlled phase remains similar across energy shares.",direct_observation,primary_experimental,Pilot-energy control of H2 ignition.,LOC-A026-0006,PAR-A026-0006;PAR-A026-0009;PAR-A026-0022,,PROC-A026-001,,yes,active_candidate,Evidence summary: Pressure/aHRR and flame images show a larger pilot and faster early H2 flame development as H2 share decreases from 95% to 70%. | Limitations: Natural-luminosity thresholds and two imaging arrangements limit quantitative cross-sweep intensity comparison.
T1-A026-C02,A026,A-H2-09,tier1,A,"Advancing H2 injection changes the premixed/mixing-controlled balance and the 30 CA bTDC case significantly delays diesel pilot ignition, attributed to preignition dilution.",experimental_correlation,primary_experimental,Injection-event chain and pilot coupling.,LOC-A026-0005,PAR-A026-0018;PAR-A026-0021;PAR-A026-0023,,PROC-A026-002;PROC-A026-003,,yes,active_candidate,"Evidence summary: aHRR and flame images separate timing-dependent interaction, premixing and delayed pilot ignition. | Limitations: Fuel distributions before ignition were not directly visualized; dilution is author interpretation."
T1-A028-C01,A028,A-R-02,tier1,A,"Mach-disk correlations are strongly conditional on total versus exit pressure ratio, nozzle geometry, Mach number and gas properties.",author_interpretation,review_synthesis,HPDI underexpanded-jet model selection.,LOC-A028-0002,PAR-A028-0003;PAR-A028-0004,,PROC-A028-001,,yes,active_candidate,Evidence summary: Tables 2-3 and the conclusions sort correlation families by their validated parameter and nozzle ranges. | Limitations: Secondary synthesis of heterogeneous primary studies.
T1-A028-C02,A028,A-R-02,tier1,A,"RANS, LES and DNS choices involve a persistent near-field/transient-fidelity versus computational-cost tradeoff in coupled HPDI engine simulations.",author_interpretation,review_synthesis,Numerical-method limitations.,LOC-A028-0003,PAR-A028-0002;PAR-A028-0005,,PROC-A028-002,,yes,active_candidate,Evidence summary: The review identifies near-field deficiencies of many RANS models and the cost burden of LES/DNS plus chemistry and soot. | Limitations: Model recommendations are condition-specific and not universal rankings.
T1-A029-C01,A029,A-R-03,tier1,A,"DFDI's central control advantage is independent adjustment of two fuels' timing, quantity and interval to shape mixture and reactivity stratification.",author_interpretation,review_synthesis,Cross-fuel DFDI taxonomy.,LOC-A029-0003,PAR-A029-0002,,PROC-A029-001,,yes,active_candidate,Evidence summary: The conclusion generalizes across five fuel-pair families. | Limitations: Broad review; fuel pairs and facilities are heterogeneous.
T1-A029-C02,A029,A-R-03,tier1,A,"For hydrogen-diesel DFDI, ignition and flame development depend on which fuel pilots, injection interval, oxygen level and injector arrangement.",author_interpretation,review_synthesis,Hydrogen-diesel interaction framework.,LOC-A029-0002,PAR-A029-0003,,PROC-A029-002,,yes,active_candidate,Evidence summary: Section 5 organizes reported mechanisms and identifies macro-engine versus controlled-facility evidence gaps. | Limitations: Secondary synthesis; numerical values from cited papers are not entered as primary records.
T1-A030-C01,A030,A-R-04,tier1,A,"Hydrogen injection timing and sequence shift dual-fuel DI between premixed and mixing-controlled behavior, with stability and pressure-rise tradeoffs.",author_interpretation,review_synthesis,Hydrogen-diesel combustion-mode framework.,LOC-A030-0005,PAR-A030-0002,,PROC-A030-003,,yes,active_candidate,"Evidence summary: The conclusion integrates timing, sequence and energy-share evidence across controlled studies. | Limitations: Secondary synthesis; study conditions and definitions vary."
T1-A030-C02,A030,A-R-04,tier1,A,"Relative injection duration and jet geometry modify preignition interaction, pilot-product entrainment, flame stabilization and heat release.",author_interpretation,review_synthesis,Pilot/main-jet interaction mechanism.,LOC-A030-0002,PAR-A030-0003;PAR-A030-0004,,PROC-A030-001;PROC-A030-002,,yes,active_candidate,Evidence summary: Sections 3.2-3.3 organize momentum-duration and diverging/parallel/converging interaction mechanisms. | Limitations: Limited primary literature and line-of-sight diagnostics constrain generality.
T1-A030-C03,A030,A-R-04,tier1,A,"Advancing the field requires quantitative multispecies diagnostics and validated high-fidelity models under realistic pressure, swirl and turbulence conditions.",author_interpretation,review_gap_synthesis,Methods and knowledge-gap framing.,LOC-A030-0004,PAR-A030-0006,,,,no,inventory_only_knowledge_gap_statement,"Evidence summary: Section 4 explicitly links present line-of-sight and quasi-steady limitations to validation and application gaps. | Limitations: Research agenda, not an established mechanistic result. | Phase 10 inventory-only reason: knowledge_gap_statement; original candidate is unchanged."
T1-B004-C01,B004,B-T-04,tier1,B,"The review finds Mach-disk position substantially better constrained than Mach-disk diameter, curvature, appearance threshold, cell wavelength, or potential-core length.",author_interpretation,review_synthesis,Underexpanded-jet framework and uncertainty map.,LOC-B004-0008,PAR-B004-0006;PAR-B004-0007;PAR-B004-0008,,PROC-B004-001,,yes,active_candidate,Evidence summary: Cross-study comparison retains a position correlation but identifies large scatter and missing controls for other quantities. | Limitations: Secondary synthesis of heterogeneous sources and definitions; not primary data.
T1-B004-C02,B004,B-T-04,tier1,B,"In the far field, underexpanded jets exhibit hyperbolic decay and can be approximated by an equivalent jet, but the best notional-nozzle model and universal decay constants remain unresolved.",author_interpretation,review_synthesis,Far-field scaling and model-selection limitations.,LOC-B004-0007,PAR-B004-0009,,PROC-B004-002,,yes,active_candidate,Evidence summary: Section 5.3 separates a robust qualitative behavior from uncertain quantitative normalization. | Limitations: Primarily sonic-exit studies; limited coverage of supersonic-exit Mach-number effects.
T1-B009-C01,B009,B-H2-04,tier1,B,"Mach-disk height and width increase strongly with NPR, but the transient values overshoot their semi-steady values and therefore state qualification is essential.",simulation_resolved,simulation_resolved,Transient versus quasi-steady Mach-disk scaling.,LOC-B009-0007,PAR-B009-0018;PAR-B009-0023;PAR-B009-0019;PAR-B009-0024,EVT-B009-002;EVT-B009-003;HIST-B009-001,PROC-B009-001,,yes,active_candidate,"Evidence summary: Table 3 gives case-specific semi-steady dimensions; Fig. 7 documents early overshoot and formation/stabilization chronology. | Limitations: LES, one nozzle geometry, ambient conditions below many engine conditions."
T1-B009-C02,B009,B-H2-04,tier1,B,"At matched NPR=8.5, hydrogen and methane differ in Mach-disk geometry and pre-disk mixing; the authors attribute hydrogen pre-disk mixing to stronger nozzle-exit turbulence and Gortler vortices.",author_interpretation,simulation_resolved,Gas-property control of shock/mixing structure.,LOC-B009-0007,PAR-B009-0017;PAR-B009-0021;PAR-B009-0022;PAR-B009-0026,,PROC-B009-002;PROC-B009-003,,yes,active_candidate,Evidence summary: Matched-gas cases quantify disk geometry and show mixing-location differences. | Limitations: Attribution is model-based and gas-property effects are coupled.
T1-B009-C03,B009,B-H2-04,tier1,B,Increasing NPR did not monotonically increase hydrogen jet penetration in this geometry.,simulation_resolved,simulation_resolved,Limits of pressure-only jet-penetration scaling.,LOC-B009-0007,PAR-B009-0012;PAR-B009-0014;PAR-B009-0015,,PROC-B009-004,,yes,active_candidate,"Evidence summary: After the initial transient, NPR 70 approached NPR 8.5 penetration and NPR 30 was about 8% lower. | Limitations: The proposed optimum near NPR 100 is explicitly tentative and geometry-specific."
T1-B021-C01,B021,B-E-01,tier1,B,"At fixed nozzle geometry, increasing contextual NPR shifts the Mach disk downstream and increases its diameter; NPR-dependent correlations reduce error relative to constant-coefficient forms.",simulation_resolved,primary_numerical,Contextual NPR to near-field shock scaling.,LOC-B021-0004,PAR-B021-0004;PAR-B021-0006;PAR-B021-0007;PAR-B021-0008;PAR-B021-0009,,PROC-B021-001,,yes,active_candidate,"Evidence summary: NPR 2.5-60 sweep and Tables 2-3 quantify Mach-disk dimensions and correlation error. | Limitations: RANS, convergent nozzle, selected gas/EoS and steady axisymmetric configuration."
T1-B021-C02,B021,B-E-01,tier1,B,"For the modeled ICE pressure history, the slow NPR variation produces no practically significant difference between steady and unsteady Mach-disk position or hydrogen distribution.",simulation_resolved,primary_numerical,Transient versus quasi-steady ICE applicability boundary.,LOC-B021-0006,PAR-B021-0010;PAR-B021-0011;PAR-B021-0012,HIST-B021-001;HIST-B021-002;INT-B021-001,,,yes,active_candidate,Evidence summary: URANS versus steady comparisons show at most about 2% Mach-disk-position difference for the stated variation rate. | Limitations: Result depends on the modeled NPR variation rate and should not be generalized to faster transients.
T1-B021-C03,B021,B-E-01,tier1,B,"Higher chamber temperature enhances hydrogen diffusion without changing Mach-disk position at fixed NPR, while closely spaced parallel jets develop an expansion-wave-linked low-pressure region that bends jets together.",simulation_resolved,primary_numerical,ICE temperature and multi-hole interaction effects.,LOC-B021-0008,PAR-B021-0013;PAR-B021-0014;PAR-B021-0015;PAR-B021-0016,,PROC-B021-002;PROC-B021-003,,yes,active_candidate,Evidence summary: Temperature comparison and 1/2 mm inter-axis simulations separate gas-dynamic structure from diffusion and multi-jet interaction. | Limitations: Multi-jet analysis is preliminary; parallel geometry and NPR 10 only.
T1-B028-C01,B028,B-E-08,tier1,B,"NPR is the dominant tested control of hydrogen-jet momentum, shock structure, penetration, and entrainment across the dual-scale framework.",simulation_resolved,mixed_experimental_numerical,Near-field to far-field coupling under NPR control.,LOC-B028-0009,PAR-B028-0006;PAR-B028-0011;PAR-B028-0035;PAR-B028-0036;PAR-B028-0037,HIST-B028-001,PROC-B028-001;PROC-B028-004,,yes,active_candidate,"Evidence summary: Six case-specific pressure pairs span NPR 5-100; high NPR produces stronger internal shocks, larger penetration, and broader mixing. | Limitations: Axisymmetric/nonreacting models and late-stage 3D limitations."
T1-B028-C02,B028,B-E-08,tier1,B,"Nozzle-hole diameter controls shear-layer growth and dispersion scale, with nonlinear saturation at larger diameters.",experimental_correlation,mixed_experimental_numerical,Injector-geometry influence on mixing.,LOC-B028-0009,PAR-B028-0024;PAR-B028-0028,,PROC-B028-002,,yes,active_candidate,Evidence summary: Five nozzle diameters are compared at fixed NPR=10 and 300 K. | Limitations: One fixed pressure ratio and temperature for the diameter sweep.
T1-B028-C03,B028,B-E-08,tier1,B,Ambient temperature modifies boundary instability and lateral expansion but has a weaker effect on jet momentum than NPR or nozzle diameter.,experimental_correlation,mixed_experimental_numerical,Thermodynamic modulation of underexpanded-jet mixing.,LOC-B028-0009,PAR-B028-0029;PAR-B028-0034,,PROC-B028-003,,yes,active_candidate,"Evidence summary: 300-800 K sweep at fixed NPR=10 and D=1 mm. | Limitations: Nonreacting hydrogen; source uses an external property database within its own model, not the project extraction."
T1-C007-C01,C007,C-F-07,tier1,C,Nonuniform or unsteady forcing alters breakup only when its length or time scales are compatible with global droplet deformation or local wave scales.,author_interpretation,review_synthesis,Typed loading histories and response-scale framework.,LOC-C007-0006,PAR-C007-0007,,PROC-C007-001;PROC-C007-004,,yes,active_candidate,"Evidence summary: The review uses scale compatibility to unify shear, wake, turbulence, shock, and blast cases. | Limitations: Conceptual synthesis; quantitative closure remains an open issue."
T1-C007-C02,C007,C-F-07,tier1,C,"At supersonic Mach numbers, compressibility can suppress breakup intensity and transverse spread while promoting streamwise elongation.",author_interpretation,review_synthesis,Compressibility correction to breakup-regime interpretation.,LOC-C007-0005,PAR-C007-0005;PAR-C007-0008,,PROC-C007-002,,yes,active_candidate,"Evidence summary: Section 5 distinguishes subsonic destabilization from supersonic stabilization and connects it to KHI/RTI damping and bow-shock-modified loading. | Limitations: Secondary synthesis; behavior also depends on We, thermodynamics, and morphology."
T1-C007-C03,C007,C-F-07,tier1,C,Extreme aerobreakup is organized as a recurrent multiscale wave cascade that terminates through ligament-mediated fragmentation.,author_interpretation,review_synthesis,Mechanistic hierarchy of secondary atomization.,LOC-C007-0006,PAR-C007-0006,,PROC-C007-003,,yes,active_candidate,Evidence summary: KHI/RTI initiate progressively local deformations and Rayleigh-Plateau breakup terminates ligaments. | Limitations: Nonlinear theory and high-resolution validation remain incomplete.
T1-C018-C01,C018,C-SD-11,tier1,C,Focus-point and negative-peak-pressure locations align at low gas-liquid wave-speed ratio but diverge at high ratio.,simulation_resolved,simulation_resolved,Internal-wave mechanism and cavitation-location caution.,LOC-C018-0009,PAR-C018-0015;PAR-C018-0063;PAR-C018-0019;PAR-C018-0055,HIST-C018-002,PROC-C018-001,,yes,active_candidate,"Evidence summary: Complete Ms/liquid case matrix shows NPP location becoming approximately constant at high n while the theoretical focus continues its decreasing trend. | Limitations: Five-equation model has no phase transition, so cavitation itself is not resolved."
T1-C018-C02,C018,C-SD-11,tier1,C,Including Mach-stem motion improves the theoretical internal-wave envelope for high wave-speed-ratio cases.,model_based,model_based,High-ratio correction to internal-wave models.,LOC-C018-0007,PAR-C018-0019;PAR-C018-0055,,PROC-C018-002,,yes,active_candidate,Evidence summary: Ray-tracing model switches the disturbance initiator from incident shock to Mach stem where appropriate. | Limitations: Two-dimensional cylindrical geometry and fitted Mach-stem trajectory.
T1-C018-C03,C018,C-SD-11,tier1,C,"The negative peak pressure results from the combined shock, relaxation, fluctuation, and expansion-wave effects rather than expansion-wave focusing alone.",simulation_resolved,simulation_resolved,Multi-contribution pressure mechanism in early shock-droplet interaction.,LOC-C018-0009,PAR-C018-0007;PAR-C018-0008,EVT-C018-002;HIST-C018-001,PROC-C018-003,,yes,active_candidate,"Evidence summary: Pressure histories and wave-count comparison show the focus maximizes the expansion-wave contribution, while NPP has the largest total pressure drop. | Limitations: No cavitation phase transition; pressure-factor decomposition requires further validation."
T1-C019-C01,C019,C-SD-12,tier1,C,"For the modeled divergent shock, curvature shifts ligament formation upstream and sustains greater spanwise extension relative to the planar comparison.",simulation_resolved,primary_numerical,Curved-shock loading and deformation.,LOC-C019-0008,PAR-C019-0015;PAR-C019-0007,,PROC-C019-001,,yes,active_candidate,"Evidence summary: Full-field comparisons resolve altered normal and tangential loading and associated ligament morphology. | Limitations: Two-dimensional cylindrical droplet; viscosity, capillarity and phase transition omitted."
T1-C019-C02,C019,C-SD-12,tier1,C,The windward K-H inception site nearly coincides with a migrating fixed point created by combined external and internal wave loading.,model_based,numerical_plus_model,Instability inception mechanism.,LOC-C019-0007,PAR-C019-0023,EVT-C019-002,PROC-C019-002,,yes,active_candidate,Evidence summary: Table 1 and the theoretical construction connect the critical transmitted-shock contact point to the final fixed point and K-H onset. | Limitations: Mechanism is developed for the simplified two-dimensional configuration.
T1-C024-C01,C024,C-ST-04,tier1,C,"At M about 2.09, 14.16-37.3 um acetone parent droplets experience breakup, cloud growth, and evaporation on overlapping microsecond scales.",direct_observation,primary_experimental,Small-droplet breakup/evaporation timescale overlap.,LOC-C024-0005,PAR-C024-0007;PAR-C024-0008;PAR-C024-0009;PAR-C024-0010;PAR-C024-0015,EVT-C024-001;EVT-C024-002;EVT-C024-003,,,yes,active_candidate,"Evidence summary: Table 1 fixes We/Re by size statistic, while the image sequence separates breakup, cloud growth and late evaporation intervals. | Limitations: Droplet curtain is dilute but polydisperse; deformation of individual parent droplets was below optical resolution."
T1-C024-C02,C024,C-ST-04,tier1,C,The simplified CDC comparison favors empirical breakup models over KHRT for cloud length and evaporation time under these conditions.,model_based,experiment_model_comparison,Breakup-model applicability.,LOC-C024-0007,PAR-C024-0015,,PROC-C024-002,,yes,active_candidate,Evidence summary: Wert49 most closely matches the measured cloud trajectory and disappearance time; KHRT predicts rapid small KH droplets and the shortest clouds. | Limitations: Model discrepancies may reflect parent-drag underprediction or unrepresented larger child droplets.
T1-C025-C01,C025,C-ST-05,tier1,C,Mach 2 and 3 cases show similar nondimensional deformation timing but different piercing morphology and subsequent atomized-mass transfer.,simulation_resolved,primary_numerical,Breakup chronology and Mach-sensitive morphology.,LOC-C025-0006,PAR-C025-0006;PAR-C025-0007;PAR-C025-0008;PAR-C025-0009;PAR-C025-0011;PAR-C025-0012,,PROC-C025-001,,yes,active_candidate,"Evidence summary: Surface instabilities appear by tau about 0.275, ligaments shed near 0.38, piercing occurs after tau about 1, and substantial mass transfer follows. | Limitations: Only two shock strengths and one initial diameter; thermomechanical equilibration is quasi-instantaneous."
T1-C025-C02,C025,C-ST-05,tier1,C,"At tau=2, secondary-droplet Sauter-mean-diameter PDFs are bimodal log-normal with peaks near d/d0=0.004 and 0.01.",simulation_resolved,primary_numerical,Secondary-droplet statistics.,LOC-C025-0004,PAR-C025-0010,HIST-C025-001;HIST-C025-002,,,yes,active_candidate,Evidence summary: Connected-component statistics resolve small and medium secondary-droplet modes. | Limitations: Grid resolution truncates the smallest sizes and simulations end before possible late unimodal evolution.
T1-C029-C01,C029,C-PC-03,tier1,C,"At supercritical pressure, crossing from liquidlike to gaslike n-dodecane changes the speed-of-sound ratio and drives a transition from diverging to converging refracted-shock behavior at n=1.",simulation_resolved,primary_numerical,Transcritical state-to-wave-structure mechanism.,LOC-C029-0006,PAR-C029-0005;PAR-C029-0006;PAR-C029-0007;PAR-C029-0010,HIST-C029-001,PROC-C029-001,,yes,active_candidate,"Evidence summary: Temperature sweep at 6 MPa links thermodynamic state, SoS ratio and observed shock topology. | Limitations: Idealized inviscid 2D axisymmetric early-time model; no surface tension, diffusion, thermal conduction, or chemistry."
T1-C029-C02,C029,C-PC-03,tier1,C,"Strongly convergent TSDI produces an internal focal pressure peak and outward axial jet, while the weak/strong convergence transition occurs near n=1.48 in the simulated system.",simulation_resolved,primary_numerical,Shock focusing and internal-pressure mechanism.,LOC-C029-0008,PAR-C029-0010;PAR-C029-0015;PAR-C029-0008,,PROC-C029-002,,yes,active_candidate,Evidence summary: Pressure and shock images distinguish inward/weak and outward/strong axial-jet cases. | Limitations: Threshold estimate uses simplified path/curvature assumptions and is not universal without validation.
T1-C029-C03,C029,C-PC-03,tier1,C,Increasing shock strength raises baroclinic circulation and downstream pressure-gradient-driven inward deformation while reducing overall radial flattening in the tested TSDI cases.,simulation_resolved,primary_numerical,Shock-strength control of morphology and circulation.,LOC-C029-0009,PAR-C029-0009;PAR-C029-0016;PAR-C029-0014,HIST-C029-002,PROC-C029-003,,yes,active_candidate,Evidence summary: Mach 1.2-2.0 sweep at fixed thermodynamic state separates shock-strength effects from SoS-ratio effects. | Limitations: Later three-dimensional breakup is outside the modeled scope.
T1-C035-C01,C035,C-MD-03,tier1,C,"Lead-droplet wake shielding delays and weakens the trailing droplet response, especially at smaller spacing and lower Weber number.",direct_observation,primary_experimental,Multi-droplet shielding and dense-spray breakup.,LOC-C035-0006,PAR-C035-0003;PAR-C035-0024;PAR-C035-0004;PAR-C035-0007,,PROC-C035-001,,yes,active_candidate,"Evidence summary: The trailing droplet has later initial deformation, smaller cross-stream maximum and lower mean drag while the lead droplet remains nearly isolated-like. | Limitations: Low-We rupture extends beyond the steady post-shock window; exact seven-spacing matrix is figure based."
T1-C035-C02,C035,C-MD-03,tier1,C,"The critical normalized spacing for tandem influence is Weber-dependent, decreasing from 10.8 at We=13 to 5.4 at We=180.",experimental_correlation,experimental_correlation,Interaction-scale criterion.,LOC-C035-0004,PAR-C035-0024,,PROC-C035-002,,yes,active_candidate,"Evidence summary: The S-We interaction map separates independent, transition and suppressed breakup regions. | Limitations: Only endpoint threshold values are explicitly retained; boundary curve is not digitized."
T1-D018-C01,D018,D-DW-03,tier1,D,Detonation-driven RP-3 and water breakup proceeds from a KHI-dominated stripping stage to coupled KHI-RTI piercing and catastrophic breakup.,direct_observation,primary_experimental,Detonation-induced breakup mechanism.,LOC-D018-0005,PAR-D018-0048;PAR-D018-0057,,PROC-D018-001,,yes,active_candidate,Evidence summary: High-speed sequences resolve early shear stripping and later RT piercing for both liquids. | Limitations: Shadowgraph is a two-dimensional projection and the smallest early structures are below resolution.
T1-D018-C02,D018,D-DW-03,tier1,D,Shock-derived deformation and drag correlations are not directly transferable to detonation loading because the post-detonation adverse pressure gradient reduces convection and aerodynamic forcing.,author_interpretation,experiment_plus_model_comparison,Loading-history dependence and model transferability.,LOC-D018-0006,PAR-D018-0073;PAR-D018-0074,,PROC-D018-002,,yes,active_candidate,"Evidence summary: Detonation data collapse to dc/d0=1+0.72821t* and Cd=0.23, far below the cited shock-induced slopes/drag. | Limitations: Cross-study shock comparison is secondary; primary detonation correlations are measured in this facility."
T1-D018-C03,D018,D-DW-03,tier1,D,"Collapsed detonation breakup time differs by liquid: t*b=10.06 for water and 7.90 for RP-3, with surface tension implicated in the difference.",experimental_correlation,primary_experimental_correlation,Detonation breakup-time scaling.,LOC-D018-0008,PAR-D018-0075;PAR-D018-0076;PAR-D018-0002;PAR-D018-0003,,PROC-D018-003,,yes,active_candidate,Evidence summary: Both case families fall within the fitted prediction bands and adapted mass-stripping equations use the two constants. | Limitations: The time normalization itself excludes surface tension; the mechanism is an author interpretation supported by the liquid comparison.
T1-D019-C01,D019,D-DW-04,tier1,D,"At equal leading-shock Mach, detonation and inert-shock cases have similar early wave topology but detonation heat release increases reflected-shock propagation through different postwave velocity and sound-speed states.",model_based,primary_numerical,Detonation-versus-shock loading comparison.,LOC-D019-0006,PAR-D019-0005;PAR-D019-0003;PAR-D019-0004,,PROC-D019-001,,yes,active_candidate,Evidence summary: Matched Mach 4.8 comparison and moving-shock analysis isolate reaction-heat-release effects. | Limitations: 2D idealized water droplet and reduced reaction model; project transfer beyond this configuration remains inference.
T1-D019-C02,D019,D-DW-04,tier1,D,Detonation-induced cavitation collapses sooner and asymmetrically because the low-pressure region behind the detonation wave persists for less time than behind the inert shock.,simulation_resolved,primary_numerical,Phase-transition timescale mechanism.,LOC-D019-0007,PAR-D019-0015;PAR-D019-0016,HIST-D019-001,PROC-D019-002,,yes,active_candidate,Evidence summary: Coupled phase-transition simulations compare full vapor-zone growth and collapse cycles. | Limitations: Cavitation model is homogeneous; thermal conduction is omitted for main-droplet timescale separation.
T1-D019-C03,D019,D-DW-04,tier1,D,Lower detonation postwave velocity suppresses the shock-case RT-driven forward jet and instead promotes leeward flattening through the recirculation-zone vortex.,simulation_resolved,primary_numerical,Application-transfer boundary for breakup mechanisms.,LOC-D019-0008,PAR-D019-0006;PAR-D019-0007;PAR-D019-0008;PAR-D019-0009;PAR-D019-0002,,PROC-D019-003,,yes,active_candidate,Evidence summary: Matched comparison reveals qualitatively different windward/leeward deformation modes. | Limitations: Surface tension and viscosity are neglected; 2D geometry likely overstates deformation rate and cannot resolve final child-droplet statistics.
T2-A002-C01,A002,A-NG-02,tier2,A,"Increasing natural-gas rail pressure shortened the mixing-controlled combustion event in the tested HPDI engine, with the strongest benefits at high-load/high-speed conditions.",simulation_resolved,reported result,HPDI injection-pressure control and mixing-rate mechanism.,LOC-A002-0003,PAR-A002-0003;PAR-A002-0004,,PROC-A002-001,T2LINK-0040:A007:T1-A007-C02,yes,active_candidate,Evidence summary: The 300-to-600 bar program and CFD comparison associate higher pressure with increased injection rate and improved late-cycle mixing. | Limitations: Single engine architecture; transient-cycle performance was not evaluated.
T2-A002-C02,A002,A-NG-02,tier2,A,"The efficiency and PM advantages of higher gas pressure came with higher combustion harshness and NOx, and nozzle-flow control was proposed as mitigation.",direct_observation,reported result,Engineering tradeoffs for high-pressure HPDI.,LOC-A002-0003,PAR-A002-0003,,PROC-A002-002,,yes,active_candidate,Evidence summary: Conclusion reports load-dependent efficiency/PM benefits plus combustion-noise and NOx penalties. | Limitations: Tradeoffs depend on operating point and nozzle design.
T2-A005-C01,A005,A-NG-05,tier2,A,Pairing nearby HPDI gas holes increased early air entrainment at equal penetration but did not reduce engine-out PM.,simulation_resolved,reported result,Counterexample to monotonic entrainment-to-soot reasoning.,LOC-A005-0002,PAR-A005-0003,,PROC-A005-001,,yes,active_candidate,Evidence summary: Reacting CFD resolved greater entrainment while engine measurements showed substantially higher PM. | Limitations: Specific paired geometries and engine operating range.
T2-A005-C02,A005,A-NG-05,tier2,A,"The authors attributed the PM increase to longer residence of natural gas in rich, moderate-temperature soot-forming conditions created by the merging jets.",author_interpretation,author interpretation,Jet-interaction topology and soot residence-time mechanism.,LOC-A005-0002,PAR-A005-0004;PAR-A005-0003,,PROC-A005-002,T2LINK-0041:B021:T1-B021-C03,yes,active_candidate,Evidence summary: CFD mixture-fraction histories showed more fuel in the paper-defined 2<phi_g<6 interval. | Limitations: Soot mechanism is inferred from mixture-state residence rather than directly resolved particulate chemistry.
T2-A009-C01,A009,A-NG-09,tier2,A,"At lower chamber temperature and pressure, longer pilot ignition delay made pilot ignition more vulnerable to disruption by the adjacent natural-gas jet.",direct_observation,reported result,Ambient-state control of pilot robustness.,LOC-A009-0002,PAR-A009-0003;PAR-A009-0004,,PROC-A009-001,T2LINK-0042:A007:T1-A007-C01,yes,active_candidate,"Evidence summary: Optical imaging showed delayed/downstream pilot ignition and misfire when overlap reduced the free path below lift-off length. | Limitations: Single free-jet arrangement without wall, swirl, or neighboring-jet effects."
T2-A009-C02,A009,A-NG-09,tier2,A,Relative pilot/gas timing controlled premixing and the resulting natural-gas heat-release mode across the tested elevated chamber states.,experimental_correlation,reported result,Timing–premixing–combustion linkage.,LOC-A009-0002,PAR-A009-0001;PAR-A009-0002,,PROC-A009-002,,yes,active_candidate,"Evidence summary: Heat-release behavior organized by gas ignition time relative to gas SOI, with timing controlling premixing. | Limitations: RCM abstraction limits direct full-engine transfer."
T2-A011-C01,A011,A-NG-11,tier2,A,Relative pilot/gas injection timing was the primary control on natural-gas premixing and shifted combustion from non-premixed through distributed partially premixed to stratified premixed flame propagation.,direct_observation,reported result,Conceptual staging of HPDI ignition and combustion.,LOC-A011-0002,PAR-A011-0003;PAR-A011-0004,,PROC-A011-001,T2LINK-0043:A007:T1-A007-C02,yes,active_candidate,"Evidence summary: OH* reaction-zone analysis and HRR jointly resolved the regime transition. | Limitations: Optical engine had low compression ratio, cylindrical bowl, and line-of-sight imaging."
T2-A011-C02,A011,A-NG-11,tier2,A,"Natural-gas ignition was relatively insensitive to injection pressure, whereas higher pressure increased mixing-controlled heat release after ignition.",direct_observation,reported result,Stage-dependent role of gas injection pressure.,LOC-A011-0002,PAR-A011-0001,,PROC-A011-002,,yes,active_candidate,Evidence summary: The parametric sweep separates the ignition stage from subsequent non-premixed mixing control. | Limitations: Results are bounded by the optical engine configuration.
T2-A012-C01,A012,A-NG-12,tier2,A,"At the simulated medium-load HPDI point, the natural-gas injection did not ignite without the diesel pilot, demonstrating a required pilot trigger for that condition.",simulation_resolved,reported result,Numerical isolation of the pilot-trigger function.,LOC-A012-0003,PAR-A012-0002;PAR-A012-0003,,PROC-A012-001,T2LINK-0044:A007:T1-A007-C01,yes,active_candidate,Evidence summary: Paired CFD cases differed only by pilot injection; the NG-only case released no heat. | Limitations: Single operating point and model-dependent chemistry/turbulence representation.
T2-A012-C02,A012,A-NG-12,tier2,A,"In the homogeneous-reactor analysis, temperature dominated methane ignition above about 1100 K, while realistic H/OH radicals shortened ignition delay mainly in the 950–1100 K interval.",model_based,reported result,Thermal-versus-radical pathways in pilot-assisted NG ignition.,LOC-A012-0003,PAR-A012-0004,,PROC-A012-002,,yes,active_candidate,Evidence summary: HRM sensitivity maps varied initial temperature and radical concentration using states sampled from engine CFD. | Limitations: Zero-dimensional chemistry isolates kinetics and omits turbulent transport.
T2-A013-C01,A013,A-NG-13,tier2,A,"Regimes of PIDING combustion were identified as domains of RIT (representing NG stratification) where pilot and NG combustion AHRR, and emissions behaved consistently with respect to variation of f g, Pinj, and RIT.",author_interpretation,author_interpretation,mixing/ignition,LOC-A013-0002,PAR-A013-0003,,,T2LINK-0001:A020:paper-level Tier 1 anchor,yes,active_candidate,"Evidence summary: Regimes of PIDING combustion were identified as domains of RIT (representing NG stratification) where pilot and NG combustion AHRR, and emissions behaved consistently with respect to variation of f g, Pinj, and RIT. | Limitations: Claim is a paper-level candidate localized to the canonical PDF; cross-paper adjudication and final evidence verification remain pending."
T2-A013-C02,A013,A-NG-13,tier2,A,"A survey of stratified PIDING combustion regimes was conducted by sweeping the relative injection timing, RIT, of a heavy duty PIDING engine from 2150 CAD to + 18 CAD for Pinj = 140 220 bar, fg =0 :47 0:71, at 1000 rpm.",author_interpretation,author_interpretation,mixing/ignition,LOC-A013-0002,PAR-A013-0003,,,,no,inventory_only_study_design_statement,"Evidence summary: A survey of stratified PIDING combustion regimes was conducted by sweeping the relative injection timing, RIT, of a heavy duty PIDING engine from 2150 CAD to + 18 CAD for Pinj = 140 220 bar, fg =0 :47 0:71, at 1000 rpm. | Limitations: Claim is a paper-level candidate localized to the canonical PDF; cross-paper adjudication and final evidence verification remain pending. | Phase 10 inventory-only reason: study_design_statement; original candidate is unchanged."
T2-A013-C03,A013,A-NG-13,tier2,A,"The following six stratified PIDING combustion regimes were identified, presented here in order of decreasing NG residence time: 1.",author_interpretation,author_interpretation,mixing/ignition,LOC-A013-0002,PAR-A013-0003,,,,no,inventory_only_extraction_fragment,"Evidence summary: The following six stratified PIDING combustion regimes were identified, presented here in order of decreasing NG residence time: 1. | Limitations: Claim is a paper-level candidate localized to the canonical PDF; cross-paper adjudication and final evidence verification remain pending. | Phase 10 inventory-only reason: extraction_fragment; original candidate is unchanged."
T2-A014-C01,A014,A-NG-14,tier2,A,"NG mixture evolution: Regardless of the operating condition or RIT, NG premixing takes place near the piston bowl wall prior to ignition, including operation where the gaseous fuel is injected after the pilot combustion.",author_interpretation,author_interpretation,mixing/ignition,LOC-A014-0002,PAR-A014-0003,,,T2LINK-0002:A020:paper-level Tier 1 anchor,yes,active_candidate,"Evidence summary: NG mixture evolution: Regardless of the operating condition or RIT, NG premixing takes place near the piston bowl wall prior to ignition, including operation where the gaseous fuel is injected after the pilot combustion. | Limitations: Claim is a paper-level candidate localized to the canonical PDF; cross-paper adjudication and final evidence verification remain pending."
T2-A014-C02,A014,A-NG-14,tier2,A,"When pilot and NG injections overlap, the pilot combustion is (partially) quenched.",author_interpretation,author_interpretation,mixing/ignition,LOC-A014-0002,PAR-A014-0003,,,,yes,active_candidate,"Evidence summary: When pilot and NG injections overlap, the pilot combustion is (partially) quenched. | Limitations: Claim is a paper-level candidate localized to the canonical PDF; cross-paper adjudication and final evidence verification remain pending."
T2-A014-C03,A014,A-NG-14,tier2,A,"For late-cycle operation, when SOI pilot is before EOING, the NG premixing processes near the piston bowl wall are additionally influenced by the pilot injection.",author_interpretation,author_interpretation,mixing/ignition,LOC-A014-0002,PAR-A014-0003,,,,yes,active_candidate,"Evidence summary: For late-cycle operation, when SOI pilot is before EOING, the NG premixing processes near the piston bowl wall are additionally influenced by the pilot injection. | Limitations: Claim is a paper-level candidate localized to the canonical PDF; cross-paper adjudication and final evidence verification remain pending."
T2-A018-C01,A018,A-H2-01,tier2,A,H2DDI combustion at controlled CA50 and up to 50% hydrogen energy fraction is feasible at all injection timings of hydrogen without pre-ignition or knocking.,author_interpretation,author_interpretation,mixing/ignition,LOC-A018-0002,PAR-A018-0003,,,T2LINK-0003:A020:paper-level Tier 1 anchor,yes,active_candidate,Evidence summary: H2DDI combustion at controlled CA50 and up to 50% hydrogen energy fraction is feasible at all injection timings of hydrogen without pre-ignition or knocking. | Limitations: Claim is a paper-level candidate localized to the canonical PDF; cross-paper adjudication and final evidence verification remain pending.
T2-A018-C02,A018,A-H2-01,tier2,A,"Under the conditions of this work, the shape of the apparent heat release rate (aHRR) resembles that of the baseline diesel combustion, except when hydrogen is injected late resulting in insufficient time for mixing, in which case slower aHRR indicative of a hydrogen mixingcontrolled combustion is observed.",direct_observation,direct_observation,mixing/ignition,LOC-A018-0002,PAR-A018-0003,,,,yes,active_candidate,"Evidence summary: Under the conditions of this work, the shape of the apparent heat release rate (aHRR) resembles that of the baseline diesel combustion, except when hydrogen is injected late resulting in insufficient time for mixing, in which case slower aHRR indicative of a hydrogen mixingcontrolled combustion is observed. | Limitations: Claim is a paper-level candidate localized to the canonical PDF; cross-paper adjudication and final evidence verification remain pending."
T2-A018-C03,A018,A-H2-01,tier2,A,"A complex interplay between the aHRR at ignition, combustion duration, efficiency, and NO x emission, governed by the hydrogen injection timing, is unveiled.",author_interpretation,author_interpretation,mixing/ignition,LOC-A018-0002,PAR-A018-0003,,,,yes,active_candidate,"Evidence summary: A complex interplay between the aHRR at ignition, combustion duration, efficiency, and NO x emission, governed by the hydrogen injection timing, is unveiled. | Limitations: Claim is a paper-level candidate localized to the canonical PDF; cross-paper adjudication and final evidence verification remain pending."
T2-A021-C01,A021,A-H2-04,tier2,A,"When the injection and combustion periods of H 2 are longer than that of the diesel surrogate, peak AHRR occurs immediately after H 2 jet ignition, followed by a steady AHRR period until end of H 2 injection, unless the diesel surrogate injection and combustion duration surpasses premixed combustion, at which the AHRR profile becomes transient.",author_interpretation,author_interpretation,mixing/ignition,LOC-A021-0002,PAR-A021-0003,,,T2LINK-0004:A020:paper-level Tier 1 anchor,yes,active_candidate,"Evidence summary: When the injection and combustion periods of H 2 are longer than that of the diesel surrogate, peak AHRR occurs immediately after H 2 jet ignition, followed by a steady AHRR period until end of H 2 injection, unless the diesel surrogate injection and combustion duration surpasses premixed combustion, at which the AHRR profile becomes transient. | Limitations: Claim is a paper-level candidate localized to the canonical PDF; cross-paper adjudication and final evidence verification remain pending."
T2-A021-C02,A021,A-H2-04,tier2,A,The apparent heat release-rate (AHRR) in the dual-fuel case is mainly influenced by H 2 combustion.,author_interpretation,author_interpretation,mixing/ignition,LOC-A021-0002,PAR-A021-0003,,,,yes,active_candidate,Evidence summary: The apparent heat release-rate (AHRR) in the dual-fuel case is mainly influenced by H 2 combustion. | Limitations: Claim is a paper-level candidate localized to the canonical PDF; cross-paper adjudication and final evidence verification remain pending.
T2-A021-C03,A021,A-H2-04,tier2,A,The following conclusions apply under the conditions investigated in this study: 1.,author_interpretation,author_interpretation,mixing/ignition,LOC-A021-0003,PAR-A021-0003,,,,no,inventory_only_extraction_fragment,Evidence summary: The following conclusions apply under the conditions investigated in this study: 1. | Limitations: Claim is a paper-level candidate localized to the canonical PDF; cross-paper adjudication and final evidence verification remain pending. | Phase 10 inventory-only reason: extraction_fragment; original candidate is unchanged.
T2-A024-C01,A024,A-H2-07,tier2,A,A numerical study using three-dimensional computational fluid dynamics is performed to investigate a diesel pilot ignited late high pressure direct gaseous hydrogen injection engine targeting non-premixed combustion and comparisons are made with the same engine running on methane.,model_based,model_based,mixing/ignition,LOC-A024-0002,PAR-A024-0003,,,T2LINK-0005:A030:T1-A030-C01,no,inventory_only_study_design_statement,Evidence summary: A numerical study using three-dimensional computational fluid dynamics is performed to investigate a diesel pilot ignited late high pressure direct gaseous hydrogen injection engine targeting non-premixed combustion and comparisons are made with the same engine running on methane. | Limitations: Claim is a paper-level candidate localized to the canonical PDF; cross-paper adjudication and final evidence verification remain pending. | Phase 10 inventory-only reason: study_design_statement; original candidate is unchanged.
T2-A024-C02,A024,A-H2-07,tier2,A,"For the most part hydrogen stays at a higher HRR than methane due to a smaller quenching distance, greater jet momentum and higher rich flammability limit. The late combustion phase begins after the injection event has ended and HRR begins to fall off rapidly.",model_based,model_based,mixing/ignition,LOC-A024-0002,PAR-A024-0003,,,,yes,active_candidate,"Evidence summary: For the most part hydrogen stays at a higher HRR than methane due to a smaller quenching distance, greater jet momentum and higher rich flammability limit. The late combustion phase begins after the injection event has ended and HRR begins to fall off rapidly. | Limitations: Claim is a paper-level candidate localized to the canonical PDF; cross-paper adjudication and final evidence verification remain pending."
T2-A024-C03,A024,A-H2-07,tier2,A,"The above issues will be investigated at multiple load conditions in a following study via exploration and optimisation of various parameters/approaches pertinent to 99% HES engine operation such as pilot injection timing, gaseous injection timing, number of injections, injector diameter, injection angle, EGR rate, turbocharging level and initial oxidiser charge temperature.",model_based,model_based,mixing/ignition,LOC-A024-0002,PAR-A024-0003,,,,no,inventory_only_future_work_statement,"Evidence summary: The above issues will be investigated at multiple load conditions in a following study via exploration and optimisation of various parameters/approaches pertinent to 99% HES engine operation such as pilot injection timing, gaseous injection timing, number of injections, injector diameter, injection angle, EGR rate, turbocharging level and initial oxidiser charge temperature. | Limitations: Claim is a paper-level candidate localized to the canonical PDF; cross-paper adjudication and final evidence verification remain pending. | Phase 10 inventory-only reason: future_work_statement; original candidate is unchanged."
T2-A025-C01,A025,A-H2-08,tier2,A,Computed results show that the proposed CFD methodology can also be used for diagnostic purposes since the flame index parameter could help understanding the nature of the H2DDI combustion process and how it shifts from diffusive to partially premixed by increasing the dwell time between main and pilot injection events.,author_interpretation,author_interpretation,mixing/ignition,LOC-A025-0002,PAR-A025-0003,,,T2LINK-0006:A026:T1-A026-C01,yes,active_candidate,Evidence summary: Computed results show that the proposed CFD methodology can also be used for diagnostic purposes since the flame index parameter could help understanding the nature of the H2DDI combustion process and how it shifts from diffusive to partially premixed by increasing the dwell time between main and pilot injection events. | Limitations: Claim is a paper-level candidate localized to the canonical PDF; cross-paper adjudication and final evidence verification remain pending.
T2-A025-C02,A025,A-H2-08,tier2,A,The EMCF+PDF model was extensively validated considering different dwell timings between pilot and main injections via a combined comparison between computed and experimental schlieren images and heat release profiles.,model_based,model_based,mixing/ignition,LOC-A025-0002,PAR-A025-0003,,,,no,inventory_only_method_validation_statement,Evidence summary: The EMCF+PDF model was extensively validated considering different dwell timings between pilot and main injections via a combined comparison between computed and experimental schlieren images and heat release profiles. | Limitations: Claim is a paper-level candidate localized to the canonical PDF; cross-paper adjudication and final evidence verification remain pending. | Phase 10 inventory-only reason: method_validation_statement; original candidate is unchanged.
T2-A025-C03,A025,A-H2-08,tier2,A,"In particular, H2DDI combustion was investigated, where a pilot injection of 𝑛C7H16 ignites a main H 2 jet.",model_based,model_based,mixing/ignition,LOC-A025-0002,PAR-A025-0003,,,,no,inventory_only_study_design_statement,"Evidence summary: In particular, H2DDI combustion was investigated, where a pilot injection of 𝑛C7H16 ignites a main H 2 jet. | Limitations: Claim is a paper-level candidate localized to the canonical PDF; cross-paper adjudication and final evidence verification remain pending. | Phase 10 inventory-only reason: study_design_statement; original candidate is unchanged."
T2-B002-C01,B002,B-T-02,tier2,B,"An evaluation of selected notional nozzle approaches (Birch1984, Birch1987, Ewan, Schefer and Harstad) for CFD simulations of free-shear under-expanded round jets was presented.",model_based,model_based,underexpanded jet physics,LOC-B002-0002,PAR-B002-0003,,,T2LINK-0007:B009:T1-B009-C01,no,inventory_only_method_scope_statement,"Evidence summary: An evaluation of selected notional nozzle approaches (Birch1984, Birch1987, Ewan, Schefer and Harstad) for CFD simulations of free-shear under-expanded round jets was presented. | Limitations: Claim is a paper-level candidate localized to the canonical PDF; cross-paper adjudication and final evidence verification remain pending. | Phase 10 inventory-only reason: method_scope_statement; original candidate is unchanged."
T2-B002-C02,B002,B-T-02,tier2,B,"Three turbulence models were applied for each notional nozzle approach (BSL, k- ε and SST) and the results were compared with 3 experimental sets of high pressure H 2 releases from small pipes.",model_based,model_based,underexpanded jet physics,LOC-B002-0002,PAR-B002-0003,,,,no,inventory_only_method_scope_statement,"Evidence summary: Three turbulence models were applied for each notional nozzle approach (BSL, k- ε and SST) and the results were compared with 3 experimental sets of high pressure H 2 releases from small pipes. | Limitations: Claim is a paper-level candidate localized to the canonical PDF; cross-paper adjudication and final evidence verification remain pending. | Phase 10 inventory-only reason: method_scope_statement; original candidate is unchanged."
T2-B002-C03,B002,B-T-02,tier2,B,"(For interpretation of the references to colour in this figure legend, the reader is referred to the web version of this article.) international journal of hydrogen energy 37 (2012) 18563 e1857418572",model_based,model_based,underexpanded jet physics,LOC-B002-0002,PAR-B002-0003,,,,no,inventory_only_extraction_artifact,"Evidence summary: (For interpretation of the references to colour in this figure legend, the reader is referred to the web version of this article.) international journal of hydrogen energy 37 (2012) 18563 e1857418572 | Limitations: Claim is a paper-level candidate localized to the canonical PDF; cross-paper adjudication and final evidence verification remain pending. | Phase 10 inventory-only reason: extraction_artifact; original candidate is unchanged."
T2-B003-C01,B003,B-T-03,tier2,B,"It is observed how the nozzle pressure ratio influences the Mach disk width, and thereby the slip line separation, which leads to co-annular jets with inner and outer shear layers at higher pressure ratios.",simulation_resolved,simulation_resolved,underexpanded jet physics,LOC-B003-0002,PAR-B003-0003,,,T2LINK-0008:B009:T1-B009-C01,yes,active_candidate,"Evidence summary: It is observed how the nozzle pressure ratio influences the Mach disk width, and thereby the slip line separation, which leads to co-annular jets with inner and outer shear layers at higher pressure ratios. | Limitations: Claim is a paper-level candidate localized to the canonical PDF; cross-paper adjudication and final evidence verification remain pending."
T2-B003-C02,B003,B-T-03,tier2,B,"13, 14 Also the nozzle operating conditions, nozzle pressure ratio (NPR), depend on the application.",model_based,model_based,underexpanded jet physics,LOC-B003-0002,PAR-B003-0003,,,,no,inventory_only_context_statement,"Evidence summary: 13, 14 Also the nozzle operating conditions, nozzle pressure ratio (NPR), depend on the application. | Limitations: Claim is a paper-level candidate localized to the canonical PDF; cross-paper adjudication and final evidence verification remain pending. | Phase 10 inventory-only reason: context_statement; original candidate is unchanged."
T2-B003-C03,B003,B-T-03,tier2,B,The improved mixing with increasing pressure ratio is demonstrated by the probability density functions of the concentration.,model_based,model_based,underexpanded jet physics,LOC-B003-0002,PAR-B003-0003,,,,yes,active_candidate,Evidence summary: The improved mixing with increasing pressure ratio is demonstrated by the probability density functions of the concentration. | Limitations: Claim is a paper-level candidate localized to the canonical PDF; cross-paper adjudication and final evidence verification remain pending.
T2-B005-C01,B005,B-T-05,tier2,B,Understanding the behaviour of under-expanded jets is now becoming crucial to develop clean and efficient combustion systems.,review_secondary,review_secondary,underexpanded jet physics,LOC-B005-0002,PAR-B005-0003,,,T2LINK-0009:B004:T1-B004-C01,no,inventory_only_background_statement,Evidence summary: Understanding the behaviour of under-expanded jets is now becoming crucial to develop clean and efficient combustion systems. | Limitations: Claim is a paper-level candidate localized to the canonical PDF; cross-paper adjudication and final evidence verification remain pending. | Phase 10 inventory-only reason: background_statement; original candidate is unchanged.
T2-B005-C02,B005,B-T-05,tier2,B,Under-expanded jets are fluid flows that occur when a high-pressure fluid is suddenly released through a nozzle into a region of lower pressure.,review_secondary,review_secondary,underexpanded jet physics,LOC-B005-0002,PAR-B005-0003,,,,no,inventory_only_definition_only,Evidence summary: Under-expanded jets are fluid flows that occur when a high-pressure fluid is suddenly released through a nozzle into a region of lower pressure. | Limitations: Claim is a paper-level candidate localized to the canonical PDF; cross-paper adjudication and final evidence verification remain pending. | Phase 10 inventory-only reason: definition_only; original candidate is unchanged.
T2-B005-C03,B005,B-T-05,tier2,B,"Schlieren imaging is a broadly adopted technique for visualizing the overall jet development, and provides macroscopic information like jet penetration, cone angle, volume",review_secondary,review_secondary,underexpanded jet physics,LOC-B005-0002,PAR-B005-0003,,,,no,inventory_only_method_statement,"Evidence summary: Schlieren imaging is a broadly adopted technique for visualizing the overall jet development, and provides macroscopic information like jet penetration, cone angle, volume | Limitations: Claim is a paper-level candidate localized to the canonical PDF; cross-paper adjudication and final evidence verification remain pending. | Phase 10 inventory-only reason: method_statement; original candidate is unchanged."
T2-B007-C01,B007,B-H2-02,tier2,B,"Jet exit shock structure was imaged by Schlieren photography, while quantitative Planar Laser Rayleigh Scatter imaging was used to measure instantaneous hydrogen mole fractions downstream of the Mach disk.",author_interpretation,author_interpretation,underexpanded jet physics,LOC-B007-0001,PAR-B007-0003,,,T2LINK-0010:B004:T1-B004-C01,no,inventory_only_method_statement,"Evidence summary: Jet exit shock structure was imaged by Schlieren photography, while quantitative Planar Laser Rayleigh Scatter imaging was used to measure instantaneous hydrogen mole fractions downstream of the Mach disk. | Limitations: Claim is a paper-level candidate localized to the canonical PDF; cross-paper adjudication and final evidence verification remain pending. | Phase 10 inventory-only reason: method_statement; original candidate is unchanged."
T2-B007-C02,B007,B-H2-02,tier2,B,"For the present study, downstream concentration statistics from an underexpanded hydrogen jet with a nominal 10:1 pressure ratio and 0.75 mm jet exit radius have been collected using Planar Laser Raleigh Scatter (PLRS) imaging.",author_interpretation,author_interpretation,underexpanded jet physics,LOC-B007-0002,PAR-B007-0003,,,,no,inventory_only_study_design_statement,"Evidence summary: For the present study, downstream concentration statistics from an underexpanded hydrogen jet with a nominal 10:1 pressure ratio and 0.75 mm jet exit radius have been collected using Planar Laser Raleigh Scatter (PLRS) imaging. | Limitations: Claim is a paper-level candidate localized to the canonical PDF; cross-paper adjudication and final evidence verification remain pending. | Phase 10 inventory-only reason: study_design_statement; original candidate is unchanged."
T2-B007-C03,B007,B-H2-02,tier2,B,"For releases where the storage pressure is above the critical ratio (w1.9 for hydrogen), however, the exit flow chokes and an underexpanded jet forms that is characterized by a complex shock structure and a non-uniform velocity distribution.",author_interpretation,author_interpretation,underexpanded jet physics,LOC-B007-0002,PAR-B007-0003,,,,yes,active_candidate,"Evidence summary: For releases where the storage pressure is above the critical ratio (w1.9 for hydrogen), however, the exit flow chokes and an underexpanded jet forms that is characterized by a complex shock structure and a non-uniform velocity distribution. | Limitations: Claim is a paper-level candidate localized to the canonical PDF; cross-paper adjudication and final evidence verification remain pending."
T2-B008-C01,B008,B-H2-03,tier2,B,"For the 75 MPa hydrogen-to-5 MPa nitrogen case, real-gas EoS changed computed nozzle-exit velocity and density by up to roughly 38% and 35%, and reduced mass flow by about 9–10% relative to the ideal-gas result.",simulation_resolved,reported result,Real-gas modelling requirement for high-pressure gas injection.,LOC-B008-0002,PAR-B008-0001;PAR-B008-0002;PAR-B008-0004;PAR-B008-0005,,PROC-B008-001,T2LINK-0045:B021:T1-B021-C01,yes,active_candidate,"Evidence summary: Table 3 directly compares ideal, van der Waals, and Redlich–Kwong exit properties. | Limitations: EoS comparison is numerical and tied to this high-pressure state/nozzle model."
T2-B008-C02,B008,B-H2-03,tier2,B,Real-gas modelling preserved the qualitative underexpanded-jet/Mach-disk structure but materially changed centerline thermodynamic and Mach-number profiles.,simulation_resolved,reported result,Model-form sensitivity of underexpanded-jet evidence.,LOC-B008-0003,PAR-B008-0003,,PROC-B008-001,,yes,active_candidate,Evidence summary: The conclusion reports smaller geometry changes than the substantial downstream profile differences. | Limitations: Axisymmetric RANS and classical cubic EoS choices.
T2-B012-C01,B012,B-H2-07,tier2,B,"Additionally, direct comparison was performed between the mixing characteristics and vortical structures of hydrogen and methane jets issued into a fixed volume air-filled ambient with P ∞ ≈ 10bar and T ∞ =600 K.",model_based,model_based,underexpanded jet physics,LOC-B012-0002,PAR-B012-0003,,,T2LINK-0011:B011:paper-level Tier 1 anchor,no,inventory_only_study_design_statement,"Evidence summary: Additionally, direct comparison was performed between the mixing characteristics and vortical structures of hydrogen and methane jets issued into a fixed volume air-filled ambient with P ∞ ≈ 10bar and T ∞ =600 K. | Limitations: Claim is a paper-level candidate localized to the canonical PDF; cross-paper adjudication and final evidence verification remain pending. | Phase 10 inventory-only reason: study_design_statement; original candidate is unchanged."
T2-B012-C02,B012,B-H2-07,tier2,B,The main conclusions of the present study can be summarised as follows: Fig.,author_interpretation,author_interpretation,underexpanded jet physics,LOC-B012-0002,PAR-B012-0003,,,,no,inventory_only_extraction_fragment,Evidence summary: The main conclusions of the present study can be summarised as follows: Fig. | Limitations: Claim is a paper-level candidate localized to the canonical PDF; cross-paper adjudication and final evidence verification remain pending. | Phase 10 inventory-only reason: extraction_fragment; original candidate is unchanged.
T2-B012-C03,B012,B-H2-07,tier2,B,"Initially, extensive validation studies of the computational framework was conducted on the basis of three different experimental and computational test cases available in the literature.",model_based,model_based,underexpanded jet physics,LOC-B012-0002,PAR-B012-0003,,,,no,inventory_only_method_validation_statement,"Evidence summary: Initially, extensive validation studies of the computational framework was conducted on the basis of three different experimental and computational test cases available in the literature. | Limitations: Claim is a paper-level candidate localized to the canonical PDF; cross-paper adjudication and final evidence verification remain pending. | Phase 10 inventory-only reason: method_validation_statement; original candidate is unchanged."
T2-B016-C01,B016,B-NG-01,tier2,B,The increase of Mach disk width promotes gas jet near-field cone angle which has positive effect on mixing effect.,author_interpretation,author_interpretation,underexpanded jet physics,LOC-B016-0002,PAR-B016-0003,,,T2LINK-0012:B029:paper-level Tier 1 anchor,yes,active_candidate,Evidence summary: The increase of Mach disk width promotes gas jet near-field cone angle which has positive effect on mixing effect. | Limitations: Claim is a paper-level candidate localized to the canonical PDF; cross-paper adjudication and final evidence verification remain pending.
T2-B016-C02,B016,B-NG-01,tier2,B,The main conclusions of this paper are summarized as follows: (1) Shock wave structure (Mach disk) is the main feature of high pressure gas jet.,author_interpretation,author_interpretation,underexpanded jet physics,LOC-B016-0002,PAR-B016-0003,,,,no,inventory_only_background_statement,Evidence summary: The main conclusions of this paper are summarized as follows: (1) Shock wave structure (Mach disk) is the main feature of high pressure gas jet. | Limitations: Claim is a paper-level candidate localized to the canonical PDF; cross-paper adjudication and final evidence verification remain pending. | Phase 10 inventory-only reason: background_statement; original candidate is unchanged.
T2-B016-C03,B016,B-NG-01,tier2,B,The effect of shock wave structure on gas injection process and jet structure are analyzed.,author_interpretation,author_interpretation,underexpanded jet physics,LOC-B016-0002,PAR-B016-0003,,,,no,inventory_only_study_scope_statement,Evidence summary: The effect of shock wave structure on gas injection process and jet structure are analyzed. | Limitations: Claim is a paper-level candidate localized to the canonical PDF; cross-paper adjudication and final evidence verification remain pending. | Phase 10 inventory-only reason: study_scope_statement; original candidate is unchanged.
T2-B017-C01,B017,B-NG-02,tier2,B,"Stage I is a dynamic stage: the methane penetration velocity declines sharply, and both the methane tip penetration and the jet cone cover area rise.",author_interpretation,author_interpretation,underexpanded jet physics,LOC-B017-0002,PAR-B017-0003,,,T2LINK-0013:B009:T1-B009-C01,yes,active_candidate,"Evidence summary: Stage I is a dynamic stage: the methane penetration velocity declines sharply, and both the methane tip penetration and the jet cone cover area rise. | Limitations: Claim is a paper-level candidate localized to the canonical PDF; cross-paper adjudication and final evidence verification remain pending."
T2-B017-C02,B017,B-NG-02,tier2,B,"Under condition of constant injection pressure and back pressure, as the injection time increases, the methane gas penetration speed first decreases and then maintains constant, which shows the methane gas jet penetration has a two-stage feature during the jet process.",author_interpretation,author_interpretation,underexpanded jet physics,LOC-B017-0002,PAR-B017-0003,,,,yes,active_candidate,"Evidence summary: Under condition of constant injection pressure and back pressure, as the injection time increases, the methane gas penetration speed first decreases and then maintains constant, which shows the methane gas jet penetration has a two-stage feature during the jet process. | Limitations: Claim is a paper-level candidate localized to the canonical PDF; cross-paper adjudication and final evidence verification remain pending."
T2-B017-C03,B017,B-NG-02,tier2,B,"When the injection pressure increases, the jet parameters such as the methane jet tip penetration, the jet cone cover area and the penetration speed increase.",author_interpretation,author_interpretation,underexpanded jet physics,LOC-B017-0003,PAR-B017-0003,,,,yes,active_candidate,"Evidence summary: When the injection pressure increases, the jet parameters such as the methane jet tip penetration, the jet cone cover area and the penetration speed increase. | Limitations: Claim is a paper-level candidate localized to the canonical PDF; cross-paper adjudication and final evidence verification remain pending."
T2-B019-C01,B019,B-NG-04,tier2,B,A varying degree of agreement was observed for the jet penetration length.,simulation_resolved,simulation_resolved,underexpanded jet physics,LOC-B019-0002,PAR-B019-0003,,,T2LINK-0014:B004:T1-B004-C01,no,inventory_only_insufficient_claim_content,Evidence summary: A varying degree of agreement was observed for the jet penetration length. | Limitations: Claim is a paper-level candidate localized to the canonical PDF; cross-paper adjudication and final evidence verification remain pending. | Phase 10 inventory-only reason: insufficient_claim_content; original candidate is unchanged.
T2-B019-C02,B019,B-NG-04,tier2,B,This observation was consistent with previous studies of under-expanded jets.,model_based,model_based,underexpanded jet physics,LOC-B019-0003,PAR-B019-0003,,,,no,inventory_only_insufficient_claim_content,Evidence summary: This observation was consistent with previous studies of under-expanded jets. | Limitations: Claim is a paper-level candidate localized to the canonical PDF; cross-paper adjudication and final evidence verification remain pending. | Phase 10 inventory-only reason: insufficient_claim_content; original candidate is unchanged.
T2-B019-C03,B019,B-NG-04,tier2,B,Downstream of this region is a “ far-mixing ” zone with a strong mixing occurring outside the jet.,model_based,model_based,underexpanded jet physics,LOC-B019-0003,PAR-B019-0003,,,,yes,active_candidate,Evidence summary: Downstream of this region is a “ far-mixing ” zone with a strong mixing occurring outside the jet. | Limitations: Claim is a paper-level candidate localized to the canonical PDF; cross-paper adjudication and final evidence verification remain pending.
T2-B023-C01,B023,B-E-03,tier2,B,"In the present paper, the suitability of a pressure-based PIMPLE-solver for large-eddy simulation of non-reactive, under-expanded, highly turbulent H 2 jets for engine applications has been investigated for the first time.",model_based,model_based,underexpanded jet physics,LOC-B023-0002,PAR-B023-0003,,,T2LINK-0015:B009:T1-B009-C01,no,inventory_only_method_scope_statement,"Evidence summary: In the present paper, the suitability of a pressure-based PIMPLE-solver for large-eddy simulation of non-reactive, under-expanded, highly turbulent H 2 jets for engine applications has been investigated for the first time. | Limitations: Claim is a paper-level candidate localized to the canonical PDF; cross-paper adjudication and final evidence verification remain pending. | Phase 10 inventory-only reason: method_scope_statement; original candidate is unchanged."
T2-B023-C02,B023,B-E-03,tier2,B,"To this end, it is shown that the use of under-relaxation factors improves the shock resolution, especially when oscillatory high-order interpolation schemes are employed.",model_based,model_based,underexpanded jet physics,LOC-B023-0002,PAR-B023-0003,,,,no,inventory_only_method_detail_statement,"Evidence summary: To this end, it is shown that the use of under-relaxation factors improves the shock resolution, especially when oscillatory high-order interpolation schemes are employed. | Limitations: Claim is a paper-level candidate localized to the canonical PDF; cross-paper adjudication and final evidence verification remain pending. | Phase 10 inventory-only reason: method_detail_statement; original candidate is unchanged."
T2-B023-C03,B023,B-E-03,tier2,B,Different LES models and numerical schemes have then been assessed.,model_based,model_based,underexpanded jet physics,LOC-B023-0002,PAR-B023-0003,,,,no,inventory_only_method_scope_statement,Evidence summary: Different LES models and numerical schemes have then been assessed. | Limitations: Claim is a paper-level candidate localized to the canonical PDF; cross-paper adjudication and final evidence verification remain pending. | Phase 10 inventory-only reason: method_scope_statement; original candidate is unchanged.
T2-B024-C01,B024,B-E-04,tier2,B,The investigation was centred on the effect of above parameters on: - jet axial penetration; - development of jet area; - the impact of jet axial development to the jet area; - the shock waves transient.,author_interpretation,author_interpretation,underexpanded jet physics,LOC-B024-0002,PAR-B024-0003,,,T2LINK-0016:B028:T1-B028-C01,no,inventory_only_study_scope_statement,Evidence summary: The investigation was centred on the effect of above parameters on: - jet axial penetration; - development of jet area; - the impact of jet axial development to the jet area; - the shock waves transient. | Limitations: Claim is a paper-level candidate localized to the canonical PDF; cross-paper adjudication and final evidence verification remain pending. | Phase 10 inventory-only reason: study_scope_statement; original candidate is unchanged.
T2-B024-C02,B024,B-E-04,tier2,B,This phenomenon is believed to affect the jet axial penetration only at increasing PRs.,author_interpretation,author_interpretation,underexpanded jet physics,LOC-B024-0002,PAR-B024-0003,,,,yes,active_candidate,Evidence summary: This phenomenon is believed to affect the jet axial penetration only at increasing PRs. | Limitations: Claim is a paper-level candidate localized to the canonical PDF; cross-paper adjudication and final evidence verification remain pending.
T2-B024-C03,B024,B-E-04,tier2,B,"These outcomes may be due to the rarefaction wave, whose boosting action on the gas momentum dictates the shock wave-related phenomena and the jet morphology. - Higher PRs accentuate the pressure gradient perpendicular to the gas flow along the needle surface.",author_interpretation,author_interpretation,underexpanded jet physics,LOC-B024-0002,PAR-B024-0003,,,,yes,active_candidate,"Evidence summary: These outcomes may be due to the rarefaction wave, whose boosting action on the gas momentum dictates the shock wave-related phenomena and the jet morphology. - Higher PRs accentuate the pressure gradient perpendicular to the gas flow along the needle surface. | Limitations: Claim is a paper-level candidate localized to the canonical PDF; cross-paper adjudication and final evidence verification remain pending."
T2-B030-C01,B030,B-E-10,tier2,B,(4) The shock wave topology of extremely under-expanded jet is fundamentally dictated by the pressure ratio.,author_interpretation,author_interpretation,underexpanded jet physics,LOC-B030-0002,PAR-B030-0003,,,T2LINK-0017:B029:paper-level Tier 1 anchor,yes,active_candidate,Evidence summary: (4) The shock wave topology of extremely under-expanded jet is fundamentally dictated by the pressure ratio. | Limitations: Claim is a paper-level candidate localized to the canonical PDF; cross-paper adjudication and final evidence verification remain pending.
T2-B030-C02,B030,B-E-10,tier2,B,"As the pressure ratio increases, the shock structure transitions from a series of shock cells featuring Mach reflection to a single, massive Mach disk.",author_interpretation,author_interpretation,underexpanded jet physics,LOC-B030-0002,PAR-B030-0003,,,,yes,active_candidate,"Evidence summary: As the pressure ratio increases, the shock structure transitions from a series of shock cells featuring Mach reflection to a single, massive Mach disk. | Limitations: Claim is a paper-level candidate localized to the canonical PDF; cross-paper adjudication and final evidence verification remain pending."
T2-B030-C03,B030,B-E-10,tier2,B,"(2) Based on the schlieren imaging system, the evolution character - istics of highly under-expanded hydrogen jet was clarified.",author_interpretation,author_interpretation,underexpanded jet physics,LOC-B030-0002,PAR-B030-0003,,,,no,inventory_only_study_scope_statement,"Evidence summary: (2) Based on the schlieren imaging system, the evolution character - istics of highly under-expanded hydrogen jet was clarified. | Limitations: Claim is a paper-level candidate localized to the canonical PDF; cross-paper adjudication and final evidence verification remain pending. | Phase 10 inventory-only reason: study_scope_statement; original candidate is unchanged."
T2-C001-C01,C001,C-F-01,tier2,C,"The general eﬀect is planar or centripetal squeeze (deformation), depending on the geometry of the obstacle and the magnitude of We.",author_interpretation,author_interpretation,droplet breakup,LOC-C001-0002,PAR-C001-0003,,,T2LINK-0018:C031:paper-level Tier 1 anchor,yes,active_candidate,"Evidence summary: The general eﬀect is planar or centripetal squeeze (deformation), depending on the geometry of the obstacle and the magnitude of We. | Limitations: Claim is a paper-level candidate localized to the canonical PDF; cross-paper adjudication and final evidence verification remain pending."
T2-C001-C02,C001,C-F-01,tier2,C,"More specifically, the conclusions can be listed as follows.",author_interpretation,author_interpretation,droplet breakup,LOC-C001-0003,PAR-C001-0003,,,,no,inventory_only_extraction_fragment,"Evidence summary: More specifically, the conclusions can be listed as follows. | Limitations: Claim is a paper-level candidate localized to the canonical PDF; cross-paper adjudication and final evidence verification remain pending. | Phase 10 inventory-only reason: extraction_fragment; original candidate is unchanged."
T2-C001-C03,C001,C-F-01,tier2,C,"Breakup in sheltered supersonic flow conditions is orderly, with intricate interfacial and topological-change patterns that are reproducible in fine detail.",author_interpretation,author_interpretation,droplet breakup,LOC-C001-0003,PAR-C001-0003,,,,yes,active_candidate,"Evidence summary: Breakup in sheltered supersonic flow conditions is orderly, with intricate interfacial and topological-change patterns that are reproducible in fine detail. | Limitations: Claim is a paper-level candidate localized to the canonical PDF; cross-paper adjudication and final evidence verification remain pending."
T2-C002-C01,C002,C-F-02,tier2,C,"This progression is known to be marked by transitions in morphology, the so-called breakup regimes, and correspondingly by criticalWeber numbers that are intended to quantify the onsets of these transitions.",author_interpretation,author_interpretation,droplet breakup,LOC-C002-0001,PAR-C002-0003,,,T2LINK-0019:C007:T1-C007-C01,yes,active_candidate,"Evidence summary: This progression is known to be marked by transitions in morphology, the so-called breakup regimes, and correspondingly by criticalWeber numbers that are intended to quantify the onsets of these transitions. | Limitations: Claim is a paper-level candidate localized to the canonical PDF; cross-paper adjudication and final evidence verification remain pending."
T2-C002-C02,C002,C-F-02,tier2,C,"As is usual, our Weber Wenumber is based on drop diameter d, free-stream gas density gand speed u, and interfacial tension coefficient : We= gu2d / .",author_interpretation,author_interpretation,droplet breakup,LOC-C002-0001,PAR-C002-0003,,,,yes,active_candidate,"Evidence summary: As is usual, our Weber Wenumber is based on drop diameter d, free-stream gas density gand speed u, and interfacial tension coefficient : We= gu2d / . | Limitations: Claim is a paper-level candidate localized to the canonical PDF; cross-paper adjudication and final evidence verification remain pending."
T2-C002-C03,C002,C-F-02,tier2,C,"The regimes of aerobreakup are important not only in that they embody the governing physics but also in that they define the quantitative features of the resulting particle cloud dimensions, effective density, size distribution and, thus, its dispersal and/or mixing characteristics.",author_interpretation,author_interpretation,droplet breakup,LOC-C002-0001,PAR-C002-0003,,,,yes,active_candidate,"Evidence summary: The regimes of aerobreakup are important not only in that they embody the governing physics but also in that they define the quantitative features of the resulting particle cloud dimensions, effective density, size distribution and, thus, its dispersal and/or mixing characteristics. | Limitations: Claim is a paper-level candidate localized to the canonical PDF; cross-paper adjudication and final evidence verification remain pending."
T2-C006-C01,C006,C-F-06,tier2,C,"By comparison, past models have only been able to validate against very limited deformation data in the initiation phase, child droplet sizes and/or breakup morphology transitions with no comparison to the intermediate stages.",author_interpretation,author_interpretation,droplet breakup,LOC-C006-0002,PAR-C006-0003,,,T2LINK-0020:C025:T1-C025-C01,yes,active_candidate,"Evidence summary: By comparison, past models have only been able to validate against very limited deformation data in the initiation phase, child droplet sizes and/or breakup morphology transitions with no comparison to the intermediate stages. | Limitations: Claim is a paper-level candidate localized to the canonical PDF; cross-paper adjudication and final evidence verification remain pending."
T2-C006-C02,C006,C-F-06,tier2,C,"2009), are able to predict only the breakup morphology and have not been shown to be able to predict the child droplet sizes from breakup; a prediction of significant practical interest.",author_interpretation,author_interpretation,droplet breakup,LOC-C006-0003,PAR-C006-0003,,,,yes,active_candidate,"Evidence summary: 2009), are able to predict only the breakup morphology and have not been shown to be able to predict the child droplet sizes from breakup; a prediction of significant practical interest. | Limitations: Claim is a paper-level candidate localized to the canonical PDF; cross-paper adjudication and final evidence verification remain pending."
T2-C006-C03,C006,C-F-06,tier2,C,"Although there have been many attempts to model the breakup of droplets, no analytical model has been developed which describes and predicts both the breakup morphology and the child droplet sizes for a wide range of conditions.",experimental_correlation,experimental_correlation,droplet breakup,LOC-C006-0003,PAR-C006-0003,,,,yes,active_candidate,"Evidence summary: Although there have been many attempts to model the breakup of droplets, no analytical model has been developed which describes and predicts both the breakup morphology and the child droplet sizes for a wide range of conditions. | Limitations: Claim is a paper-level candidate localized to the canonical PDF; cross-paper adjudication and final evidence verification remain pending."
T2-C010-C01,C010,C-SD-03,tier2,C,"RT instability waves on the upstream side of the droplet are noticeably absent, providing support for SIE as the terminal breakup regime.",model_based,model_based,droplet breakup,LOC-C010-0002,PAR-C010-0003,,,T2LINK-0021:C014:paper-level Tier 1 anchor,yes,active_candidate,"Evidence summary: RT instability waves on the upstream side of the droplet are noticeably absent, providing support for SIE as the terminal breakup regime. | Limitations: Claim is a paper-level candidate localized to the canonical PDF; cross-paper adjudication and final evidence verification remain pending."
T2-C010-C02,C010,C-SD-03,tier2,C,"In this paper, we have presented the first detailed description of the underlying flow physics associated with droplet deformation during stripping aerobreakup.",model_based,model_based,droplet breakup,LOC-C010-0002,PAR-C010-0003,,,,no,inventory_only_study_scope_statement,"Evidence summary: In this paper, we have presented the first detailed description of the underlying flow physics associated with droplet deformation during stripping aerobreakup. | Limitations: Claim is a paper-level candidate localized to the canonical PDF; cross-paper adjudication and final evidence verification remain pending. | Phase 10 inventory-only reason: study_scope_statement; original candidate is unchanged."
T2-C010-C03,C010,C-SD-03,tier2,C,"Good qualitative agreement is found in terms of the droplet’s initial deformation into a muffin-like shape, followed by the disintegration of a liquid sheet that envelops a cavity in the near-field wake region.",model_based,model_based,droplet breakup,LOC-C010-0002,PAR-C010-0003,,,,yes,active_candidate,"Evidence summary: Good qualitative agreement is found in terms of the droplet’s initial deformation into a muffin-like shape, followed by the disintegration of a liquid sheet that envelops a cavity in the near-field wake region. | Limitations: Claim is a paper-level candidate localized to the canonical PDF; cross-paper adjudication and final evidence verification remain pending."
T2-C015-C01,C015,C-SD-08,tier2,C,Experimental and numerical study of the behavior of water drops in a flow behind incident shock wave at Weber number We = 208–2260 was carried out to verify the mathematical model of process and obtain new data based on two approaches.,author_interpretation,author_interpretation,droplet breakup,LOC-C015-0002,PAR-C015-0003;PAR-C015-0004,,,T2LINK-0022:C019:T1-C019-C01,no,inventory_only_study_scope_statement,Evidence summary: Experimental and numerical study of the behavior of water drops in a flow behind incident shock wave at Weber number We = 208–2260 was carried out to verify the mathematical model of process and obtain new data based on two approaches. | Limitations: Claim is a paper-level candidate localized to the canonical PDF; cross-paper adjudication and final evidence verification remain pending. | Phase 10 inventory-only reason: study_scope_statement; original candidate is unchanged.
T2-C015-C02,C015,C-SD-08,tier2,C,"In regime with a Weber number We ≥ 20 0 0, in addition to these centers of liquid disruption, calculations show for the first time the presence of a spray in front of the windward surface of drop, which indicates development of small waves here by the Kelvin-Helmholtz instability of shear flow in the conjugate boundary layer in drop - the “wave crest stripping"".",author_interpretation,author_interpretation,droplet breakup,LOC-C015-0002,PAR-C015-0003;PAR-C015-0004,,,,yes,active_candidate,"Evidence summary: In regime with a Weber number We ≥ 20 0 0, in addition to these centers of liquid disruption, calculations show for the first time the presence of a spray in front of the windward surface of drop, which indicates development of small waves here by the Kelvin-Helmholtz instability of shear flow in the conjugate boundary layer in drop - the “wave crest stripping"". | Limitations: Claim is a paper-level candidate localized to the canonical PDF; cross-paper adjudication and final evidence verification remain pending."
T2-C015-C03,C015,C-SD-08,tier2,C,Sharp crests of these waves are centers of erosion and sources of spray into the aerodynamic wake of drop at Weber number We > 200.,author_interpretation,author_interpretation,droplet breakup,LOC-C015-0002,PAR-C015-0003;PAR-C015-0004,,,,yes,active_candidate,Evidence summary: Sharp crests of these waves are centers of erosion and sources of spray into the aerodynamic wake of drop at Weber number We > 200. | Limitations: Claim is a paper-level candidate localized to the canonical PDF; cross-paper adjudication and final evidence verification remain pending.
T2-C017-C01,C017,C-SD-10,tier2,C,"Curiously enough, the question whether the shock wave itself may have any effect on the deformation and breakup process has not received much attention.",author_interpretation,author_interpretation,droplet breakup,LOC-C017-0002,PAR-C017-0003,,,T2LINK-0023:C018:T1-C018-C01,no,inventory_only_background_question,"Evidence summary: Curiously enough, the question whether the shock wave itself may have any effect on the deformation and breakup process has not received much attention. | Limitations: Claim is a paper-level candidate localized to the canonical PDF; cross-paper adjudication and final evidence verification remain pending. | Phase 10 inventory-only reason: background_question; original candidate is unchanged."
T2-C017-C02,C017,C-SD-10,tier2,C,"While it is tempting to conclude from the above that the shock wave has no direct effect on droplet evolution, a closer consideration of the matter shows that the answer is not that straightforward.",model_based,model_based,droplet breakup,LOC-C017-0002,PAR-C017-0003,,,,yes,active_candidate,"Evidence summary: While it is tempting to conclude from the above that the shock wave has no direct effect on droplet evolution, a closer consideration of the matter shows that the answer is not that straightforward. | Limitations: Claim is a paper-level candidate localized to the canonical PDF; cross-paper adjudication and final evidence verification remain pending."
T2-C017-C03,C017,C-SD-10,tier2,C,We consider the particular instance of a planar air shock impinging on a spherical water droplet and discuss to what extent this interaction can lead to the inception of cavitation inside the droplet.,author_interpretation,author_interpretation,droplet breakup,LOC-C017-0002,PAR-C017-0003,,,,no,inventory_only_study_scope_statement,Evidence summary: We consider the particular instance of a planar air shock impinging on a spherical water droplet and discuss to what extent this interaction can lead to the inception of cavitation inside the droplet. | Limitations: Claim is a paper-level candidate localized to the canonical PDF; cross-paper adjudication and final evidence verification remain pending. | Phase 10 inventory-only reason: study_scope_statement; original candidate is unchanged.
T2-C020-C01,C020,C-SD-13,tier2,C,"This deformation has been successfully predicted using the Taylor Analogy Breakup (TAB) model (O’Rourke and Amsden, 1986), which treats the droplet as a spring, mass, and damper system.",author_interpretation,author_interpretation,droplet breakup,LOC-C020-0002,PAR-C020-0003;PAR-C020-0004,,,T2LINK-0024:C025:T1-C025-C01,yes,active_candidate,"Evidence summary: This deformation has been successfully predicted using the Taylor Analogy Breakup (TAB) model (O’Rourke and Amsden, 1986), which treats the droplet as a spring, mass, and damper system. | Limitations: Claim is a paper-level candidate localized to the canonical PDF; cross-paper adjudication and final evidence verification remain pending."
T2-C020-C02,C020,C-SD-13,tier2,C,RT breakup occurs when the perturbations grow to a sufficient height to pierce the droplet interface.,author_interpretation,author_interpretation,droplet breakup,LOC-C020-0002,PAR-C020-0003;PAR-C020-0004,,,,yes,active_candidate,Evidence summary: RT breakup occurs when the perturbations grow to a sufficient height to pierce the droplet interface. | Limitations: Claim is a paper-level candidate localized to the canonical PDF; cross-paper adjudication and final evidence verification remain pending.
T2-C020-C03,C020,C-SD-13,tier2,C,"The thickness of the droplet in the axial direction 𝛿 is reduced by large-scale droplet deformation, which acts to deform the droplet into an oblate spheroid.",author_interpretation,author_interpretation,droplet breakup,LOC-C020-0002,PAR-C020-0003;PAR-C020-0004,,,,yes,active_candidate,"Evidence summary: The thickness of the droplet in the axial direction 𝛿 is reduced by large-scale droplet deformation, which acts to deform the droplet into an oblate spheroid. | Limitations: Claim is a paper-level candidate localized to the canonical PDF; cross-paper adjudication and final evidence verification remain pending."
T2-C022-C01,C022,C-ST-02,tier2,C,"To investigate the spatial and droplet size distributions of the liquidmist field, droplet breakup experiments were carried out on a horizontal shock tube.",author_interpretation,author_interpretation,droplet breakup,LOC-C022-0002,PAR-C022-0003,,,T2LINK-0025:C014:paper-level Tier 1 anchor,no,inventory_only_study_scope_statement,"Evidence summary: To investigate the spatial and droplet size distributions of the liquidmist field, droplet breakup experiments were carried out on a horizontal shock tube. | Limitations: Claim is a paper-level candidate localized to the canonical PDF; cross-paper adjudication and final evidence verification remain pending. | Phase 10 inventory-only reason: study_scope_statement; original candidate is unchanged."
T2-C022-C02,C022,C-ST-02,tier2,C,"Results showed that: The holographic image was captured with a high spatial resolution, 2.4 μ m/pixel.",direct_observation,direct_observation,droplet breakup,LOC-C022-0002,PAR-C022-0003,,,,no,inventory_only_method_detail_statement,"Evidence summary: Results showed that: The holographic image was captured with a high spatial resolution, 2.4 μ m/pixel. | Limitations: Claim is a paper-level candidate localized to the canonical PDF; cross-paper adjudication and final evidence verification remain pending. | Phase 10 inventory-only reason: method_detail_statement; original candidate is unchanged."
T2-C022-C03,C022,C-ST-02,tier2,C,"This is because the broken droplets were experiencing an acceleration motion, and the son-droplet spacing would increase with time.",author_interpretation,author_interpretation,droplet breakup,LOC-C022-0002,PAR-C022-0003,,,,yes,active_candidate,"Evidence summary: This is because the broken droplets were experiencing an acceleration motion, and the son-droplet spacing would increase with time. | Limitations: Claim is a paper-level candidate localized to the canonical PDF; cross-paper adjudication and final evidence verification remain pending."
T2-C023-C01,C023,C-ST-03,tier2,C,"The current study is mainly motivated by an interest in liquid-fueled detonation engines, including rotating detonation engines (RDEs), 14,15 pulse detonation engines (PDEs),16,17 and oblique detonation engines (ODEs),18,19 where the fuel droplet interacts with a shock wave and undergoes deformation, breakup, atomization, and vaporization before it mixes with air and subsequently enhances the detonation and deflagration.",model_based,model_based,droplet breakup,LOC-C023-0002,PAR-C023-0003,,,T2LINK-0026:C018:T1-C018-C01,no,inventory_only_background_statement,"Evidence summary: The current study is mainly motivated by an interest in liquid-fueled detonation engines, including rotating detonation engines (RDEs), 14,15 pulse detonation engines (PDEs),16,17 and oblique detonation engines (ODEs),18,19 where the fuel droplet interacts with a shock wave and undergoes deformation, breakup, atomization, and vaporization before it mixes with air and subsequently enhances the detonation and deflagration. | Limitations: Claim is a paper-level candidate localized to the canonical PDF; cross-paper adjudication and final evidence verification remain pending. | Phase 10 inventory-only reason: background_statement; original candidate is unchanged."
T2-C023-C02,C023,C-ST-03,tier2,C,"According to previous research, the onset of droplet breakup is usually determined by the Weber numberWe.",model_based,model_based,droplet breakup,LOC-C023-0002,PAR-C023-0003,,,,yes,active_candidate,"Evidence summary: According to previous research, the onset of droplet breakup is usually determined by the Weber numberWe. | Limitations: Claim is a paper-level candidate localized to the canonical PDF; cross-paper adjudication and final evidence verification remain pending."
T2-C023-C03,C023,C-ST-03,tier2,C,"Moreover, both relaxation and breakup times are directly proportional to the initial droplet diameters but inversely proportional to the shock Mach numbers.",model_based,model_based,droplet breakup,LOC-C023-0002,PAR-C023-0003,,,,yes,active_candidate,"Evidence summary: Moreover, both relaxation and breakup times are directly proportional to the initial droplet diameters but inversely proportional to the shock Mach numbers. | Limitations: Claim is a paper-level candidate localized to the canonical PDF; cross-paper adjudication and final evidence verification remain pending."
T2-C026-C01,C026,C-ST-06,tier2,C,"Experiments were conducted to examine the deformation, acceleration, evaporation, and initiation of breakup for small droplets at high Weber numbers.",author_interpretation,author_interpretation,droplet breakup,LOC-C026-0002,PAR-C026-0003;PAR-C026-0004,,,T2LINK-0027:C024:T1-C024-C01,no,inventory_only_study_scope_statement,"Evidence summary: Experiments were conducted to examine the deformation, acceleration, evaporation, and initiation of breakup for small droplets at high Weber numbers. | Limitations: Claim is a paper-level candidate localized to the canonical PDF; cross-paper adjudication and final evidence verification remain pending. | Phase 10 inventory-only reason: study_scope_statement; original candidate is unchanged."
T2-C026-C02,C026,C-ST-06,tier2,C,Evaporation effects were found to be negligible for the deformation process of droplets over 100 μm .,direct_observation,direct_observation,droplet breakup,LOC-C026-0002,PAR-C026-0003;PAR-C026-0004,,,,yes,active_candidate,Evidence summary: Evaporation effects were found to be negligible for the deformation process of droplets over 100 μm . | Limitations: Claim is a paper-level candidate localized to the canonical PDF; cross-paper adjudication and final evidence verification remain pending.
T2-C026-C03,C026,C-ST-06,tier2,C,"The effects of shock strength, droplet size, and evaporation were examined using experiments at similar Weber numbers using various parameter combinations.",author_interpretation,author_interpretation,droplet breakup,LOC-C026-0002,PAR-C026-0003;PAR-C026-0004,,,,no,inventory_only_study_scope_statement,"Evidence summary: The effects of shock strength, droplet size, and evaporation were examined using experiments at similar Weber numbers using various parameter combinations. | Limitations: Claim is a paper-level candidate localized to the canonical PDF; cross-paper adjudication and final evidence verification remain pending. | Phase 10 inventory-only reason: study_scope_statement; original candidate is unchanged."
T2-C030-C01,C030,C-PC-04,tier2,C,"The Weber and Stefan numbers, and the liquid-to-gas density ratio, are varied to systematically study the effect of vaporization on the drop deformation/breakup and drag.",model_based,model_based,droplet breakup,LOC-C030-0002,PAR-C030-0003,,,T2LINK-0028:C014:paper-level Tier 1 anchor,no,inventory_only_study_design_statement,"Evidence summary: The Weber and Stefan numbers, and the liquid-to-gas density ratio, are varied to systematically study the effect of vaporization on the drop deformation/breakup and drag. | Limitations: Claim is a paper-level candidate localized to the canonical PDF; cross-paper adjudication and final evidence verification remain pending. | Phase 10 inventory-only reason: study_design_statement; original candidate is unchanged."
T2-C030-C02,C030,C-PC-04,tier2,C,"For a wide range of liquid-to-density ratios, vaporization contributes to hindering the drop deformation , and if the Stefan number is sufficiently high, can suppress bag breakup.",author_interpretation,author_interpretation,droplet breakup,LOC-C030-0002,PAR-C030-0003,,,,yes,active_candidate,"Evidence summary: For a wide range of liquid-to-density ratios, vaporization contributes to hindering the drop deformation , and if the Stefan number is sufficiently high, can suppress bag breakup. | Limitations: Claim is a paper-level candidate localized to the canonical PDF; cross-paper adjudication and final evidence verification remain pending."
T2-C030-C03,C030,C-PC-04,tier2,C,"The asymmetric vaporization rates on the windward and leeward sides of the edge rim and the resulting different strength of Stefan flow cause the disk to deform in an opposite manner compared to the bag, which hinders the bag development and breakup.",model_based,model_based,droplet breakup,LOC-C030-0002,PAR-C030-0003,,,,yes,active_candidate,"Evidence summary: The asymmetric vaporization rates on the windward and leeward sides of the edge rim and the resulting different strength of Stefan flow cause the disk to deform in an opposite manner compared to the bag, which hinders the bag development and breakup. | Limitations: Claim is a paper-level candidate localized to the canonical PDF; cross-paper adjudication and final evidence verification remain pending."
T2-C033-C01,C033,C-MD-01,tier2,C,"The attenuation was found to be dependent on the volume fraction ad, the droplet dimension /d, the exchange surface area Se, the Weber Number We, and the shock wave strength.",direct_observation,direct_observation,droplet breakup,LOC-C033-0002,PAR-C033-0003;PAR-C033-0004,,,T2LINK-0029:C007:T1-C007-C01,yes,active_candidate,"Evidence summary: The attenuation was found to be dependent on the volume fraction ad, the droplet dimension /d, the exchange surface area Se, the Weber Number We, and the shock wave strength. | Limitations: Claim is a paper-level candidate localized to the canonical PDF; cross-paper adjudication and final evidence verification remain pending."
T2-C033-C02,C033,C-MD-01,tier2,C,"The attenuation of the overpressure peak and the impulse, induced by a shock wave passing through the cloud of droplets, are also presented.",author_interpretation,author_interpretation,droplet breakup,LOC-C033-0002,PAR-C033-0003;PAR-C033-0004,,,,yes,active_candidate,"Evidence summary: The attenuation of the overpressure peak and the impulse, induced by a shock wave passing through the cloud of droplets, are also presented. | Limitations: Claim is a paper-level candidate localized to the canonical PDF; cross-paper adjudication and final evidence verification remain pending."
T2-C033-C03,C033,C-MD-01,tier2,C,"Finally, it was observed that the shock wave attenuation was dependent on the exchange surface crossed by the shock combined with the breakup criterion.",direct_observation,direct_observation,droplet breakup,LOC-C033-0002,PAR-C033-0003;PAR-C033-0004,,,,yes,active_candidate,"Evidence summary: Finally, it was observed that the shock wave attenuation was dependent on the exchange surface crossed by the shock combined with the breakup criterion. | Limitations: Claim is a paper-level candidate localized to the canonical PDF; cross-paper adjudication and final evidence verification remain pending."
T2-C034-C01,C034,C-MD-02,tier2,C,"When the fragmentation of the droplets is not considered, the pressure induced by the transmitted shock wave was found to be overestimated.",experimental_correlation,experimental_correlation,droplet breakup,LOC-C034-0002,PAR-C034-0003;PAR-C034-0004,,,T2LINK-0030:C016:paper-level Tier 1 anchor,yes,active_candidate,"Evidence summary: When the fragmentation of the droplets is not considered, the pressure induced by the transmitted shock wave was found to be overestimated. | Limitations: Claim is a paper-level candidate localized to the canonical PDF; cross-paper adjudication and final evidence verification remain pending."
T2-C034-C02,C034,C-MD-02,tier2,C,"Indeed, it is able to reproduce the characteristic transient pressure observed experimentally during the interaction between a planar shock wave and a dilute cloud of droplets, which is undergoing the process of atomization.",experimental_correlation,experimental_correlation,droplet breakup,LOC-C034-0002,PAR-C034-0003;PAR-C034-0004,,,,yes,active_candidate,"Evidence summary: Indeed, it is able to reproduce the characteristic transient pressure observed experimentally during the interaction between a planar shock wave and a dilute cloud of droplets, which is undergoing the process of atomization. | Limitations: Claim is a paper-level candidate localized to the canonical PDF; cross-paper adjudication and final evidence verification remain pending."
T2-C034-C03,C034,C-MD-02,tier2,C,It is based on the assumption of linear variation of the droplet diameter (L VDD model).,author_interpretation,author_interpretation,droplet breakup,LOC-C034-0002,PAR-C034-0003;PAR-C034-0004,,,,no,inventory_only_model_definition_only,Evidence summary: It is based on the assumption of linear variation of the droplet diameter (L VDD model). | Limitations: Claim is a paper-level candidate localized to the canonical PDF; cross-paper adjudication and final evidence verification remain pending. | Phase 10 inventory-only reason: model_definition_only; original candidate is unchanged.
T2-C036-C01,C036,C-MD-04,tier2,C,"At low Weber number, decreasing parallel-droplet spacing shifted breakup from bag toward trailing and shuttlecock modes through a spacing-dependent reversal of post-flattening bending.",experimental_correlation,reported result,Parallel-droplet spacing effect at low Weber number.,LOC-C036-0003,PAR-C036-0004;PAR-C036-0005;PAR-C036-0006,,PROC-C036-001;PROC-C036-002,,yes,active_candidate,Evidence summary: High-speed images and potential-flow pressure distributions support the mode boundary near L/D of order 2 for the tested geometry. | Limitations: The theoretical analogue is two-dimensional cylinders; spherical-droplet boundary may shift.
T2-C036-C02,C036,C-MD-04,tier2,C,"At higher Weber number, sufficiently small spacing promoted rapid equatorial filament formation and closure of the channel between adjacent droplets, producing a closed breakup mode.",direct_observation,reported result,Collective breakup topology under shock-driven flow.,LOC-C036-0004,PAR-C036-0003;PAR-C036-0004;PAR-C036-0005;PAR-C036-0006,,PROC-C036-002,T2LINK-0046:D019:T1-D019-C03,yes,active_candidate,Evidence summary: High-speed imaging distinguishes open and closed modes; smaller gaps close earlier and can reopen repeatedly. | Limitations: Finite experimental parameter space and generated-droplet alignment variability.
T2-D002-C01,D002,D-IC-02,tier2,D,"The following conclusions could be drawn: (1) To predict the generation of shock waves, instead of the spray velocity at the spray tip, the velocity at the nozzle exit should be employed.",author_interpretation,author_interpretation,RDE/detonation application,LOC-D002-0002,PAR-D002-0003,,,T2LINK-0031:D009:paper-level Tier 1 anchor,yes,active_candidate,"Evidence summary: The following conclusions could be drawn: (1) To predict the generation of shock waves, instead of the spray velocity at the spray tip, the velocity at the nozzle exit should be employed. | Limitations: Claim is a paper-level candidate localized to the canonical PDF; cross-paper adjudication and final evidence verification remain pending."
T2-D002-C02,D002,D-IC-02,tier2,D,"Furthermore, the spray boundary condition in the shock-wave state was acquired.",author_interpretation,author_interpretation,RDE/detonation application,LOC-D002-0002,PAR-D002-0003,,,,no,inventory_only_insufficient_claim_content,"Evidence summary: Furthermore, the spray boundary condition in the shock-wave state was acquired. | Limitations: Claim is a paper-level candidate localized to the canonical PDF; cross-paper adjudication and final evidence verification remain pending. | Phase 10 inventory-only reason: insufficient_claim_content; original candidate is unchanged."
T2-D002-C03,D002,D-IC-02,tier2,D,(2) The fuel spray characteristics between the shock-wave state and non-shock-wave state sprays are found to be of great difference.,author_interpretation,author_interpretation,RDE/detonation application,LOC-D002-0002,PAR-D002-0003,,,,yes,active_candidate,Evidence summary: (2) The fuel spray characteristics between the shock-wave state and non-shock-wave state sprays are found to be of great difference. | Limitations: Claim is a paper-level candidate localized to the canonical PDF; cross-paper adjudication and final evidence verification remain pending.
T2-D005-C01,D005,D-IC-05,tier2,D,Shock-wave generation during fuel injection could increase the spray penetration and reduce the spray angle.,author_interpretation,author_interpretation,RDE/detonation application,LOC-D005-0002,PAR-D005-0003,,,T2LINK-0032:D003:paper-level Tier 1 anchor,yes,active_candidate,Evidence summary: Shock-wave generation during fuel injection could increase the spray penetration and reduce the spray angle. | Limitations: Claim is a paper-level candidate localized to the canonical PDF; cross-paper adjudication and final evidence verification remain pending.
T2-D005-C02,D005,D-IC-05,tier2,D,"Multiple shock waves are generated during the fuel injection, and they most likely occur from the nozzle exit where the spray has the highest local velocity.",author_interpretation,author_interpretation,RDE/detonation application,LOC-D005-0002,PAR-D005-0003,,,,yes,active_candidate,"Evidence summary: Multiple shock waves are generated during the fuel injection, and they most likely occur from the nozzle exit where the spray has the highest local velocity. | Limitations: Claim is a paper-level candidate localized to the canonical PDF; cross-paper adjudication and final evidence verification remain pending."
T2-D005-C03,D005,D-IC-05,tier2,D,"However, under a late injection timing, the supersonic part in the spray is short, and thus, significant changes in spray characteristics by the shock-wave generation is not expected.",author_interpretation,author_interpretation,RDE/detonation application,LOC-D005-0002,PAR-D005-0003,,,,yes,active_candidate,"Evidence summary: However, under a late injection timing, the supersonic part in the spray is short, and thus, significant changes in spray characteristics by the shock-wave generation is not expected. | Limitations: Claim is a paper-level candidate localized to the canonical PDF; cross-paper adjudication and final evidence verification remain pending."
T2-D007-C01,D007,D-RDE-02,tier2,D,"A fundamental investigation on the stability of kerosene/air two-phase rotating detonation, focusing on the self-sustained propagation and quenching, is performed based on the hybrid Eulerian-Lagrangian two-phase flow model with a simplified twostep reaction mechanism.",model_based,model_based,RDE/detonation application,LOC-D007-0002,PAR-D007-0003,,,T2LINK-0033:D009:paper-level Tier 1 anchor,no,inventory_only_study_scope_statement,"Evidence summary: A fundamental investigation on the stability of kerosene/air two-phase rotating detonation, focusing on the self-sustained propagation and quenching, is performed based on the hybrid Eulerian-Lagrangian two-phase flow model with a simplified twostep reaction mechanism. | Limitations: Claim is a paper-level candidate localized to the canonical PDF; cross-paper adjudication and final evidence verification remain pending. | Phase 10 inventory-only reason: study_scope_statement; original candidate is unchanged."
T2-D007-C02,D007,D-RDE-02,tier2,D,"The evaporation-dominated quenching generates from the inlet and propagates to the outlet, and this is from the limited droplet evaporation rates in the flows with high total pressure or low total temperature.",model_based,model_based,RDE/detonation application,LOC-D007-0002,PAR-D007-0003,,,,yes,active_candidate,"Evidence summary: The evaporation-dominated quenching generates from the inlet and propagates to the outlet, and this is from the limited droplet evaporation rates in the flows with high total pressure or low total temperature. | Limitations: Claim is a paper-level candidate localized to the canonical PDF; cross-paper adjudication and final evidence verification remain pending."
T2-D007-C03,D007,D-RDE-02,tier2,D,The total pressure and total temperature are varied according to different flight Mach numbers and flight altitudes to investigate the influence of these parameters on the rotating detonation features from the perspective of optimizing the RDC stability and the performance.,model_based,model_based,RDE/detonation application,LOC-D007-0002,PAR-D007-0003,,,,no,inventory_only_study_design_statement,Evidence summary: The total pressure and total temperature are varied according to different flight Mach numbers and flight altitudes to investigate the influence of these parameters on the rotating detonation features from the perspective of optimizing the RDC stability and the performance. | Limitations: Claim is a paper-level candidate localized to the canonical PDF; cross-paper adjudication and final evidence verification remain pending. | Phase 10 inventory-only reason: study_design_statement; original candidate is unchanged.
T2-D010-C01,D010,D-RDE-05,tier2,D,The liquid properties show minimal variation in the azimuthal direction along the detonation wave.,model_based,model_based,RDE/detonation application,LOC-D010-0002,PAR-D010-0003;PAR-D010-0004,,,T2LINK-0034:D017:paper-level Tier 1 anchor,no,inventory_only_insufficient_claim_content,Evidence summary: The liquid properties show minimal variation in the azimuthal direction along the detonation wave. | Limitations: Claim is a paper-level candidate localized to the canonical PDF; cross-paper adjudication and final evidence verification remain pending. | Phase 10 inventory-only reason: insufficient_claim_content; original candidate is unchanged.
T2-D010-C02,D010,D-RDE-05,tier2,D,The time-scale of liquid vaporization compared to the detonation wave is larger: τdrop /τcycle ∼ 2 .,model_based,model_based,RDE/detonation application,LOC-D010-0002,PAR-D010-0003;PAR-D010-0004,,,,yes,active_candidate,Evidence summary: The time-scale of liquid vaporization compared to the detonation wave is larger: τdrop /τcycle ∼ 2 . | Limitations: Claim is a paper-level candidate localized to the canonical PDF; cross-paper adjudication and final evidence verification remain pending.
T2-D010-C03,D010,D-RDE-05,tier2,D,The 3D detonation wave is highly corrugated and extends in height at least up to z/H = 0 .,model_based,model_based,RDE/detonation application,LOC-D010-0002,PAR-D010-0003;PAR-D010-0004,,,,no,inventory_only_extraction_fragment,Evidence summary: The 3D detonation wave is highly corrugated and extends in height at least up to z/H = 0 . | Limitations: Claim is a paper-level candidate localized to the canonical PDF; cross-paper adjudication and final evidence verification remain pending. | Phase 10 inventory-only reason: extraction_fragment; original candidate is unchanged.
T2-D011-C01,D011,D-RDE-06,tier2,D,The hydrogen addition is implemented for combustion enhancement of the liquid kerosene and helps to ignite and achieve a selfsustained two-phase rotating detonation wave (RDW).,model_based,model_based,RDE/detonation application,LOC-D011-0001,PAR-D011-0003,,,T2LINK-0035:D017:paper-level Tier 1 anchor,yes,active_candidate,Evidence summary: The hydrogen addition is implemented for combustion enhancement of the liquid kerosene and helps to ignite and achieve a selfsustained two-phase rotating detonation wave (RDW). | Limitations: Claim is a paper-level candidate localized to the canonical PDF; cross-paper adjudication and final evidence verification remain pending.
T2-D011-C02,D011,D-RDE-06,tier2,D,"Results suggest that with smaller droplet sizes, the structure of the RDW is analogous to that of a gaseous RDW, and a comparison with experimental data suggests that the estimated detonation speed and thrust performance (fuel-based specific impulse) are within the reasonable ranges.",author_interpretation,author_interpretation,RDE/detonation application,LOC-D011-0001,PAR-D011-0003,,,,yes,active_candidate,"Evidence summary: Results suggest that with smaller droplet sizes, the structure of the RDW is analogous to that of a gaseous RDW, and a comparison with experimental data suggests that the estimated detonation speed and thrust performance (fuel-based specific impulse) are within the reasonable ranges. | Limitations: Claim is a paper-level candidate localized to the canonical PDF; cross-paper adjudication and final evidence verification remain pending."
T2-D011-C03,D011,D-RDE-06,tier2,D,The effects of droplet evaporation at various initial droplet sizes and kerosene mass flow rates on the structure and propagation of the two-phase RDW are analyzed.,model_based,model_based,RDE/detonation application,LOC-D011-0001,PAR-D011-0003,,,,no,inventory_only_study_scope_statement,Evidence summary: The effects of droplet evaporation at various initial droplet sizes and kerosene mass flow rates on the structure and propagation of the two-phase RDW are analyzed. | Limitations: Claim is a paper-level candidate localized to the canonical PDF; cross-paper adjudication and final evidence verification remain pending. | Phase 10 inventory-only reason: study_scope_statement; original candidate is unchanged.
T2-D013-C01,D013,D-RDE-08,tier2,D,"When the 20 μ m and 30 μ m droplets are adopted, the rotating detonation waves tend to be divided into two layers and form the λ -shaped shock structure.",model_based,model_based,RDE/detonation application,LOC-D013-0002,PAR-D013-0003,,,T2LINK-0036:D009:paper-level Tier 1 anchor,yes,active_candidate,"Evidence summary: When the 20 μ m and 30 μ m droplets are adopted, the rotating detonation waves tend to be divided into two layers and form the λ -shaped shock structure. | Limitations: Claim is a paper-level candidate localized to the canonical PDF; cross-paper adjudication and final evidence verification remain pending."
T2-D013-C02,D013,D-RDE-08,tier2,D,The rotating detonation wave is mainly propagating through two-phase mixtures.,model_based,model_based,RDE/detonation application,LOC-D013-0002,PAR-D013-0003,,,,no,inventory_only_insufficient_claim_content,Evidence summary: The rotating detonation wave is mainly propagating through two-phase mixtures. | Limitations: Claim is a paper-level candidate localized to the canonical PDF; cross-paper adjudication and final evidence verification remain pending. | Phase 10 inventory-only reason: insufficient_claim_content; original candidate is unchanged.
T2-D013-C03,D013,D-RDE-08,tier2,D,"When 5 μ m and 10 μ m droplets are adopted, the RDE behaves like gaseous rotating detonations with clear cellular structures.",model_based,model_based,RDE/detonation application,LOC-D013-0002,PAR-D013-0003,,,,yes,active_candidate,"Evidence summary: When 5 μ m and 10 μ m droplets are adopted, the RDE behaves like gaseous rotating detonations with clear cellular structures. | Limitations: Claim is a paper-level candidate localized to the canonical PDF; cross-paper adjudication and final evidence verification remain pending."
T2-D014-C01,D014,D-RDE-09,tier2,D,"Droplets close to the detonation wave undergo rapid evaporation and experience temperature spikes, while those further downstream encounter gradual temperature increases and slower evaporation rates.",model_based,model_based,RDE/detonation application,LOC-D014-0002,PAR-D014-0003,,,T2LINK-0037:D017:paper-level Tier 1 anchor,yes,active_candidate,"Evidence summary: Droplets close to the detonation wave undergo rapid evaporation and experience temperature spikes, while those further downstream encounter gradual temperature increases and slower evaporation rates. | Limitations: Claim is a paper-level candidate localized to the canonical PDF; cross-paper adjudication and final evidence verification remain pending."
T2-D014-C02,D014,D-RDE-09,tier2,D,(1) The proximity to the detonation wave and the longitudinal po - sition are key factors influencing droplet kinematics and spatial distribution.,model_based,model_based,RDE/detonation application,LOC-D014-0002,PAR-D014-0003,,,,yes,active_candidate,Evidence summary: (1) The proximity to the detonation wave and the longitudinal po - sition are key factors influencing droplet kinematics and spatial distribution. | Limitations: Claim is a paper-level candidate localized to the canonical PDF; cross-paper adjudication and final evidence verification remain pending.
T2-D014-C03,D014,D-RDE-09,tier2,D,"In contrast, the evapora - tion of trailing-edge droplets and the remaining droplets in the post-detonation zone is largely unaffected by the detonation wave.",model_based,model_based,RDE/detonation application,LOC-D014-0002,PAR-D014-0003,,,,yes,active_candidate,"Evidence summary: In contrast, the evapora - tion of trailing-edge droplets and the remaining droplets in the post-detonation zone is largely unaffected by the detonation wave. | Limitations: Claim is a paper-level candidate localized to the canonical PDF; cross-paper adjudication and final evidence verification remain pending."
T2-D015-C01,D015,D-RDE-10,tier2,D,This study conducted experimental study of kerosene/air two-phase rotating detonation.,author_interpretation,author_interpretation,RDE/detonation application,LOC-D015-0002,PAR-D015-0003,,,T2LINK-0038:D009:paper-level Tier 1 anchor,no,inventory_only_study_scope_statement,Evidence summary: This study conducted experimental study of kerosene/air two-phase rotating detonation. | Limitations: Claim is a paper-level candidate localized to the canonical PDF; cross-paper adjudication and final evidence verification remain pending. | Phase 10 inventory-only reason: study_scope_statement; original candidate is unchanged.
T2-D015-C02,D015,D-RDE-10,tier2,D,"(3) Steady-state measurements show that atomizer A1 & A2 have similar characteristic droplet sizes (~3 μ m), while A3 has the worst spray performance (~5 μ m).",author_interpretation,author_interpretation,RDE/detonation application,LOC-D015-0003,PAR-D015-0003,,,,yes,active_candidate,"Evidence summary: (3) Steady-state measurements show that atomizer A1 & A2 have similar characteristic droplet sizes (~3 μ m), while A3 has the worst spray performance (~5 μ m). | Limitations: Claim is a paper-level candidate localized to the canonical PDF; cross-paper adjudication and final evidence verification remain pending."
T2-D015-C03,D015,D-RDE-10,tier2,D,"The increasing direction of wavenumbers coincides with the decreasing direc - tion of characteristic droplet sizes of atomizer A1, and the wavenumber also increases with the rise of κ in reduced order numerical model.",author_interpretation,author_interpretation,RDE/detonation application,LOC-D015-0003,PAR-D015-0003,,,,yes,active_candidate,"Evidence summary: The increasing direction of wavenumbers coincides with the decreasing direc - tion of characteristic droplet sizes of atomizer A1, and the wavenumber also increases with the rise of κ in reduced order numerical model. | Limitations: Claim is a paper-level candidate localized to the canonical PDF; cross-paper adjudication and final evidence verification remain pending."
T2-D016-C01,D016,D-DW-01,tier2,D,The breakup dynamics of water droplets induced by detonation waves under varying diameters and Mach numbers were experimentally investigated in the present study.,author_interpretation,author_interpretation,RDE/detonation application,LOC-D016-0002,PAR-D016-0003,,,T2LINK-0039:D003:paper-level Tier 1 anchor,no,inventory_only_study_scope_statement,Evidence summary: The breakup dynamics of water droplets induced by detonation waves under varying diameters and Mach numbers were experimentally investigated in the present study. | Limitations: Claim is a paper-level candidate localized to the canonical PDF; cross-paper adjudication and final evidence verification remain pending. | Phase 10 inventory-only reason: study_scope_statement; original candidate is unchanged.
T2-D016-C02,D016,D-DW-01,tier2,D,"Finally, theoretical analysis and experimental results show that decreasing droplet diameter and increasing Mach number can accelerate the instability development and shorten the absolute breakup time.",author_interpretation,author_interpretation,RDE/detonation application,LOC-D016-0002,PAR-D016-0003,,,,yes,active_candidate,"Evidence summary: Finally, theoretical analysis and experimental results show that decreasing droplet diameter and increasing Mach number can accelerate the instability development and shorten the absolute breakup time. | Limitations: Claim is a paper-level candidate localized to the canonical PDF; cross-paper adjudication and final evidence verification remain pending."
T2-D016-C03,D016,D-DW-01,tier2,D,"Considering the complexity of the liquid-fuel detonation process, it is essential to study the breakup dynamics of droplets under the influence of detonation waves to enhance the fundamental understanding of their interactions.",author_interpretation,author_interpretation,RDE/detonation application,LOC-D016-0002,PAR-D016-0003,,,,no,inventory_only_research_motivation_statement,"Evidence summary: Considering the complexity of the liquid-fuel detonation process, it is essential to study the breakup dynamics of droplets under the influence of detonation waves to enhance the fundamental understanding of their interactions. | Limitations: Claim is a paper-level candidate localized to the canonical PDF; cross-paper adjudication and final evidence verification remain pending. | Phase 10 inventory-only reason: research_motivation_statement; original candidate is unchanged."
T3-A001-C01,A001,A-NG-01,tier3,A,"In this HPDI engine, raising gas injection pressure reduced PM mainly at high load, while low-load emissions and fuel consumption were comparatively insensitive.",direct_observation,reported result,Historical context for load-dependent pressure benefits.,LOC-A001-0002,PAR-A001-0001;PAR-A001-0002,,PROC-A001-001,T3LINK-0027:tier2:A002:T2-A002-C01,yes,active_candidate,"Evidence summary: Across the tested map, high-load PM mass/number fell and combustion duration shortened; effects diminished with engine speed. | Limitations: Engineand operating-map-specific; multiple higher-order interactions were significant."
T3-A003-C01,A003,A-NG-03,tier3,A,"Within the tested pilot-ignited direct-injection natural-gas engine, shorter injection interval and higher injection pressure changed peak heat release, combustion stability, and fuel economy.",experimental_correlation,independent_support,injection-to-combustion,LOC-A003-0001,None added in Phase 9.,,,T3LINK-0001:tier1:A020:PILOT-A020-C01;tier1:A020:PILOT-A020-C01,yes,active_candidate,"Evidence summary: The experimental parameter sweep reports coordinated combustion-response changes with injection interval, pilot pulse width, timing, and pressure. | Limitations: Engine-specific operating range; correlated parameter effects do not establish a universal optimum."
T3-A004-C01,A004,A-NG-04,tier3,A,Advancing natural-gas injection and increasing diesel rail pressure shifted combustion phasing and emissions at the two tested engine operating points.,experimental_correlation,redundant_support,injection-to-combustion,LOC-A004-0001,None added in Phase 9.,,,,no,historical_tier3_not_retained,"Evidence summary: The experiment reports timingand pressure-dependent changes in peak pressure, heat release, combustion duration, NOx, CO, THC, and fuel consumption. | Limitations: The result largely repeats timing/pressure trends already represented by stronger Tier 1/2 anchors and does not isolate a new mechanism."
T3-A006-C01,A006,A-NG-06,tier3,A,"Delaying the diesel pilot to create slightly premixed NG combustion greatly reduced PM, but stable low-PM operation required managing methane, NOx, pressure-rise, and cycle-variation tradeoffs.",direct_observation,reported result,Context for premixing-based soot control and its stability tradeoffs.,LOC-A006-0002,PAR-A006-0001;PAR-A006-0002,,PROC-A006-001,T3LINK-0028:tier2:A011:T2-A011-C01,yes,active_candidate,"Evidence summary: The optimized B75 point removed over 90% PM with about 2% efficiency improvement at similar NOx/methane, but increased cycle variation and peak pressure-rise rate. | Limitations: Optimized at one mode; CFD did not correctly predict premixed NG ignition."
T3-A008-C01,A008,A-NG-08,tier3,A,The CFD study found a temperature/premixing boundary between mixing-limited and chemistry-limited HPDF combustion and reproduced low-temperature crossing-jet misfire when the gas jet covered the pilot’s preferred ignition region.,simulation_resolved,reported result,Context for regime-dependent model fidelity and interaction-driven misfire.,LOC-A008-0003,PAR-A008-0001;PAR-A008-0002,,PROC-A008-001,T3LINK-0029:tier1:A007:T1-A007-C01,yes,active_candidate,Evidence summary: Detailed-chemistry simulations matched RCEM ignition/HRR trends and isolated the H2O2/first-stage-ignition failure mechanism. | Limitations: Model validation used an RCEM abstraction and reduced injector geometry; A008 machine metadata identity coverage was 0.9091 but PDF identity was visually verified.
T3-A010-C01,A010,A-NG-10,tier3,A,"In the validated 3D model, natural-gas pre-injection increased premixing and reduced soot and CO, with pressure-rise and NOx tradeoffs dependent on pre-injection proportion, timing, and EGR.",model_based,mechanism_support,injection-to-combustion,LOC-A010-0001,None added in Phase 9.,,,T3LINK-0002:tier1:A030:T1-A030-C01;tier1:A030:T1-A030-C01,yes,active_candidate,Evidence summary: Cell fields and species traces connect the pre-injection strategy to larger lean/high-OH regions and lower soot/CO formation. | Limitations: Model-resolved engine evidence; the optimum depends on the modeled combustion mode and EGR setting.
T3-A015-C01,A015,A-NG-15,tier3,A,"The model predicts an intermediate natural-gas spray angle that improves bowl-vortex-driven mixture stratification and soot performance, whereas excessive angle promotes fuel accumulation and worsens soot.",model_based,redundant_support,injection-to-combustion,LOC-A015-0001,None added in Phase 9.,,,,no,historical_tier3_not_retained,Evidence summary: Numerical comparisons across two combustion modes show a non-monotonic spray-angle response conditioned by chamber geometry and injection pressure. | Limitations: Geometry-specific numerical optimization with limited transferability and substantial overlap with existing injector-design evidence.
T3-A017-C01,A017,A-NG-17,tier3,A,"Commercial-engine tests show that larger injector flow area can strengthen turbulence and mixture formation, but excessive dispersion increases wall impingement and unburned hydrocarbons.",experimental_correlation,additional_scale,injection-to-combustion,LOC-A017-0001,None added in Phase 9.,,,T3LINK-0003:tier1:A030:T1-A030-C02;tier1:A030:T1-A030-C02,yes,active_candidate,Evidence summary: Five injector designs and a 200-300 bar pressure sweep resolve a beneficial-to-adverse dispersion transition. | Limitations: One medium-to-high-load engine condition; design variables are coupled.
T3-A019-C01,A019,A-H2-02,tier3,A,"In the retrofitted H2DDI engine, early hydrogen injection produced predominantly premixed combustion, while late injection produced mixing-controlled hydrogen diffusion combustion with a crossover near the intermediate timing range.",experimental_correlation,independent_support,injection-to-combustion,LOC-A019-0001,None added in Phase 9.,,,T3LINK-0004:tier1:A030:T1-A030-C01;tier1:A030:T1-A030-C01,yes,active_candidate,"Evidence summary: A timing and hydrogen-energy-fraction sweep links mixture preparation to heat-release shape, efficiency, and NOx tradeoffs. | Limitations: The crossover timing and performance tradeoff are specific to this engine, load, speed, and fixed combustion phasing."
T3-A023-C01,A023,A-H2-06,tier3,A,"In the tested split-injection strategy, early first hydrogen injection promoted a homogeneous premixed mixture, while later or higher-energy second injection increased stratification and mixing-controlled behavior.",experimental_correlation,additional_condition,injection-to-combustion,LOC-A023-0001,None added in Phase 9.,,,T3LINK-0005:tier1:A026:T1-A026-C02;tier1:A026:T1-A026-C02,yes,active_candidate,Evidence summary: The experiment independently varies the timing and energy fraction of the two hydrogen injections at fixed total energy and combustion phasing. | Limitations: Small-bore single-cylinder engine and fixed intermediate load; the roles are strategy-specific.
T3-A027-C01,A027,A-R-01,tier3,A,"The review organizes pilot-ignited HPDI natural-gas performance around injection timing, pressure, pilot-to-gas interval, injector design, load range, and gas composition.",review_secondary,review_secondary,injection-to-combustion,LOC-A027-0001,None added in Phase 9.,,,T3LINK-0006:tier1:A030:T1-A030-C01;tier1:A030:T1-A030-C01,yes,active_candidate,Evidence summary: A secondary synthesis maps the principal controllable factors and their reported combustion/emission tradeoffs. | Limitations: Secondary evidence only; heterogeneous cited definitions and conditions must be checked against primary papers before quantitative use.
T3-B001-C01,B001,B-T-01,tier3,B,The validated simulations reproduce Mach-disk and potential-core scales and identify a downstream location beyond the shock cells but before the end of the potential core for far-field initialization.,model_based,additional_method,underexpanded-jet physics,LOC-B001-0001,None added in Phase 9.,,,T3LINK-0007:tier1:B004:T1-B004-C02;tier1:B004:T1-B004-C02,yes,active_candidate,"Evidence summary: Near-field gas-dynamic predictions are compared with measurements and correlations, then used to propose far-field initial conditions. | Limitations: Safety-release configurations and model validation ranges; not an engine-transient experiment."
T3-B006-C01,B006,B-H2-01,tier3,B,"Transient underexpanded hydrogen jets showed expansion-wave spacing that scaled with exit-to-chamber pressure ratio, while tip penetration increased with injection pressure and decreased with chamber density.",direct_observation,reported result,Historical transient-jet scaling context.,LOC-B006-0002,PAR-B006-0001;PAR-B006-0002,,PROC-B006-001,T3LINK-0030:tier1:B021:T1-B021-C01,yes,active_candidate,Evidence summary: High-speed schlieren resolved waves and penetration; a nitrogen-in-nitrogen control separated wave structure from species mixing. | Limitations: Quiescent chamber and far-field similarity treatment; virtual-origin/near-field corrections remained uncertain.
T3-B010-C01,B010,B-H2-05,tier3,B,"At the same NPR, LES predicts similar Mach-barrel size for hydrogen and nitrogen but markedly different downstream shock cells, potential-core length, instability mode, and mixing development.",simulation_resolved,additional_fuel_or_species,underexpanded-jet physics,LOC-B010-0001,None added in Phase 9.,,,T3LINK-0008:tier1:B009:T1-B009-C02;tier1:B009:T1-B009-C02,yes,active_candidate,Evidence summary: Matched-NPR simulations isolate gas-species-dependent density and instability effects after the Mach disk. | Limitations: One matched NPR and Reynolds-number range; gas properties remain coupled.
T3-B014-C01,B014,B-H2-09,tier3,B,"For the outward-opening hydrogen injector, jet asymmetry and penetration constant evolve during valve opening and approach stable ranges, while axial concentration remains nonuniform downstream.",direct_observation,additional_condition,underexpanded-jet physics,LOC-B014-0001,None added in Phase 9.,,,T3LINK-0009:tier1:B029:PILOT-B029-C01;tier1:B029:PILOT-B029-C01,yes,active_candidate,"Evidence summary: High-speed schlieren analysis separates a developing phase from a self-similar phase and reports stabilized asymmetry, penetration, and concentration metrics. | Limitations: Optical concentration inference and injector-specific geometry; no direct Mach-disk measurement is used for the claim."
T3-B015-C01,B015,B-H2-10,tier3,B,"For the outward-opening injector, increasing pressure ratio increased axial/radial penetration and jet volume, while the reported entrainment rate decreased and spread angle was comparatively insensitive except at low ratios.",experimental_correlation,additional_condition,underexpanded-jet physics,LOC-B015-0001,None added in Phase 9.,,,T3LINK-0010:tier1:B028:T1-B028-C01;tier1:B028:T1-B028-C01,yes,active_candidate,Evidence summary: Schlieren-derived jet metrics across pressure ratios 10-140 show geometry-specific penetration and entrainment scaling. | Limitations: Outward-opening injector only; pressure-ratio definition and evolving chamber pressure limit direct comparison with steady round jets.
T3-B018-C01,B018,B-NG-03,tier3,B,"The transient methane jet passed through subsonic, moderately underexpanded, and Mach-disk/barrel-shock topologies as injector/NPR conditions evolved; higher chamber pressure reduced penetration and increased cone angle.",direct_observation,reported result,Context for transient topology rather than steady NPR classification.,LOC-B018-0002,PAR-B018-0001;PAR-B018-0002,,PROC-B018-001,T3LINK-0031:tier1:B021:T1-B021-C02,yes,active_candidate,"Evidence summary: Schlieren and LES agreed on penetration and Mach-disk position, with early-time discrepancies attributed to injector-opening uncertainty. | Limitations: Single injector and low absolute injection-pressure range; LES opening transient uncertain."
T3-B020-C01,B020,B-NG-05,tier3,B,"The measured high-pressure methane jet separates into a near-nozzle shock-affected zone with force/impulse fluctuations and negligible entrainment, followed by a downstream zone with weaker shock influence and conserved impulse.",direct_observation,boundary_evidence,underexpanded-jet physics,LOC-B020-0001,None added in Phase 9.,,,T3LINK-0011:tier1:B004:T1-B004-C01;tier1:B004:T1-B004-C01,yes,active_candidate,"Evidence summary: Impact-force, impulse, and mass-flow measurements identify two spatial regimes relevant to injector placement and ignition avoidance. | Limitations: Single-hole methane injector and force-based zone definition; not directly equivalent to hydrogen optical-zone metrics."
T3-B022-C01,B022,B-E-02,tier3,B,"Non-axisymmetric hydrogen-jet exit shapes generate different shock systems and nonuniform radial expansion, with axis switching and mixing/penetration differences correlated with boundary vorticity.",simulation_resolved,additional_condition,underexpanded-jet physics,LOC-B022-0001,None added in Phase 9.,,,T3LINK-0012:tier1:B028:T1-B028-C02;tier1:B028:T1-B028-C02,yes,active_candidate,"Evidence summary: Triangular, star, elliptical, and rectangular sections are compared under a common numerical framework. | Limitations: Numerical free-jet configurations; shape and aspect-ratio effects are coupled."
T3-B025-C01,B025,B-E-05,tier3,B,"The simulations report larger Mach-disk dimensions and jet volume with increasing pressure ratio, with principal mixing downstream of the Mach disk and along turbulent jet boundaries.",simulation_resolved,additional_method,underexpanded-jet physics,LOC-B025-0001,None added in Phase 9.,,,T3LINK-0013:tier1:B009:T1-B009-C01;tier1:B009:T1-B009-C01,yes,active_candidate,"Evidence summary: Hydrogen cases are validated against measurements and decomposed to identify coherent mixing structures, with methane used as a comparison. | Limitations: CFD method and transitional regime; quantitative comparison requires compatible pressure definitions and geometry."
T3-B026-C01,B026,B-E-06,tier3,B,"The open URANS-WENO implementation reproduces barrel-shock, cone-angle, and hydrogen-air mixing trends for NPR 8.5-30 while targeting lower-cost engine-cycle analysis.",model_based,additional_method,underexpanded-jet physics,LOC-B026-0001,None added in Phase 9.,,,,no,historical_tier3_not_retained,Evidence summary: Pressure-based compressible URANS results are compared with experimental and LES data to define method capability and limits. | Limitations: Primarily methodological and substantially overlaps the established fidelity-cost framework; no new physical mechanism is isolated.
T3-B027-C01,B027,B-E-07,tier3,B,"Validated LES indicates that hydrogen enhances mixing outside the jet core through baroclinic effects, while pressure ratio and round-versus-annular geometry reorganize coherent structures and mixture formation.",simulation_resolved,mechanism_support,underexpanded-jet physics,LOC-B027-0001,None added in Phase 9.,,,T3LINK-0014:tier1:B028:T1-B028-C01;tier1:B028:T1-B028-C01,yes,active_candidate,Evidence summary: PIV/schlieren validation and flow-structure analysis separate shock-core similarity from speciesand geometry-dependent turbulent mixing. | Limitations: Free nonreacting jets; baroclinic attribution is simulation-based and configuration-dependent.
T3-C003-C01,C003,C-F-03,tier3,C,"The review organizes secondary atomization evidence around breakup morphology, breakup time, fragment distributions, and modelling, and concludes that viscous shear has little direct role for liquid drops in a gaseous environment.",review_secondary,review_secondary,shock-droplet response,LOC-C003-0001,None added in Phase 9.,,,T3LINK-0015:tier1:C007:T1-C007-C03;tier1:C007:T1-C007-C03,yes,active_candidate,Evidence summary: A secondary synthesis connects experimental and numerical observations to a consistent breakup framework. | Limitations: Review-secondary evidence predating much of the modern compressible/shock literature; primary sources are not promoted.
T3-C005-C01,C005,C-F-05,tier3,C,"Across moderate Weber numbers, the bag-to-shear transition was governed by whether capillary retraction stabilized the rim or aerodynamic shear stripped it downstream, with multibag breakup observed in the intervening band.",simulation_resolved,reported result,Context for breakup-regime/rim-dynamics interpretation.,LOC-C005-0003,PAR-C005-0001;PAR-C005-0002,,PROC-C005-001,T3LINK-0032:tier2:C036:T2-C036-C01,yes,active_candidate,Evidence summary: 3D VOF and experiments agreed on modes; multibag appeared around 65<We<85 and shear behavior at We=120. | Limitations: Continuous-air-jet forcing differs from finite-duration shock loading.
T3-C008-C01,C008,C-SD-01,tier3,C,"For the simulated early breakup of water cylinders, transition to supersonic post-shock flow did not markedly change scaled drift, acceleration, or drag, and deformed diameter improved the near-constant drag representation.",simulation_resolved,boundary_evidence,shock-droplet response,LOC-C008-0001,None added in Phase 9.,,,T3LINK-0016:tier1:C007:T1-C007-C02;tier1:C007:T1-C007-C02,yes,active_candidate,Evidence summary: Numerical reproduction of shock-tube experiments extends the incident-Mach range and tests early-stage scaling across the sonic transition. | Limitations: Two-dimensional water-cylinder geometry and early breakup only; this does not adjudicate later supersonic compressibility effects.
T3-C009-C01,C009,C-SD-02,tier3,C,"The coupled compressible/incompressible simulations reproduce bag, bag-stamen, and multimode breakup and attribute morphology across the studied Weber range primarily to Rayleigh-Taylor instability.",simulation_resolved,mechanism_support,shock-droplet response,LOC-C009-0001,None added in Phase 9.,,,T3LINK-0017:tier1:C025:T1-C025-C01;tier1:C025:T1-C025-C01,yes,active_candidate,"Evidence summary: Interface-resolved supersonic-flow cases vary Weber number while preserving Ohnesorge context. | Limitations: Numerical method, reduced density-ratio strategy, and the tested Weber range bound the RT interpretation."
T3-C011-C01,C011,C-SD-04,tier3,C,The simulated droplet internal-flow topology formed soon after shock passage and retained a nearly stationary saddle point whose position correlated with incident shock Mach number.,model_based,reported result,Context for early shock imprint on later deformation.,LOC-C011-0002,PAR-C011-0001;PAR-C011-0002,,PROC-C011-001,T3LINK-0033:tier1:D019:T1-D019-C03,yes,active_candidate,Evidence summary: Numerical trajectories collapsed under the proposed scaling and agreed with the theoretical correlation. | Limitations: Single water droplet and numerical/theoretical evidence; later breakup was not the main focus.
T3-C012-C01,C012,C-SD-05,tier3,C,"The high-magnification, high-speed shadowgraph method resolves the full breakup evolution and detailed sheet, ligament, and secondary-droplet structures that conventional shadowgraphy misses at high Weber number.",direct_observation,additional_method,shock-droplet response,LOC-C012-0001,None added in Phase 9.,,,T3LINK-0018:tier1:C016:PILOT-C016-C01;tier1:C016:PILOT-C016-C01,yes,active_candidate,Evidence summary: A long-distance microscope and short-pulse fluorescence backlight reduce coherence artifacts and improve spatial/temporal resolution of the breakup zone. | Limitations: Short optical-method paper; diagnostic capability rather than a complete regime map.
T3-C013-C01,C013,C-SD-06,tier3,C,"Validated three-dimensional simulations and experiments show recurrent ligament formation after liquid-sheet rupture; the first shedding is weakly Weber-dependent, while later shedding is driven mainly by inertia and wake-vortex dynamics.",simulation_resolved,mechanism_support,shock-droplet response,LOC-C013-0001,None added in Phase 9.,,,T3LINK-0019:tier1:C007:T1-C007-C03;tier1:C007:T1-C007-C03,yes,active_candidate,Evidence summary: Fourier decomposition identifies azimuthal modes that destabilize the sheet and repeated shedding events. | Limitations: Water-droplet aerobreakup in the studied high-speed regime; later fragment statistics remain outside the claim.
T3-C021-C01,C021,C-ST-01,tier3,C,The multiscale two-fluid framework represents all SIE breakup stages and the late dense mist across three incident-shock Mach numbers at lower cost than fully interface-resolved treatment.,model_based,additional_method,shock-droplet response,LOC-C021-0001,None added in Phase 9.,,,,no,historical_tier3_not_retained,Evidence summary: A sharp interface for the parent structure is coupled to subgrid treatment of dispersed fragments. | Limitations: Primarily a computational-method contribution and substantially overlaps existing SIE mechanism evidence.
T3-C027-C01,C027,C-PC-01,tier3,C,"The observed locally supersonic droplet vaporization is bounded by relative Mach number, bow-shock static-pressure rise, and test-liquid vapor pressure; lower shock pressure rise and higher volatility favor superheating effects.",author_interpretation,boundary_evidence,shock-droplet response,LOC-C027-0001,None added in Phase 9.,,,T3LINK-0020:tier1:C024:T1-C024-C01;tier1:C024:T1-C024-C01,yes,active_candidate,Evidence summary: The experiment compares its relative-Mach/pressure environment with earlier higher-pressure-rise studies to explain differing vaporization behavior. | Limitations: Interpretation combines direct observations with bow-shock estimates and cross-study comparison; definitions and liquids differ.
T3-C028-C01,C028,C-PC-02,tier3,C,"The sharp-interface RS-GFM couples liquid and gas through interfacial pressure/normal-velocity jumps including phase change, surface tension, viscous stress, and Marangoni effects, enabling shock-induced vaporization-rate simulations.",model_based,additional_method,shock-droplet response,LOC-C028-0001,None added in Phase 9.,,,T3LINK-0021:tier1:C031:PILOT-C031-C01;tier1:C031:PILOT-C031-C01,yes,active_candidate,Evidence summary: Benchmark validation and 2D/3D shock-droplet simulations demonstrate a complementary numerical representation of first-order interface physics. | Limitations: Method-validation study; quantitative vaporization rates remain modeland resolution-dependent.
T3-C032-C01,C032,C-PC-06,tier3,C,"For modeled n-decane droplets at We 15-90 and 600-1000 K, heating lowers surface tension and promotes breakup, especially at lower Weber number and higher gas temperature; lower volatility also leaves the liquid more breakup-prone than n-heptane.",model_based,additional_fuel_or_species,shock-droplet response,LOC-C032-0001,None added in Phase 9.,,,T3LINK-0022:tier2:C030:T2-C030-C02;tier2:C030:T2-C030-C02,yes,active_candidate,Evidence summary: Non-isothermal cases are compared with isothermal constant-property cases and with a more volatile hydrocarbon. | Limitations: Two-dimensional axisymmetric incompressible-gas model at atmospheric pressure; not a direct shock-loading case.
T3-D001-C01,D001,D-IC-01,tier3,D,High ambient temperature and density suppressed diesel-spray shock generation by raising sound speed and decelerating the spray during injection-rate ramp-up; typical near-TDC conditions were therefore unlikely to produce spray shocks.,direct_observation,reported result,Boundary conditions for injector-generated shocks in engines.,LOC-D001-0002,PAR-D001-0001;PAR-D001-0002,,PROC-D001-001,,yes,active_candidate,Evidence summary: Schlieren distinguished attached/detached shocks from weak acoustic waves across the ambient matrix. | Limitations: 150 MPa single-hole injector and vessel conditions; conventional multi-hole injectors have slower ramp-up.
T3-D004-C01,D004,D-IC-04,tier3,D,"Schlieren experiments show that reflected shocks suppress radial spray growth, cone angle, volume, and air entrainment while having little effect on spray-tip penetration.",direct_observation,boundary_evidence,detonation/RDE application,LOC-D004-0001,None added in Phase 9.,,,T3LINK-0023:tier2:D005:T2-D005-C01;tier2:D005:T2-D005-C01,yes,active_candidate,Evidence summary: N2 and SF6 atmospheres and injection-angle comparisons separate radial-interface deformation from axial penetration. | Limitations: Engine-inspired chamber and reflected-wave configuration; the result is not equivalent to isolated-droplet planar-shock loading.
T3-D006-C01,D006,D-RDE-01,tier3,D,"In the two-dimensional RDC model, n-heptane droplet diameter and prevaporized fraction control whether droplets survive beyond the refill zone, the detonated fuel fraction, and a 5-30% detonation-speed deficit, with a non-monotonic minimum near the reported critical diameter.",model_based,additional_fuel_or_species,detonation/RDE application,LOC-D006-0001,None added in Phase 9.,,,T3LINK-0024:tier1:D009:PILOT-D009-C02;tier1:D009:PILOT-D009-C02,yes,active_candidate,Evidence summary: The Eulerian-Lagrangian study classifies droplet trajectories by evaporation/residence time and wave-structure interaction under hydrogen addition. | Limitations: Simplified two-dimensional chemistry/flow model; the reported critical diameter is case-specific.
T3-D008-C01,D008,D-RDE-03,tier3,D,"The simulations show complete refill-zone vaporization for very small droplets, destabilization/extinction as larger droplets persist and block replenishment, and stabilization when a small-droplet fraction is present in bidisperse sprays.",model_based,additional_condition,detonation/RDE application,LOC-D008-0001,None added in Phase 9.,,,T3LINK-0025:tier1:D009:PILOT-D009-C02;tier1:D009:PILOT-D009-C02,yes,active_candidate,"Evidence summary: Monodisperse and bidisperse n-heptane cases connect size distribution to refill-zone equivalence ratio, fuel fraction, wave speed, and extinction. | Limitations: Two-dimensional Eulerian-Lagrangian model without fuel prevaporization; size thresholds are configuration-specific."
T3-D012-C01,D012,D-RDE-07,tier3,D,"The ethanol RDE simulations resolve initial refill-zone evaporation followed by droplet-size-dependent secondary/post-detonation evaporation; these stages broaden the reaction zone and participate in extinction, local explosion, shock collision, and changes in wave multiplicity.",model_based,additional_fuel_or_species,detonation/RDE application,LOC-D012-0001,None added in Phase 9.,,,T3LINK-0026:tier1:D009:PILOT-D009-C02;tier1:D009:PILOT-D009-C02,yes,active_candidate,Evidence summary: Droplet size and inlet conditions are varied in an Eulerian-Lagrangian model with simultaneous vapor and liquid ethanol injection. | Limitations: Numerical ethanol configuration with prevaporized co-injection; wave-multiplicity transitions are case-specific.
